H,model,lam,train_obj,val_mse,val_mae,test_mse,test_mae
96,Linear,0.0,0.3700635625411655,0.2326224378542291,0.3398951935250837,0.3151470538032347,0.3775895445346382
96,Linear,0.01,0.3700635932667854,0.2326224262110897,0.33989518331840934,0.3151470414305411,0.3775895371695026
96,Linear,0.0112202,0.3700635970159169,0.2326224247904112,0.339895182073006,0.3151470399208427,0.37758953627082326
96,Linear,0.0125893,0.37006360122254967,0.23262242319637294,0.3398951806756293,0.3151470382269217,0.3775895352625379
96,Linear,0.0141254,0.3700636059422959,0.23262242140790276,0.33989517910780614,0.3151470363263853,0.3775895341312659
96,Linear,0.0158489,0.37006361123783477,0.23262241940125128,0.3398951773487164,0.315147034193996,0.37758953286198416
96,Linear,0.0177828,0.37006361717983355,0.23262241714964238,0.3398951753748862,0.31514703180129966,0.3775895314377551
96,Linear,0.0199526,0.3700636238466406,0.23262241462339017,0.3398951731602908,0.3151470291167502,0.3775895298398003
96,Linear,0.0223872,0.3700636313270504,0.2326224117888511,0.33989517067543545,0.3151470261045958,0.37758952804683776
96,Linear,0.0251189,0.37006363972030326,0.23262240860842437,0.33989516788735613,0.3151470227248792,0.3775895260350817
96,Linear,0.0281838,0.37006364913731477,0.23262240504008658,0.33989516475921067,0.31514701893294345,0.3775895237779487
96,Linear,0.0316228,0.3700636597037473,0.23262240103622772,0.33989516124925945,0.31514701467819506,0.3775895212453209
96,Linear,0.0354813,0.37006367155908876,0.23262239654400124,0.3398951573111706,0.31514700990447536,0.37758951840376725
96,Linear,0.0398107,0.37006368486126023,0.23262239150357822,0.3398951528924904,0.3151470045482058,0.37758951521553147
96,Linear,0.0446684,0.37006369978661635,0.23262238584814832,0.3398951479346431,0.315146998538389,0.37758951163826737
96,Linear,0.0501187,0.37006371653270936,0.23262237950287284,0.3398951423720132,0.31514699179549566,0.3775895076246397
96,Linear,0.0562341,0.3700637353222831,0.23262237238337313,0.33989513613061934,0.3151469842298585,0.3775895031213002
96,Linear,0.0630957,0.37006375640450107,0.232622364395266,0.33989512912770636,0.3151469757411783,0.3775894980685021
96,Linear,0.0707946,0.37006378005924667,0.23262235543253654,0.33989512127031846,0.31514696621679517,0.3775894923991747
96,Linear,0.0794328,0.3700638065998873,0.23262234537649282,0.3398951124543811,0.31514695553057687,0.37758948603822473
96,Linear,0.0891251,0.3700638363791101,0.23262233409355765,0.3398951025627648,0.3151469435405725,0.3775894789011386
96,Linear,0.1,0.3700638697916852,0.23262232143422515,0.3398950914644166,0.31514693008790357,0.3775894708933211
96,Linear,0.112202,0.37006390728152977,0.23262230723038868,0.33989507901187355,0.3151469149939241,0.3775894619085763
96,Linear,0.125893,0.3700639493460054,0.23262229129371842,0.33989506503997496,0.31514689805849566,0.37758945182799536
96,Linear,0.141254,0.37006399654113753,0.23262227341369052,0.3398950493641743,0.31514687905789374,0.3775894405183721
96,Linear,0.158489,0.37006404949359234,0.2326222533530589,0.33989503177655156,0.3151468577399947,0.37758942783001576
96,Linear,0.177828,0.3700641089098866,0.232622230844377,0.3398950120423889,0.31514683382057856,0.37758941359311454
96,Linear,0.199526,0.3700641755733072,0.232622205591179,0.33989498990157135,0.3151468069845842,0.3775893976203188
96,Linear,0.223872,0.37006425037155083,0.23262217725752674,0.3398949650601902,0.3151467768749995,0.37758937969980144
96,Linear,0.251189,0.37006433429671065,0.23262214546803697,0.3398949371886141,0.31514674309288976,0.3775893595940395
96,Linear,0.281838,0.3700644284575486,0.23262210980326098,0.3398949059216499,0.3151467051924857,0.37758933703880604
96,Linear,0.316228,0.37006453411019535,0.23262206978809113,0.33989487083991105,0.3151466626688617,0.3775893117333375
96,Linear,0.354813,0.3700646526489069,0.23262202489530634,0.3398948314820192,0.3151466149617008,0.37758928334296227
96,Linear,0.398107,0.37006478565211287,0.23262197452818809,0.33989478732353134,0.31514656143681835,0.37758925149346606
96,Linear,0.446684,0.3700649348823726,0.23262191802060736,0.3398947377804363,0.3151465013862501,0.37758921576059934
96,Linear,0.501187,0.37006510231397033,0.2326218546266631,0.3398946822039269,0.31514643401723674,0.3775891756771159
96,Linear,0.562341,0.3700652901727819,0.232621783505698,0.33989461985558905,0.3151463584362937,0.37758913071138495
96,Linear,0.630957,0.37006550094847657,0.23262170371782007,0.3398945499119415,0.31514627364444464,0.37758908026896654
96,Linear,0.707946,0.3700657374374144,0.23262161420783845,0.33989447145889373,0.3151461785201402,0.37758902368418984
96,Linear,0.794328,0.37006600277015533,0.23262151379507223,0.33989438344801176,0.3151460718084157,0.37758896021238975
96,Linear,0.891251,0.3700663004696503,0.23262140115160646,0.3398942847097458,0.315145952097768,0.3775888890119408
96,Linear,1.0,0.370066634478667,0.23262127479226535,0.33989417395234583,0.31514581780948103,0.3775888091505756
96,Linear,1.12202,0.3700670092301618,0.2326211330484291,0.3398940497122986,0.3151456671697754,0.37758871957758955
96,Linear,1.25893,0.3700674296899343,0.2326209740524559,0.3398939103395516,0.31514549819322324,0.3775886191020479
96,Linear,1.41254,0.37006790140840884,0.23262079571879224,0.33989375401613936,0.3151453086626353,0.37758850640812386
96,Linear,1.58489,0.370068430639861,0.23262059569977142,0.33989357869277964,0.3151450960820368,0.37758838001930256
96,Linear,1.77828,0.3700690244338485,0.23262037135217464,0.3398933820577258,0.31514485764106837,0.3775882382647736
96,Linear,1.99526,0.37006969060365147,0.23262011975053995,0.3398931615477845,0.31514459022905655,0.37758807933845623
96,Linear,2.23872,0.37007043800152856,0.23261983758491894,0.339892914261297,0.3151442903262525,0.37758790111187024
96,Linear,2.51189,0.3700712765173415,0.23261952116362083,0.3398926369411722,0.3151439540066286,0.3775877012151496
96,Linear,2.81838,0.3700722171996542,0.23261916637023597,0.339892326034805,0.31514357689205247,0.37758747709569757
96,Linear,3.16228,0.37007327256050954,0.23261876855214667,0.3398919774216082,0.3151431540335966,0.37758722583616977
96,Linear,3.54813,0.3700744564806465,0.23261832256064263,0.33989158657989077,0.31514267995394213,0.37758694422989775
96,Linear,3.98107,0.3700757846664066,0.23261782258419228,0.3398911484827962,0.31514214846985805,0.37758662858198067
96,Linear,4.46684,0.3700772746454173,0.2326172621570177,0.33989065755704984,0.3151415527009417,0.37758627492813746
96,Linear,5.01187,0.370078946037348,0.2326166340657716,0.33989010736786496,0.3151408849699508,0.37758587871926896
96,Linear,5.62341,0.3700808209458356,0.23261593021306798,0.33988949093939524,0.31514013665713697,0.37758543478541623
96,Linear,6.30957,0.370082924072604,0.23261514158829513,0.33988880034672836,0.31513929816847813,0.377584937583239
96,Linear,7.07946,0.3700852831359964,0.23261425812760173,0.3398880267050712,0.3151383587858977,0.37758438102986874
96,Linear,7.94328,0.37008792913340743,0.23261326863692908,0.33988716009501685,0.31513730658427375,0.37758375820480616
96,Linear,8.91251,0.37009089690655034,0.23261216060728476,0.3398861898600025,0.3151361282335662,0.37758306136387193
96,Linear,10.0,0.37009422539592435,0.2326109201533016,0.33988510392620425,0.31513480893166357,0.3775822817062425
96,Linear,11.2202,0.37009795831845055,0.2326095318024333,0.3398838881167631,0.31513333217792616,0.37758140945797564
96,Linear,12.5893,0.3701021445625575,0.2326079784005069,0.33988252719392864,0.31513167966989003,0.3775804339465344
96,Linear,14.1254,0.37010683866677024,0.23260624099902472,0.33988100523204723,0.31512983117987553,0.37757934346362426
96,Linear,15.8489,0.3701121019597359,0.23260429851439635,0.3398793031849617,0.31512776418804894,0.37757812562062554
96,Linear,17.7828,0.37011800341032175,0.23260212751739864,0.3398774020186244,0.3151254536528146,0.3775767664451866
96,Linear,19.9526,0.3701246192409649,0.2325997025020466,0.33987527899138537,0.3151228722901327,0.3775752502818613
96,Linear,22.3872,0.37013203557139035,0.23259699507165058,0.33987290889168154,0.31511998969873034,0.3775735592786198
96,Linear,25.1189,0.370140348289079,0.23259397418515562,0.33987026486242417,0.3151167726116327,0.3775716765981495
96,Linear,28.1838,0.37014966410924344,0.23259060601159187,0.3398673181105105,0.31511318472823446,0.3775695801438714
96,Linear,31.6228,0.3701601034156711,0.2325868532035485,0.33986403745181376,0.3151091859241663,0.37756724642874834
96,Linear,35.4813,0.37017179910024844,0.2325826756891694,0.3398603897882835,0.3151047330749847,0.37756465374105674
96,Linear,39.8107,0.3701849008058673,0.23257802960731333,0.3398563391738762,0.31509977889686913,0.37756177603177776
96,Linear,44.6684,0.37019957453815117,0.23257286801592122,0.33985184333623747,0.3150942726711901,0.37755858613198207
96,Linear,50.1187,0.3702160049144275,0.23256714078121493,0.3398468560255702,0.3150881600896935,0.3775550573240095
96,Linear,56.2341,0.370234398493486,0.23256079425941753,0.33984133257692484,0.31508138286946374,0.3775511583955562
96,Linear,63.0957,0.3702549842446412,0.23255377216866943,0.3398352283833952,0.3150738796283889,0.3775468558286344
96,Linear,70.7946,0.3702780168530624,0.23254601569772282,0.3398284912608038,0.3150655859349262,0.3775421173578526
96,Linear,79.4328,0.3703037783045475,0.2325374644731991,0.339821074153625,0.31505643526183813,0.3775369145555867
96,Linear,89.1251,0.37033258219289145,0.23252805692968384,0.3398129372372885,0.3150463592858712,0.3775312199233717
96,Linear,100.0,0.3703647747186054,0.23251773215017682,0.33980403110747853,0.3150352897431595,0.3775250066987299
96,Linear,112.202,0.37040073946420865,0.2325064308858152,0.3397943041172674,0.31502315938667536,0.3775182636464934
96,Linear,125.893,0.3704408990267895,0.232494098078015,0.3397837137605871,0.3150099045322506,0.37751095580038113
96,Linear,141.254,0.37048571701433797,0.23248068574494646,0.33977223344088353,0.31499546797643374,0.3775030799900582
96,Linear,158.489,0.3705357057984353,0.2324661547389947,0.3397598254230111,0.3149798006745887,0.3774946218799402
96,Linear,177.828,0.3705914307442662,0.2324504783567808,0.3397464766561728,0.3149628653802448,0.3774856180907259
96,Linear,199.526,0.3706535020648664,0.23243365000562208,0.3397321923053741,0.3149446446511607,0.37747607852999066
96,Linear,223.872,0.3707225944071322,0.23241568377051738,0.33971699490537915,0.3149251411689498,0.3774660482105471
96,Linear,251.189,0.3707994392155638,0.2323966233708175,0.33970096053131277,0.3149043871122121,0.3774556101723417
96,Linear,281.838,0.37088482731284905,0.2323765486939659,0.3396841978504957,0.31488245093074685,0.3774448909891187
96,Linear,316.228,0.37097962638529264,0.2323555796624729,0.33966685219894444,0.3148594412025156,0.37743399895639584
96,Linear,354.813,0.37108476042987115,0.23233388945628136,0.33964903790464235,0.31483552075743015,0.3774231069975545
96,Linear,398.107,0.3712012368767019,0.23231170728617095,0.3396310537531539,0.31481090942008705,0.3774124746706488
96,Linear,446.684,0.37133012999257614,0.23228933094370147,0.33961313558396306,0.3147858975841242,0.37740235553404056
96,Linear,501.187,0.3714725865444084,0.23226713416482175,0.33959562636357465,0.3147608542485607,0.3773931471762564
96,Linear,562.341,0.37162983856307386,0.2322455731465678,0.33957901769179655,0.31473623422956903,0.3773853703006159
96,Linear,630.957,0.371803189284706,0.23222519671884148,0.3395638506409356,0.3147125897340182,0.37737956644514453
96,Linear,707.946,0.3719940217799931,0.23220665195006585,0.33955072449288815,0.31469057709433307,0.3773763152190265
96,Linear,794.328,0.37220379101658785,0.232190690733396,0.33954043266664047,0.314670964998472,0.37737637451834466
96,Linear,891.251,0.3724340364479999,0.23217817316634112,0.3395338810081897,0.3146546393548057,0.3773805644672652
96,Linear,1000.0,0.3726863656913396,0.23217007183119,0.339531882080099,0.31464260978295755,0.3773897511660549
96,Linear,1122.02,0.372962467012959,0.23216747258882506,0.33953547895733555,0.31463601234385696,0.37740483545133535
96,Linear,1258.93,0.3732640953158529,0.23217157515278877,0.3395457302639386,0.31463611269054587,0.3774268610389878
96,Linear,1412.54,0.3735930610559969,0.23218369081104853,0.3395639388758237,0.31464430644484603,0.3774571379954436
96,Linear,1584.89,0.37395126031790993,0.23220524075169233,0.33959161396580373,0.314662119871376,0.3774968680411617
96,Linear,1778.28,0.37434067525293274,0.2322377553505076,0.33963017081649655,0.31469121221987656,0.37754762560938915
96,Linear,1995.26,0.37476328998568353,0.23228286345137447,0.33968096180563767,0.3147333688071616,0.3776108829697411
96,Linear,2238.72,0.3752212003426374,0.2323422976317518,0.33974523131446177,0.31479050852441637,0.37768815260463356
96,Linear,2511.89,0.375716533268225,0.23241788405673663,0.3398250669819523,0.3148646778019565,0.3777810056134955
96,Linear,2818.38,0.3762514418869204,0.2325115362308126,0.3399222021840807,0.3149580477699894,0.37789181179660253
96,Linear,3162.28,0.37682819159956377,0.23262526810925932,0.34003823094448726,0.3150729312987331,0.3780217972748864
96,Linear,3548.13,0.37744901072149845,0.23276116536645838,0.3401753378808451,0.31521175861912926,0.3781730564028403
96,Linear,3981.07,0.3781162368214817,0.2329214121988916,0.3403353734364303,0.31537710930542484,0.37834808681197046
96,Linear,4466.84,0.37883220011879465,0.23310826587749028,0.34052006386651584,0.3155716921380953,0.3785489377191895
96,Linear,5011.87,0.37959924701325864,0.23332405755194463,0.3407312473484968,0.315798352189327,0.37877819732960544
96,Linear,5623.41,0.38041979883674004,0.23357120662119718,0.3409709742521277,0.3160600935914079,0.3790381553336594
96,Linear,6309.57,0.38129626923759236,0.23385219444568572,0.3412413365478421,0.3163600607107871,0.3793316746459302
96,Linear,7079.46,0.3822311090978483,0.2341695717904094,0.34154401470217227,0.31670155563256214,0.37966155116921046
96,Linear,7943.28,0.38322677005092054,0.23452594034813637,0.3418814554601979,0.3170880288630456,0.3800301788289377
96,Linear,8912.51,0.3842857719320898,0.23492396931381995,0.3422562029251609,0.3175231082350651,0.38044064230866015
96,Linear,10000.0,0.3854106359024042,0.23536636477488249,0.3426699121997215,0.31801057662222887,0.38089643884607166
96,Linear,11220.2,0.3866039569215989,0.2358558910133537,0.34312394369394145,0.3185544053428777,0.3813999251573769
96,Linear,12589.3,0.3878683590111772,0.23639535002566597,0.3436210199176487,0.319158740289541,0.38195472653575335
96,Linear,14125.4,0.3892064746520374,0.23698757086864503,0.34416293387985675,0.31982789570852155,0.38256436124688675
96,Linear,15848.9,0.39062109229081976,0.23763548062392606,0.34475172697311496,0.3205664375003558,0.38323294480809406
96,Linear,17782.8,0.3921151703014008,0.23834213137757282,0.3453896084260984,0.32137921605518793,0.3839635371833111
96,Linear,19952.6,0.3936915397196005,0.2391105821600151,0.34607942092112065,0.3222712273719666,0.3847596353044131
96,Linear,22387.2,0.39535334965517555,0.23994414265106062,0.34682339660978667,0.3232478877114534,0.3856261272530574
96,Linear,25118.9,0.3971037787314192,0.240846281502303,0.34762378842920055,0.32431492125580674,0.3865665549728836
96,Linear,28183.8,0.39894604507978176,0.24182068097246745,0.34848342659111126,0.3254784134603197,0.38758550865951535
96,Linear,31622.8,0.4008837125111558,0.2428714655367978,0.3494056236566647,0.3267450758560836,0.38868847311941196
96,Linear,35481.3,0.4029201839743718,0.24400300758731333,0.3503937994078085,0.3281220079094493,0.3898794824311601
96,Linear,39810.7,0.405059193449007,0.2452202754633336,0.3514515702906012,0.32961711469200017,0.3911641129455252
96,Linear,44668.4,0.40730440769673815,0.24652870299606003,0.3525836347295354,0.3312389540719448,0.3925488561175787
96,Linear,50118.7,0.409659493305293,0.24793431117272619,0.3537945236549011,0.33299689514760267,0.39404061956780156
96,Linear,56234.1,0.41212826784054984,0.24944388809843646,0.3550882074837651,0.33490136397199866,0.3956449527883071
96,Linear,63095.7,0.41471440779343216,0.2510648992704064,0.3564702840457944,0.3369637635428037,0.3973686458952804
96,Linear,70794.6,0.41742154281735483,0.25280561638208987,0.3579463319806318,0.33919667858792535,0.39922184851206466
96,Linear,79432.8,0.4202530985335381,0.25467507697180136,0.3595214451737585,0.34161388012746435,0.40121426019075185
96,Linear,89125.1,0.4232124340733206,0.2566832163431882,0.3612024974180137,0.344230566352087,0.40335530138383546
96,Linear,100000.0,0.4263025932159515,0.25884072450451073,0.36299658779310917,0.3470632647767495,0.40565457861978876
96,DLinear,0.0,0.3700635625411655,0.2326224378542291,0.3398951935250837,0.3151470538032347,0.3775895445346382
96,DLinear,0.01,0.3700635884209631,0.23262242818365045,0.33989518534820085,0.3151470422499949,0.3775895374049481
96,DLinear,0.0112202,0.37006359157881036,0.2326224270036597,0.3398951843504712,0.31514704084028244,0.37758953653505506
96,DLinear,0.0125893,0.3700635951220055,0.23262242567967906,0.3398951832309949,0.3151470392585475,0.3775895355590112
96,DLinear,0.0141254,0.3700635990973905,0.2326224241942063,0.3398951819749703,0.31514703748388023,0.3775895344639132
96,DLinear,0.0158489,0.3700636035577592,0.2326224225275154,0.339895180565717,0.31514703549271406,0.3775895332352186
96,DLinear,0.0177828,0.37006360856263415,0.2326224206573664,0.3398951789844296,0.31514703325847915,0.3775895318565313
96,DLinear,0.0199526,0.3700636141780074,0.23262241855910248,0.3398951772102589,0.3151470307517179,0.3775895303096733
96,DLinear,0.0223872,0.3700636204786699,0.2326224162047796,0.33989517521957613,0.31514702793904564,0.37758952857404304
96,DLinear,0.0251189,0.3700636275482113,0.23262241356316674,0.3398951729859729,0.3151470247831505,0.37758952662661543
96,DLinear,0.0281838,0.3700636354800549,0.2326224105993595,0.33989517047993395,0.315147021242332,0.37758952444174765
96,DLinear,0.0316228,0.3700636443800456,0.23262240727381325,0.33989516766802075,0.31514701726934563,0.37758952199023743
96,DLinear,0.0354813,0.3700636543656732,0.23262240354263372,0.33989516451311585,0.3151470128117504,0.37758951923969575
96,DLinear,0.0398107,0.3700636655699544,0.2326223993561269,0.3398951609731973,0.3151470078101761,0.3775895161534862
96,DLinear,0.0446684,0.3700636781414321,0.23262239465880005,0.33989515700133865,0.3151470021983239,0.3775895126906965
96,DLinear,0.0501187,0.3700636922465046,0.23262238938849172,0.3398951525449741,0.3151469959019279,0.37758950880549746
96,DLinear,0.0562341,0.3700637080727892,0.23262238347511624,0.3398951475448354,0.3151469888372542,0.3775895044462378
96,DLinear,0.0630957,0.3700637258301569,0.23262237684027787,0.33989514193462583,0.3151469809106402,0.3775894995551698
96,DLinear,0.0707946,0.3700637457543547,0.23262236939591902,0.3398951356399128,0.3151469720168789,0.3775894940673301
96,DLinear,0.0794328,0.3700637681093341,0.23262236104345188,0.33989512857730264,0.3151469620381816,0.37758948791005253
96,DLinear,0.0891251,0.37006379319216653,0.23262235167192397,0.3398951206529484,0.3151469508419856,0.3775894810018398
96,DLinear,0.1,0.3700638213353716,0.23262234115715125,0.3398951117618225,0.3151469382799184,0.3775894732512833
96,DLinear,0.112202,0.3700638529128671,0.2326223293594985,0.33989510178582594,0.31514692418514473,0.3775894645550153
96,DLinear,0.125893,0.3700638883435898,0.23262231612253087,0.3398950905928424,0.3151469083707551,0.37758945479788725
96,DLinear,0.141254,0.3700639280958922,0.23262230127137695,0.33989507803488017,0.3151468906278089,0.37758944385103604
96,DLinear,0.158489,0.3700639726976315,0.23262228460896628,0.33989506394516594,0.3151468707208386,0.37758943156892766
96,DLinear,0.177828,0.3700640227439285,0.23262226591313995,0.3398950481357782,0.31514684838439505,0.37758941778786465
96,DLinear,0.199526,0.37006407889457454,0.2326222449376302,0.3398950303983895,0.3151468233242172,0.3775894023267977
96,DLinear,0.223872,0.37006414189731385,0.23262222140337674,0.339895010497162,0.3151467952068535,0.37758938497946254
96,DLinear,0.251189,0.37006421258783545,0.23262219499854755,0.3398949881692795,0.31514676365968486,0.3775893655160196
96,DLinear,0.281838,0.3700642919001124,0.23262216537469899,0.33989496311919914,0.3151467282663318,0.3775893436804104
96,DLinear,0.316228,0.37006438089226534,0.23262213213714286,0.3398949350143709,0.315146688555141,0.3775893191819682
96,DLinear,0.354813,0.3700644807387809,0.23262209484788832,0.339894903483013,0.3151466440026943,0.3775892916986535
96,DLinear,0.398107,0.37006459276930476,0.23262205301119704,0.33989486810587416,0.31514659401654116,0.37758926086818395
96,DLinear,0.446684,0.37006471846861305,0.23262200607365016,0.33989482841528723,0.31514653793526987,0.37758922628112734
96,DLinear,0.501187,0.3700648594998651,0.2326219534155344,0.3398947838859717,0.31514647501820187,0.37758918747830267
96,DLinear,0.562341,0.3700650177381967,0.23262189433838626,0.339894733927683,0.31514640443049446,0.3775891439433492
96,DLinear,0.630957,0.37006519528101306,0.23262182806126064,0.3398946778805043,0.3151463252386617,0.37758909510215977
96,DLinear,0.707946,0.3700653944841423,0.23262175370737254,0.33989461500089524,0.31514623639458844,0.3775890403069967
96,DLinear,0.794328,0.3700656179850311,0.23262167029561373,0.33989454445889744,0.31514613672536135,0.3775889788340539
96,DLinear,0.891251,0.37006586875179215,0.2326215767224672,0.33989446531867795,0.31514602491161997,0.37758890987654925
96,DLinear,1.0,0.37006615010634525,0.23262147175364986,0.33989437653940135,0.3151458994775185,0.37758883253799647
96,DLinear,1.12202,0.37006646578374314,0.23262135400232542,0.3398942769434265,0.3151457587646288,0.3775887457877981
96,DLinear,1.25893,0.3700668199681639,0.23262122191611817,0.33989416521293825,0.31514560091634275,0.37758864848528245
96,DLinear,1.41254,0.37006721733660597,0.2326210737613643,0.3398940398889708,0.3151454238589515,0.3775885393503402
96,DLinear,1.58489,0.3700676631594194,0.2326209075863186,0.33989389932109304,0.31514522525755073,0.37758841694356426
96,DLinear,1.77828,0.37006816337744936,0.2326207211932831,0.3398937416671916,0.3151450024825699,0.3775882796280079
96,DLinear,1.99526,0.37006872457560314,0.2326205121495511,0.33989356486730704,0.31514475262265373,0.3775881256195575
96,DLinear,2.23872,0.370069354214922,0.23262027770231786,0.33989336657393504,0.3151444723827135,0.3775879529129265
96,DLinear,2.51189,0.3700700606316681,0.23262001478077896,0.33989314420669453,0.3151441580861158,0.3775877592293605
96,DLinear,2.81838,0.3700708531396464,0.23261971996019778,0.3398928948471636,0.31514380563133887,0.3775875420681206
96,DLinear,3.16228,0.37007174228735706,0.23261938936897836,0.3398926152069067,0.31514341038038235,0.37758729855146156
96,DLinear,3.54813,0.37007273977862565,0.2326190187216431,0.3398923016938509,0.31514296719756557,0.3775870255699088
96,DLinear,3.98107,0.37007385885815935,0.23261860317982844,0.3398919503059949,0.31514247028254705,0.37758671951073725
96,DLinear,4.46684,0.3700751143086821,0.23261813735884193,0.3398915563901855,0.3151419131771676,0.37758637639056725
96,DLinear,5.01187,0.3700765226800181,0.23261761524939406,0.3398911148380928,0.31514128867062213,0.377585991840574
96,DLinear,5.62341,0.370078102620547,0.23261703010326754,0.3398906201155413,0.3151405886611531,0.3775855609808741
96,DLinear,6.30957,0.37007987497489125,0.232616374407929,0.33989006578915193,0.3151398041237177,0.3775850781802762
96,DLinear,7.07946,0.37008186313851615,0.23261563976872127,0.3398894446371306,0.3151389249665986,0.37758453721024304
96,DLinear,7.94328,0.37008409328128916,0.2326148168431015,0.3398887489100645,0.31513793994964173,0.3775839313960543
96,DLinear,8.91251,0.3700865948269018,0.23261389518480663,0.339887969730246,0.31513683649389285,0.3775832530765736
96,DLinear,10.0,0.37008940067114293,0.23261286318996577,0.3398870974344292,0.31513560061225043,0.37758249364666774
96,DLinear,11.2202,0.37009254775784767,0.23261170791825644,0.33988612133348495,0.31513421668927943,0.3775816435828343
96,DLinear,12.5893,0.370096077417933,0.23261041500994376,0.3398850289258728,0.31513266737426776,0.3775806926147909
96,DLinear,14.1254,0.37010003578031625,0.2326089685866645,0.33988380642198224,0.31513093345297866,0.3775796297264265
96,DLinear,15.8489,0.3701044747425457,0.23260735096093382,0.3398824391640752,0.31512899348770274,0.3775784419727282
96,DLinear,17.7828,0.3701094526996205,0.23260554245214643,0.3398809104900553,0.3151268235816878,0.37757711464841276
96,DLinear,19.9526,0.37011503423249353,0.232603521599876,0.3398792024212494,0.3151243976167541,0.3775756318538909
96,DLinear,22.3872,0.37012129235654523,0.23260126447245152,0.3398772955328937,0.31512168640081767,0.37757397632775125
96,DLinear,25.1189,0.3701283084356047,0.23259874485539042,0.33987516707899973,0.3151186578653777,0.377572128469412
96,DLinear,28.1838,0.37013617310493063,0.23259593410950383,0.33987279424879074,0.3151152768601852,0.3775700687539205
96,DLinear,31.6228,0.3701449887053792,0.23259280053875236,0.33987015068235676,0.31511150434914886,0.3775677734216697
96,DLinear,35.4813,0.3701548683485594,0.23258931001911368,0.3398672069839548,0.31510729811283145,0.3775652170863877
96,DLinear,39.8107,0.3701659395558871,0.23258542506956703,0.33986393290865835,0.3151026115632022,0.3775623731516803
96,DLinear,44.6684,0.3701783440008324,0.232581105394287,0.33986029679580715,0.31509739431420597,0.37755921157016387
96,DLinear,50.1187,0.37019223949531355,0.23257630772964494,0.33985626703127825,0.31509159189725905,0.37755570319550236
96,DLinear,56.2341,0.370207802912833,0.23257098550227157,0.339851805738652,0.3150851452238296,0.3775518164521895
96,DLinear,63.0957,0.3702252307190243,0.2325650894668975,0.3398468728741154,0.3150779912055015,0.3775475133059632
96,DLinear,70.7946,0.3702447419331727,0.23255856768475977,0.33984142738833933,0.3150700625448217,0.3775427584438727
96,DLinear,79.4328,0.3702665796731672,0.23255136619825384,0.33983542607712824,0.31506128833241936,0.3775375189529929
96,DLinear,89.1251,0.37029101505569223,0.2325434291742756,0.33982882377010093,0.3150515939530006,0.37753175107457676
96,DLinear,100.0,0.37031834835102473,0.2325347002516381,0.3398215741705693,0.31504090240597593,0.37752541860456235
96,DLinear,112.202,0.37034891341136217,0.2325251231580082,0.33981363510646173,0.31502913467636184,0.3775184872682219
96,DLinear,125.893,0.37038307951762794,0.23251464355132848,0.33980496819280964,0.3150162115365871,0.3775109201004986
96,DLinear,141.254,0.37042125362943584,0.23250321112643357,0.3397955402111535,0.3150020556099616,0.37750268198792497
96,DLinear,158.489,0.370463887658166,0.23249078070392468,0.33978533149340767,0.31498659209137336,0.37749374883718034
96,DLinear,177.828,0.37051148290122526,0.2324773148253307,0.3397743178257128,0.3149697512220222,0.3774841020506447
96,DLinear,199.526,0.37056458405734527,0.23246278978502938,0.33976249014706233,0.3149514749902871,0.37747373650335375
96,DLinear,223.872,0.37062379711816723,0.2324471955105423,0.33974985356638965,0.31493171605326703,0.37746264018985964
96,DLinear,251.189,0.37068978423062343,0.23243054260524662,0.3397364417733664,0.3149104455351921,0.37745081837315514
96,DLinear,281.838,0.3707632674999858,0.23241286731354663,0.3397223135447987,0.314887658207616,0.37743833422207124
96,DLinear,316.228,0.37084504592464657,0.2323942341056313,0.33970751961063567,0.3148633745010256,0.3774252618979269
96,DLinear,354.813,0.37093597988006705,0.23237474655502133,0.3396921674029835,0.3148376532079072,0.37741169177935496
96,DLinear,398.107,0.3710370170105527,0.23235454907032116,0.3396764250422316,0.31481059234282316,0.37739776974718275
96,DLinear,446.684,0.3711491807282558,0.23233383750775577,0.33966051111802864,0.3147823416658079,0.37738366985836996
96,DLinear,501.187,0.3712735782132119,0.2323128654877866,0.3396446913284143,0.31475310978770243,0.3773696344828432
96,DLinear,562.341,0.3714114150259629,0.2322919502254617,0.3396292147317846,0.314723170637123,0.3773560098272583
96,DLinear,630.957,0.37156398659652373,0.23227148237796913,0.33961451741996124,0.31469287578490746,0.3773431081262085
96,DLinear,707.946,0.371732689723918,0.23225193234916378,0.33960111480510174,0.31466266222543693,0.37733133336388414
96,DLinear,794.328,0.3719190196551789,0.23223385851405098,0.3395894371122282,0.3146330633766146,0.3773213214281967
96,DLinear,891.251,0.3721245853495088,0.232217913242073,0.3395801169955618,0.3146047171280174,0.37731376197449795
96,DLinear,1000.0,0.37235109895151536,0.23220485135586363,0.3395740482964683,0.31457837833990404,0.37730930173583294
96,DLinear,1122.02,0.3726003905671799,0.23219553614639127,0.33957195217722214,0.3145549277710673,0.37730870836219615
96,DLinear,1258.93,0.37287439877356415,0.23219094701561802,0.33957463960553413,0.3145353845023831,0.3773128744447517
96,DLinear,1412.54,0.3731751625910873,0.23219218585304724,0.33958310035702677,0.3145209172882286,0.37732283032420455
96,DLinear,1584.89,0.37350485001231315,0.23220048381954847,0.3395987360930948,0.3145128547772252,0.3773397690220394
96,DLinear,1778.28,0.37386575880683215,0.23221721057335218,0.3396227046057571,0.31451270023975625,0.3773649942912973
96,DLinear,1995.26,0.37426023668247915,0.2322438779643224,0.33965641543421093,0.3145221445518187,0.3774001377037531
96,DLinear,2238.72,0.37469077914285764,0.23228215198922822,0.3397012236753119,0.3145430792729159,0.37744678924394154
96,DLinear,2511.89,0.375159948948297,0.23233385657127334,0.33975894293141523,0.31457760998587414,0.37750675989100385
96,DLinear,2818.38,0.3756703626230523,0.23240097734615633,0.3398315143860669,0.31462806602730836,0.3775818915173315
96,DLinear,3162.28,0.3762247624736192,0.23248567821513724,0.3399204071455335,0.31469702046964876,0.3776741628779806
96,DLinear,3548.13,0.37682586146268465,0.23259028527836534,0.34002780957498924,0.31478728444944165,0.37778585113546137
96,DLinear,3981.07,0.3774764694630401,0.23271730840431068,0.34015570479601515,0.31490193026332985,0.37791968230274847
96,DLinear,4466.84,0.37817936510889383,0.23286941997675692,0.3403065708748419,0.3150442783127659,0.37807877708244997
96,DLinear,5011.87,0.3789373010424064,0.23304944851498008,0.34048296881290496,0.31521789432139186,0.3782658171006296
96,DLinear,5623.41,0.37975304504468077,0.23326038000112612,0.34068755803519263,0.3154265943972102,0.3784837466479284
96,DLinear,6309.57,0.3806292819462056,0.23350532083689968,0.340922256442982,0.3156744123723821,0.3787361352555951
96,DLinear,7079.46,0.38156864250996947,0.23378748443517647,0.3411904091134621,0.3159655887888613,0.37902639065215143
96,DLinear,7943.28,0.3825736534632032,0.23411015190505396,0.3414947182929577,0.31630453328390234,0.3793583809562782
96,DLinear,8912.51,0.38364679497813503,0.23447666146871463,0.3418377126405596,0.31669581610824116,0.379735394993429
96,DLinear,10000.0,0.38479042640009115,0.2348903540436987,0.3422223184358364,0.3171441130737366,0.3801615034220836
96,DLinear,11220.2,0.3860068569670394,0.23535456619198297,0.34265150881307715,0.31765419966164626,0.38064039188963356
96,DLinear,12589.3,0.3872983022829792,0.23587258601214492,0.34312736972871144,0.31823090430805756,0.381176081053503
96,DLinear,14125.4,0.38866686957692936,0.23644761992881402,0.3436523196043784,0.31887907065888793,0.3817725046576372
96,DLinear,15848.9,0.39011471985323903,0.23708284318377365,0.3442284863703726,0.3196036126179484,0.3824327451712908
96,DLinear,17782.8,0.3916440980732196,0.23778141482053577,0.3448581862223352,0.3204095305819695,0.38316118146990086
96,DLinear,19952.6,0.3932570481447261,0.23854635312553255,0.3455431894685867,0.3213017624473569,0.38396077917265276
96,DLinear,22387.2,0.39495589140803883,0.23938077490283727,0.3462861557148989,0.3222854531170756,0.3848352400095128
96,DLinear,25118.9,0.39674295614647864,0.24028780963357088,0.3470891301139892,0.32336584902472676,0.3857876940881866
96,DLinear,28183.8,0.39862061462000864,0.2412706632454873,0.3479543249984021,0.324548363545029,0.3868221336108395
96,DLinear,31622.8,0.4005916218271838,0.24233286395238313,0.3488847583589506,0.32583886625570113,0.38794264543773094
96,DLinear,35481.3,0.4026586256737352,0.2434780861184382,0.34988365564617097,0.32724346721886577,0.3891539425219819
96,DLinear,39810.7,0.40482469212632727,0.24471052575283272,0.35095369053677006,0.3287689739981199,0.3904614691802172
96,DLinear,44668.4,0.40709292262835367,0.24603479571197595,0.3520984205739425,0.3304227720888561,0.3918695682383688
96,DLinear,50118.7,0.4094665418455737,0.247456078316608,0.35332133034315727,0.3322130259840114,0.39338375342319104
96,DLinear,56234.1,0.4119490643458957,0.24898033829725624,0.3546261989414767,0.33414897091143,0.3950090948583897
96,DLinear,63095.7,0.41454400973644484,0.25061426322581676,0.3560178956391477,0.33624087297233995,0.3967526838986427
96,DLinear,70794.6,0.4172550022104733,0.2523654241713091,0.35750102375752585,0.33850027807944616,0.398622938088976
96,DLinear,79432.8,0.4200856117016679,0.2542422636791032,0.35908154807606246,0.34094005444769543,0.4006290077959348
96,DLinear,89125.1,0.42303948447049816,0.25625425362552945,0.360765468390331,0.3435746690319168,0.4027807826386877
96,DLinear,100000.0,0.4261200817690999,0.2584117722967351,0.36256036852717693,0.34642011513757004,0.4050884052047624
96,NLinear,0.0,0.3798009486164212,0.20828919968990156,0.3154121599341614,0.27243293356744175,0.3362061256177699
96,NLinear,0.01,0.37980096586708717,0.20828918990484435,0.31541214994607136,0.27243292116486134,0.33620611154579577
96,NLinear,0.0112202,0.379800967972008,0.20828918871088442,0.3154121487273933,0.27243291965151173,0.33620610982874277
96,NLinear,0.0125893,0.3798009703337892,0.20828918737122992,0.3154121473600031,0.2724329179534928,0.33620610790216143
96,NLinear,0.0141254,0.3798009729836539,0.20828918586817127,0.3154121458258241,0.27243291604835734,0.33620610574058274
96,NLinear,0.0158489,0.3798009759567924,0.20828918418174883,0.3154121441044827,0.272432913910806,0.3362061033153011
96,NLinear,0.0177828,0.37980097929288065,0.20828918228945936,0.31541214217300906,0.2724329115123153,0.3362061005939527
96,NLinear,0.0199526,0.37980098303590626,0.2082891801663539,0.31541214000593665,0.27243290882126175,0.33620609754065606
96,NLinear,0.0223872,0.37980098723572225,0.20828917778415748,0.31541213757440373,0.2724329058018059,0.33620609411476443
96,NLinear,0.0251189,0.37980099194804606,0.2082891751112692,0.31541213484615355,0.2724329024138924,0.336206090270816
96,NLinear,0.0281838,0.3798009972351501,0.2082891721123712,0.31541213178513455,0.27243289861275427,0.33620608595801277
96,NLinear,0.0316228,0.3798010031675863,0.20828916874745018,0.3154121283505026,0.27243289434767304,0.33620608111880623
96,NLinear,0.0354813,0.37980100982366843,0.20828916497209193,0.31541212449692013,0.27243288956235107,0.33620607568931676
96,NLinear,0.0398107,0.37980101729205973,0.20828916073601367,0.31541212017305886,0.2724328841930521,0.33620606959722404
96,NLinear,0.0446684,0.3798010256717724,0.20828915598306483,0.3154121153215998,0.27243287816860157,0.33620606276182624
96,NLinear,0.0501187,0.37980103507371976,0.2082891506503474,0.31541210987833546,0.2724328714092714,0.3362060550928408
96,NLinear,0.0562341,0.3798010456229586,0.20828914466694465,0.3154121037709784,0.272432863825169,0.3362060464880777
96,NLinear,0.0630957,0.37980105745937826,0.20828913795353154,0.3154120969185358,0.27243285531574213,0.3362060368334772
96,NLinear,0.0707946,0.37980107074011554,0.2082891304210061,0.315412089229981,0.2724328457680447,0.33620602600083926
96,NLinear,0.0794328,0.3798010856411059,0.2082891219696111,0.3154120806036165,0.2724328350556227,0.33620601384667065
96,NLinear,0.0891251,0.37980110236035997,0.20828911248707774,0.31541207092470147,0.27243282303616045,0.3362060002095395
96,NLinear,0.1,0.3798011211195149,0.20828910184774813,0.3154120600649522,0.2724328095503678,0.33620598490863207
96,NLinear,0.112202,0.3798011421678,0.20828908991032935,0.3154120478802858,0.27243279441913243,0.3362059677406929
96,NLinear,0.125893,0.37980116578444956,0.20828907651652884,0.31541203420904024,0.27243277744178873,0.3362059484780017
96,NLinear,0.141254,0.3798011922816325,0.2082890614893975,0.3154120188704686,0.27243275839401637,0.33620592686598605
96,NLinear,0.158489,0.3798012220111769,0.20828904462952275,0.3154120016613074,0.2724327370230127,0.33620590261777883
96,NLinear,0.177828,0.37980125536973963,0.20828902571210373,0.3154119823518468,0.2724327130437834,0.33620587541022456
96,NLinear,0.199526,0.3798012927970768,0.20828900448794266,0.31541196068767813,0.27243268614039545,0.33620584488448585
96,NLinear,0.223872,0.3798013347915609,0.20828898067465665,0.31541193638166254,0.27243265595483473,0.3362058106343179
96,NLinear,0.251189,0.37980138191017226,0.2082889539566988,0.3154119091108394,0.2724326220870269,0.3362057722065534
96,NLinear,0.281838,0.37980143477538797,0.20828892398147067,0.31541187851473945,0.27243258408990484,0.336205729094336
96,NLinear,0.316228,0.3798014940924168,0.20828889034957418,0.31541184418762724,0.27243254145704354,0.3362056807226801
96,NLinear,0.354813,0.37980156064400766,0.20828885261778612,0.3154118056757364,0.27243249362642175,0.3362056264534301
96,NLinear,0.398107,0.37980163531630007,0.20828881028444,0.3154117624681311,0.2724324399618797,0.3362055655637191
96,NLinear,0.446684,0.3798017190987974,0.20828876278949038,0.31541171399294277,0.27243237975318596,0.3362054972473689
96,NLinear,0.501187,0.3798018130998552,0.2082887095057933,0.31541165960862694,0.27243231220496456,0.3362054206019191
96,NLinear,0.562341,0.37980191856905976,0.2082886497264977,0.3154115985933798,0.2724322364206887,0.3362053346137784
96,NLinear,0.630957,0.3798020369040723,0.2082885826612634,0.31541153013857576,0.2724321513978563,0.3362052381427218
96,NLinear,0.707946,0.37980216967470587,0.2082885074227372,0.3154114533378047,0.2724320560108077,0.3362051299072056
96,NLinear,0.794328,0.3798023186383605,0.20828842301795844,0.3154113671777968,0.2724319489997836,0.3362050084836995
96,NLinear,0.891251,0.37980248577268133,0.2082883283300472,0.3154112705305821,0.2724318289476503,0.336204872274314
96,NLinear,1.0,0.3798026732909423,0.20828822210973158,0.31541116212000303,0.2724316942690834,0.3362047194621527
96,NLinear,1.12202,0.37980288368153564,0.20828810295328296,0.3154110405112862,0.2724315431824994,0.3362045480290011
96,NLinear,1.25893,0.37980311973189623,0.2082879692893507,0.31541090409570965,0.2724313736932451,0.3362043557166864
96,NLinear,1.41254,0.3798033845575437,0.20828781936299576,0.3154107510803089,0.2724311835732069,0.3362041399933134
96,NLinear,1.58489,0.37980368166898176,0.2082876511984209,0.31541057945729295,0.27243097031336494,0.33620389801035194
96,NLinear,1.77828,0.37980401502298183,0.20828746257071729,0.31541038694931883,0.27243073108772875,0.33620362655333297
96,NLinear,1.99526,0.3798043890048087,0.20828725101688086,0.3154101710389813,0.2724304627670166,0.33620332208055353
96,NLinear,2.23872,0.3798048085826769,0.20828701374962813,0.3154099288674145,0.2724301618089834,0.33620298054907427
96,NLinear,2.51189,0.3798052793068875,0.2082867476594243,0.3154096572784215,0.27242982426052437,0.3362025974734529
96,NLinear,2.81838,0.379805807377699,0.20828644927800125,0.3154093527737825,0.27242944571082267,0.3362021678731969
96,NLinear,3.16228,0.3798063998162786,0.20828611468415967,0.31540901136394855,0.27242902117111173,0.3362016860575598
96,NLinear,3.54813,0.3798070644113148,0.20828573953695734,0.3154086285810143,0.2724285451158603,0.33620114578663396
96,NLinear,3.98107,0.37980780997528196,0.20828531893478558,0.31540819943850895,0.27242801130280475,0.3362005399425666
96,NLinear,4.46684,0.37980864634173267,0.20828484742170647,0.31540771837442505,0.2724274127795249,0.3361998606236316
96,NLinear,5.01187,0.3798095845169314,0.20828431890786042,0.3154071791122995,0.2724267417806126,0.3361990990197435
96,NLinear,5.62341,0.3798106368994052,0.2082837265532654,0.31540657471603883,0.27242598957785785,0.3361982451805959
96,NLinear,6.30957,0.3798118173434381,0.2082830627415229,0.31540589734110547,0.2724251464439724,0.3361972881215126
96,NLinear,7.07946,0.3798131413932917,0.2082823189598154,0.3154051382570653,0.2724242014965857,0.3361962155108967
96,NLinear,7.94328,0.3798146264296229,0.20828148573139565,0.31540428790041825,0.2724231426079614,0.33619501346123665
96,NLinear,8.91251,0.37981629198563893,0.20828055245663266,0.3154033354600139,0.272421956197341,0.336193666706182
96,NLinear,10.0,0.3798181598885289,0.20827950735696799,0.31540226895119705,0.27242062715257537,0.3361921578854886
96,NLinear,11.2202,0.379820254638027,0.20827833729195527,0.3154010749065067,0.2724191385885877,0.3361904678785289
96,NLinear,12.5893,0.379822603625956,0.20827702767290515,0.31539973839550456,0.2724174717263426,0.33618857585181194
96,NLinear,14.1254,0.37982523740209945,0.2082755623594853,0.3153982430603462,0.27241560574741536,0.33618645777413103
96,NLinear,15.8489,0.37982819031050036,0.20827392336177988,0.31539657061823956,0.27241351739725916,0.33618408711950853
96,NLinear,17.7828,0.37983150096213614,0.20827209064918373,0.31539470052332536,0.2724111807196413,0.3361814338778147
96,NLinear,19.9526,0.37983521201277476,0.20827004236076746,0.31539261140980607,0.27240856729772905,0.3361784663340572
96,NLinear,22.3872,0.379839371639502,0.2082677540973062,0.3153902781228136,0.2724056453174862,0.3361751479107417
96,NLinear,25.1189,0.3798440334598117,0.20826519910303568,0.31538767381342275,0.2724023797569177,0.33617143856108544
96,NLinear,28.1838,0.3798492571160809,0.20826234811044955,0.31538476902083984,0.27239873213597954,0.33616729501374787
96,NLinear,31.6228,0.3798551098559895,0.20825916868472769,0.3153815323304374,0.2723946596127392,0.3361626692339415
96,NLinear,35.4813,0.3798616658662521,0.20825562584361515,0.3153779264772237,0.2723901156959276,0.3361575069188552
96,NLinear,39.8107,0.37986900863209805,0.20825168109220238,0.3153739129350478,0.27238504890868637,0.33615174899351347
96,NLinear,44.6684,0.3798772306956987,0.20824729294475855,0.3153694492218221,0.27237940333377464,0.3361453340087387
96,NLinear,50.1187,0.3798864348876418,0.20824241673426627,0.3153644902764632,0.2723731182187596,0.336138190993558
96,NLinear,56.2341,0.3798967361566017,0.20823700422046593,0.31535898647046506,0.27236612728431725,0.3361302437529954
96,NLinear,63.0957,0.3799082617881258,0.20823100418251775,0.31535288651942445,0.2723583592594485,0.33612141005886303
96,NLinear,70.7946,0.3799211532024659,0.20822436232783703,0.3153461398262832,0.27234973748626967,0.3361116039910139
96,NLinear,79.4328,0.3799355667771864,0.2082170218922004,0.3153386881099474,0.27234018035988955,0.3361007295233856
96,NLinear,89.1251,0.37995167617948034,0.20820892367730093,0.31533047141493076,0.27232960096726033,0.3360886819847829
96,NLinear,100.0,0.37996967283067296,0.20820000728900814,0.31532142885081293,0.27231790820655866,0.3360753644520007
96,NLinear,112.202,0.37998976846418797,0.20819021159819362,0.31531150523817575,0.27230500679889164,0.3360606533960562
96,NLinear,125.893,0.38001219590403457,0.20817947641120185,0.3153006411599234,0.27229079877521467,0.336044441876867
96,NLinear,141.254,0.3800372100240454,0.2081677443651133,0.31528877737077876,0.27227518515257954,0.3360266234598733
96,NLinear,158.489,0.3800650918918211,0.20815496171630393,0.3152758690200291,0.2722580660006386,0.3360070953929914
96,NLinear,177.828,0.3800961509089305,0.20814108058923306,0.31526187761366536,0.2722393422675893,0.3359857246281795
96,NLinear,199.526,0.3801307200241257,0.20812606467993708,0.3152467567863928,0.2722189221367234,0.3359623914885864
96,NLinear,223.872,0.38016916636744646,0.20810988850314588,0.31523050645569356,0.27219671851827415,0.33593701428991435
96,NLinear,251.189,0.3802118866732517,0.20809254388084333,0.3152131183621516,0.2721726561537558,0.3359094768214429
96,NLinear,281.838,0.3802593083699542,0.2080740441351105,0.3151946065689425,0.27214667555172245,0.3358797235127198
96,NLinear,316.228,0.3803118989013234,0.20805442555583006,0.3151750417589701,0.2721187329082802,0.3358476430232422
96,NLinear,354.813,0.38037015389316053,0.20803375729807044,0.3151545285410282,0.27208881181996614,0.3358132263680031
96,NLinear,398.107,0.3804346117508201,0.20801214136121776,0.3151331965547984,0.27205692093667905,0.33577646961124347
96,NLinear,446.684,0.38050584398357934,0.20798972155209688,0.315111175802392,0.27202310449310485,0.3357373797858643
96,NLinear,501.187,0.38058445787233447,0.207966687504365,0.31508867880754926,0.2719874460153161,0.3356959581055485
96,NLinear,562.341,0.3806711030239287,0.20794327755769867,0.31506596896324,0.2719500703400869,0.33565237415209037
96,NLinear,630.957,0.3807664631230324,0.20791978542773185,0.31504338885819666,0.2719111519102403,0.335606801648033
96,NLinear,707.946,0.38087126022128387,0.20789656230912867,0.3150212737923998,0.27187091662297747,0.33555931707752096
96,NLinear,794.328,0.38098624991954744,0.20787402037691574,0.31500010843003695,0.2718296466958444,0.3355102144300542
96,NLinear,891.251,0.3811122278282506,0.20785263278815957,0.3149803469795956,0.27178768036618506,0.3354598431472777
96,NLinear,1000.0,0.38125002017271703,0.20783293575762865,0.3149626607854226,0.2717454164202606,0.33540863164407275
96,NLinear,1122.02,0.3814004901597426,0.20781552654382335,0.31494774034958145,0.271703312242671,0.33535698931283936
96,NLinear,1258.93,0.38156452980207706,0.20780106270987564,0.3149361209147274,0.2716618856906495,0.3353054242690399
96,NLinear,1412.54,0.3817430533135638,0.20779025930733266,0.314928535826786,0.27162171479954056,0.33525419182645794
96,NLinear,1584.89,0.381937012674033,0.20778388413787358,0.3149257009575383,0.2715834320469558,0.33520396365041477
96,NLinear,1778.28,0.38214739673318626,0.2077827553667236,0.31492850656365445,0.27154772378306935,0.3351553823719573
96,NLinear,1995.26,0.3823751844618134,0.20778773756474647,0.3149377410170169,0.27151533570733316,0.33510891617460875
96,NLinear,2238.72,0.382621402530201,0.2077997371629702,0.3149542248299004,0.2714870606643423,0.3350654001491796
96,NLinear,2511.89,0.3828870795848356,0.20781969882145318,0.31497895598033937,0.2714637443910418,0.3350254803842311
96,NLinear,2818.38,0.3831732410279026,0.20784860005206565,0.3150127220923432,0.27144628290322703,0.3349899679431072
96,NLinear,3162.28,0.38348095176434754,0.2078874527067065,0.31505634835825697,0.27143561916552567,0.33495968765708745
96,NLinear,3548.13,0.38381123249279214,0.20793729098058164,0.31511104648527843,0.2714327469892791,0.33493543504733897
96,NLinear,3981.07,0.3841651334398958,0.20799917698071155,0.31517769747916896,0.27143870748064014,0.3349180771131034
96,NLinear,4466.84,0.3845436674381199,0.20807418736894173,0.3152568670417661,0.27145458972409575,0.3349085793040373
96,NLinear,5011.87,0.384947817630854,0.20816340733096136,0.31534966397164904,0.271481527424163,0.3349079487737475
96,NLinear,5623.41,0.3853785633912497,0.20826792910983707,0.31545707165185466,0.2715206983129999,0.33491704162584907
96,NLinear,6309.57,0.38583683202310737,0.20838883164179145,0.31557990280491455,0.2715733169731937,0.3349372395739494
96,NLinear,7079.46,0.38632351837961876,0.20852717173781987,0.3157189827824389,0.2716406294509716,0.33496912926136124
96,NLinear,7943.28,0.38683946282845655,0.2086839621197585,0.31587521241744754,0.2717239015022391,0.3350137246440765
96,NLinear,8912.51,0.3873854846382238,0.20886016288679257,0.31604921378744005,0.2718244123263049,0.33507243452993785
96,NLinear,10000.0,0.3879623473737813,0.2090566509907585,0.31624210472053554,0.2719434355862926,0.3351463492200867
96,NLinear,11220.2,0.3885707983527935,0.20927421211154026,0.3164548278802946,0.27208223121024777,0.3352368100056001
96,NLinear,12589.3,0.3892115499074418,0.20951351464947027,0.31668740116212507,0.2722420253763269,0.33534514384814196
96,NLinear,14125.4,0.38988527598284056,0.20977508999399203,0.3169405336840099,0.2724239913985709,0.3354723852091216
96,NLinear,15848.9,0.390592695308217,0.21005935205830206,0.3172147612394028,0.272629256491054,0.33561985990212845
96,NLinear,17782.8,0.3913345874614956,0.21036660094486662,0.31751064913084015,0.27285889860287094,0.3357888709191764
96,NLinear,19952.6,0.3921116572458376,0.21069696932404688,0.31782834743305877,0.273113896778432,0.33597998447070143
96,NLinear,22387.2,0.39292476857112746,0.21105053218408704,0.3181687246962856,0.2733952029519944,0.3361942135834673
96,NLinear,25118.9,0.39377481365608513,0.2114272768776408,0.31853193293536347,0.27370370983471093,0.33643234276391143
96,NLinear,28183.8,0.3946627311441262,0.2118271441525549,0.3189185386369808,0.27404027096670297,0.33669493346889195
96,NLinear,31622.8,0.39558966338219204,0.2122501445144097,0.319328990395421,0.2744057879718448,0.3369830381754722
96,NLinear,35481.3,0.39655671992204233,0.21269630568019657,0.3197631284167469,0.27480115727686194,0.3372982331537402
96,NLinear,39810.7,0.3975652169077037,0.21316584229046376,0.3202213000669418,0.2752274096522649,0.3376415543990955
96,NLinear,44668.4,0.39861648658480947,0.21365913293415217,0.32070418291924413,0.27568568662234155,0.3380135113475704
96,NLinear,50118.7,0.3997119050533244,0.21417679607830045,0.32121319414293076,0.2761773053318015,0.3384158136093233
96,NLinear,56234.1,0.40085295167784246,0.21471977708516135,0.3217499240697427,0.27670384110542834,0.3388495085143901
96,NLinear,63095.7,0.4020410572357139,0.2152893248162594,0.3223159051292997,0.2772671084720488,0.33931595929046093
96,NLinear,70794.6,0.40327762751386226,0.21588703463621495,0.32291367557715805,0.27786920682267957,0.3398170696334517
96,NLinear,79432.8,0.4045639468941792,0.21651481210168833,0.3235447091879093,0.27851249050715604,0.34035426280591125
96,NLinear,89125.1,0.40590121391491446,0.21717487318279735,0.32421147926338106,0.27919957716745314,0.3409308002920175
96,NLinear,100000.0,0.407290400312012,0.217869626786399,0.3249158042162679,0.2799332365352982,0.34154881456207536
192,Linear,0.0,0.45148571043319286,0.3086507042678845,0.39067399075460235,0.3957782170946831,0.4289299863812034
192,Linear,0.01,0.4514857337397402,0.30865069567958875,0.390673983775294,0.3957782078474627,0.4289299812963754
192,Linear,0.0112202,0.45148573658359836,0.30865069463165906,0.39067398292368505,0.3957782067191314,0.42892998067592936
192,Linear,0.0125893,0.4514857397744883,0.30865069345585516,0.3906739819681566,0.3957782054531146,0.42892997997977217
192,Linear,0.0141254,0.4514857433545943,0.30865069213663365,0.3906739808960769,0.39577820403267633,0.4289299791987005
192,Linear,0.0158489,0.45148574737146063,0.3086506906564767,0.3906739796932089,0.39577820243895456,0.4289299783223423
192,Linear,0.0177828,0.4514857518786913,0.3086506889956337,0.3906739783435014,0.39577820065068325,0.4289299773390031
192,Linear,0.0199526,0.45148575693571613,0.3086506871322078,0.3906739768291587,0.3957781986442854,0.42892997623571794
192,Linear,0.0223872,0.4514857626098891,0.3086506850413831,0.39067397513001245,0.3957781963930409,0.42892997499779284
192,Linear,0.0251189,0.45148576897648807,0.3086506826954248,0.3906739732235242,0.39577819386708674,0.4289299736088484
192,Linear,0.0281838,0.451485776119646,0.3086506800633359,0.390673971084626,0.39577819103304734,0.4289299720505275
192,Linear,0.0316228,0.45148578413468293,0.3086506771099989,0.39067396868469206,0.3957781878531106,0.4289299703020064
192,Linear,0.0354813,0.4514857931274051,0.3086506737964339,0.3906739659920195,0.39577818428530503,0.4289299683402051
192,Linear,0.0398107,0.45148580321760173,0.3086506700785108,0.39067396297076035,0.3957781802821142,0.42892996613899326
192,Linear,0.0446684,0.4514858145390442,0.3086506659069503,0.39067395958085854,0.39577817579047697,0.42892996366919145
192,Linear,0.0501187,0.45148582724158287,0.30865066122655155,0.39067395577744884,0.39577817075095617,0.428929960898113
192,Linear,0.0562341,0.45148584149417725,0.30865065597507735,0.39067395150994233,0.395778165096538,0.42892995778890447
192,Linear,0.0630957,0.4514858574858264,0.3086506500829117,0.39067394672175626,0.3957781587522635,0.42892995430034137
192,Linear,0.0707946,0.45148587542883206,0.3086506434718596,0.3906739413493587,0.395778151633936,0.42892995038611836
192,Linear,0.0794328,0.4514858955608942,0.3086506360543764,0.3906739353216053,0.395778143647291,0.4289299459943912
192,Linear,0.0891251,0.4514859181495385,0.30865062773193913,0.39067392855838046,0.39577813468624284,0.4289299410668128
192,Linear,0.1,0.4514859434942115,0.30865061839427715,0.39067392097004744,0.39577812463205586,0.428929935538158
192,Linear,0.112202,0.4514859719316393,0.3086506079174019,0.39067391245595245,0.39577811335122276,0.42892992933496
192,Linear,0.125893,0.45148600383908755,0.3086505961624104,0.3906739029035204,0.3957781006941762,0.42892992237506766
192,Linear,0.141254,0.45148603963831985,0.30865058297403275,0.3906738921862853,0.39577808649372376,0.42892991456639473
192,Linear,0.158489,0.4514860798046825,0.3086505681772927,0.39067388016190957,0.39577807056145275,0.42892990580570173
192,Linear,0.177828,0.45148612487409095,0.3086505515749431,0.39067386667002635,0.39577805268496746,0.4289298959758216
192,Linear,0.199526,0.4514861754406924,0.30865053294833905,0.3906738515328612,0.39577803262882916,0.42892988494721174
192,Linear,0.223872,0.4514862321778312,0.30865051204972893,0.39067383455089316,0.3957780101262542,0.42892987257350335
192,Linear,0.251189,0.45148629583803923,0.30865048860227756,0.39067381549804325,0.39577798487913773,0.4289298586910228
192,Linear,0.281838,0.45148636726234265,0.3086504622966604,0.3906737941220945,0.3957779565543855,0.42892984311633575
192,Linear,0.316228,0.4514864474035503,0.3086504327825166,0.3906737701385748,0.39577792477470836,0.4289298256425837
192,Linear,0.354813,0.45148653731924054,0.30865039967106844,0.39067374323252996,0.3957778891214407,0.4289298060383879
192,Linear,0.398107,0.4514866382066895,0.30865036252230493,0.3906737130476697,0.39577784912073743,0.428929784044364
192,Linear,0.446684,0.45148675140283734,0.3086503208450534,0.3906736791833986,0.3957778042436471,0.42892975937214106
192,Linear,0.501187,0.4514868784052178,0.3086502740893465,0.3906736411910834,0.39577775389788794,0.42892973169823795
192,Linear,0.562341,0.4514870209021976,0.3086502216353814,0.39067359856785855,0.3957776974159545,0.4289297006574125
192,Linear,0.630957,0.4514871807822288,0.3086501627902322,0.3906735507523861,0.3957776340515686,0.4289296658351186
192,Linear,0.707946,0.4514873601663857,0.30865009677601957,0.3906734971118061,0.3957775629669321,0.4289296267690677
192,Linear,0.794328,0.4514875614292279,0.3086500227224175,0.39067343693854634,0.3957774832246465,0.4289295829465467
192,Linear,0.891251,0.45148778724293465,0.3086499396506459,0.39067336944092856,0.39577739377046023,0.42892953378498044
192,Linear,1.0,0.45148804059810366,0.30864984646611227,0.3906732937299858,0.395777293425327,0.42892947864125147
192,Linear,1.12202,0.4514883248571224,0.30864974193914757,0.39067320880032635,0.3957771808646381,0.42892941678200186
192,Linear,1.25893,0.45148864378651454,0.308649624693576,0.3906731135317268,0.3957770546058829,0.428929347404295
192,Linear,1.41254,0.4514890015962059,0.3086494931928561,0.3906730066720192,0.39577691299368967,0.4289292695931657
192,Linear,1.58489,0.4514894030299474,0.3086493457075774,0.39067288681904844,0.3957767541647747,0.4289291823164807
192,Linear,1.77828,0.45148985343464887,0.3086491802909182,0.3906727523937062,0.3957765760214541,0.4289290844497493
192,Linear,1.99526,0.4514903587364197,0.308648994788602,0.3906726016593506,0.39577637624229134,0.4289289747183491
192,Linear,2.23872,0.4514909256493268,0.30864878676369034,0.3906724326239354,0.395776152201012,0.42892885166599176
192,Linear,2.51189,0.4514915616743171,0.3086485534988355,0.39067224306967036,0.39577590096880944,0.4289287137099618
192,Linear,2.81838,0.4514922751910293,0.3086482919648783,0.3906720305487905,0.39577561928037985,0.4289285590723504
192,Linear,3.16228,0.45149307568891517,0.30864799873902016,0.39067179225572224,0.39577530344560347,0.428928385711618
192,Linear,3.54813,0.4514939736952767,0.3086476700348437,0.3906715250983182,0.395774949381645,0.42892819139316013
192,Linear,3.98107,0.45149498112174524,0.30864730157998505,0.39067122563986467,0.3957745524809008,0.42892797361614216
192,Linear,4.46684,0.4514961112608975,0.3086468886231686,0.3906708900433407,0.39577410761820536,0.4289277294981039
192,Linear,5.01187,0.45149737899148734,0.30864642586631813,0.39067051396737906,0.3957736090772404,0.42892745594574777
192,Linear,5.62341,0.4514988010755454,0.30864590736512404,0.39067009264667024,0.39577305044283584,0.4289271495026892
192,Linear,6.30957,0.45150039624472116,0.3086453265089491,0.39066962072195743,0.3957724245785872,0.42892680628376895
192,Linear,7.07946,0.45150218551746113,0.30864467591944655,0.39066909223702023,0.39577172351671147,0.428926421939513
192,Linear,7.94328,0.451504192397719,0.30864394739607753,0.3906685004751282,0.3957709383981923,0.4289259917214974
192,Linear,8.91251,0.45150644330326706,0.3086431317828532,0.39066783803346694,0.3957700593277378,0.42892551026583503
192,Linear,10.0,0.4515089677581666,0.3086422189265722,0.3906670966618832,0.395769075326962,0.42892497165976706
192,Linear,11.2202,0.45151179890605675,0.30864119752599656,0.3906662672486321,0.39576797416955556,0.42892436934500083
192,Linear,12.5893,0.4515149738089705,0.3086400550677897,0.3906653397441082,0.39576674230938785,0.4289236958336873
192,Linear,14.1254,0.4515185338092841,0.3086387777503384,0.390664302676839,0.3957653647948564,0.4289229431398041
192,Linear,15.8489,0.4515225253930346,0.30863735024162053,0.39066314423284293,0.39576382500336055,0.428922102313255
192,Linear,17.7828,0.4515270008330016,0.30863575553516626,0.3906618507049449,0.39576210448032434,0.42892116369688155
192,Linear,19.9526,0.4515320178935031,0.30863397516067803,0.3906604068911248,0.3957601831595346,0.4289201167464452
192,Linear,22.3872,0.4515376418328152,0.3086319886025407,0.3906587961294551,0.39575803872714194,0.42891894913926637
192,Linear,25.1189,0.451543945301842,0.3086297735012484,0.39065700111118346,0.39575564682818065,0.4289176482420823
192,Linear,28.1838,0.4515510091441613,0.3086273055715924,0.3906550017967673,0.3957529809650414,0.42891620075763437
192,Linear,31.6228,0.45155892454546925,0.30862455810162576,0.3906527762096582,0.39575001193964193,0.4289145916697595
192,Linear,35.4813,0.4515677921478786,0.30862150257160526,0.3906503023109232,0.39574670850147203,0.4289128049084539
192,Linear,39.8107,0.45157772525992723,0.3086181079222332,0.39064755343551416,0.3957430365313244,0.4289108220119646
192,Linear,44.6684,0.4515888495534535,0.3086143411320425,0.39064450296002634,0.3957389596338152,0.42890862812894426
192,Linear,50.1187,0.45160130475818366,0.30861016720796713,0.3906411253906933,0.3957344390887639,0.42890620482279873
192,Linear,56.2341,0.45161524717310464,0.30860554904213955,0.3906373901110891,0.3957294336481767,0.4289035308340209
192,Linear,63.0957,0.45163085000642356,0.3086004481556822,0.3906332642150198,0.3957239002831255,0.4289005840802619
192,Linear,70.7946,0.4516483058623292,0.30859482490882945,0.3906287182095964,0.3957177943401777,0.42889734446745714
192,Linear,79.4328,0.4516678279197915,0.3085886393621917,0.39062371874087665,0.3957110703888984,0.4288937944031472
192,Linear,89.1251,0.4516896531702745,0.3085818517373494,0.3906182396356864,0.3957036826162268,0.4288899228214934
192,Linear,100.0,0.4517140431430579,0.30857442397846957,0.39061225164548796,0.3956955863966017,0.42888571653920216
192,Linear,112.202,0.4517412874866838,0.30856632076290197,0.39060572469337834,0.3956867392389347,0.4288811612143638
192,Linear,125.893,0.45177170516301923,0.30855751164209305,0.39059863685152235,0.39567710293737546,0.42887625261627954
192,Linear,141.254,0.45180564591122857,0.30854797348995183,0.39059096928514203,0.3956666460309561,0.42887098905040544
192,Linear,158.489,0.4518434960642443,0.30853769220844623,0.3905827152715436,0.39565534541411035,0.4288653769380213
192,Linear,177.828,0.4518856816884293,0.30852666583194976,0.39057387458393567,0.39564318943416626,0.42885942209057676
192,Linear,199.526,0.45193266234968715,0.30851491053873914,0.3905644551221856,0.3956301841624701,0.42885318221972424
192,Linear,223.872,0.45198494586812366,0.30850246173431095,0.3905544893350508,0.3956163541956513,0.42884669698355987
192,Linear,251.189,0.45204308246042324,0.30848938109935525,0.39054405366874173,0.39560174999863834,0.4288400041651827
192,Linear,281.838,0.45210766661862734,0.3084757619555141,0.39053322244178323,0.3955864533857016,0.4288332054294325
192,Linear,316.228,0.4521793502609787,0.3084617329079269,0.390522103423035,0.3955705810257897,0.42882642339032834
192,Linear,354.813,0.4522588271194857,0.3084474678512287,0.3905108353331489,0.3955542951030822,0.4288198332910204
192,Linear,398.107,0.452346853192833,0.30843318895065835,0.39049963844563507,0.39553780607858924,0.4288136288208075
192,Linear,446.684,0.45244423415835905,0.30841917613010794,0.39048872043565924,0.39552138287782196,0.428808033447454
192,Linear,501.187,0.45255182964180946,0.30840577300039757,0.39047832997465454,0.3955053591688669,0.42880335623232485
192,Linear,562.341,0.45267056287107726,0.30839339228917106,0.3904688068226966,0.39549013912696296,0.42879997612198284
192,Linear,630.957,0.45280141010442426,0.30838252332802374,0.39046049072486194,0.395476205880766,0.428798269986546
192,Linear,707.946,0.4529454072340071,0.30837373653837935,0.3904539103028829,0.39546412669346254,0.4287986742224141
192,Linear,794.328,0.45310364391996405,0.30836768816536947,0.3904496354470755,0.3954545588721268,0.4288017842160741
192,Linear,891.251,0.4532772732459813,0.308365123100969,0.3904482666532557,0.39544825363064284,0.42880826764608515
192,Linear,1000.0,0.4534674995894913,0.3083668775358082,0.3904504279771944,0.3954460605155309,0.42881872201554944
192,Linear,1122.02,0.4536755882313447,0.308373879811694,0.39045695678611975,0.3954489298282452,0.4288339474147434
192,Linear,1258.93,0.45390285497475347,0.3083871503371632,0.3904687732480036,0.39545791482975734,0.4288547721618262
192,Linear,1412.54,0.45415065794805926,0.3084077994312923,0.3904866761382024,0.39547417208789026,0.4288820639031706
192,Linear,1584.89,0.45442042034100316,0.30843702717574395,0.3905115720335268,0.3954989635950336,0.42891694260139995
192,Linear,1778.28,0.4547136306933041,0.30847612322639667,0.3905445833509228,0.3955336596696222,0.42896038475015935
192,Linear,1995.26,0.45503177941877526,0.3085264559092533,0.39058679917791844,0.39557973229611265,0.4290135757447687
192,Linear,2238.72,0.45537644110395703,0.30858948073530756,0.39063941574036726,0.3956387659677965,0.42907774583704894
192,Linear,2511.89,0.4557492133260814,0.3086667302558708,0.39070358841387226,0.3957124523067042,0.42915411952245974
192,Linear,2818.38,0.45615171225707496,0.30875980955107935,0.39078052949441333,0.3958025895520234,0.42924425048247283
192,Linear,3162.28,0.456585636582291,0.3088704101917191,0.39087164929155327,0.3959111004984492,0.42934936120517414
192,Linear,3548.13,0.45705265412290513,0.3090002825025733,0.3909781403697142,0.39604001027431074,0.4294710683338386
192,Linear,3981.07,0.4575545108881976,0.3091512619576549,0.39110148134979317,0.3961914773321355,0.42961095174680936
192,Linear,4466.84,0.4580929423445413,0.3093252443807837,0.39124317292089983,0.39636777460203293,0.42977095967761125
192,Linear,5011.87,0.45866969029383714,0.30952418637708046,0.3914045428215135,0.3965712957360035,0.4299528500628163
192,Linear,5623.41,0.45928654653933415,0.30975011726776547,0.3915868382585798,0.3968045741089965,0.4301584244996294
192,Linear,6309.57,0.4599452907556683,0.31000511309472123,0.3917915599734606,0.3970702635978485,0.43038969556199036
192,Linear,7079.46,0.460647724942873,0.31029130151074935,0.39202031656475217,0.39737115125200845,0.4306487417000838
192,Linear,7943.28,0.46139564756011303,0.31061084283115603,0.3922743205974671,0.3977101454154746,0.43093759668039605
192,Linear,8912.51,0.46219090677497526,0.310965942660912,0.3925551381642649,0.39809029694558523,0.4312589435117916
192,Linear,10000.0,0.46303535395513884,0.3113588223955277,0.3928637357322126,0.39851477518621464,0.43161515133641465
192,Linear,11220.2,0.4639309030593549,0.31179173671796906,0.39320199734557815,0.3989868927474084,0.4320082219654184
192,Linear,12589.3,0.464879503269587,0.31226695467584303,0.3935714240757287,0.39951008937836696,0.4324411045833632
192,Linear,14125.4,0.46588313099644824,0.3127867509658749,0.3939732544816149,0.40008792354693473,0.43291621334878067
192,Linear,15848.9,0.4669439090198177,0.31335347019227355,0.3944086998093101,0.40072414242522053,0.43343633952990257
192,Linear,17782.8,0.4680641262634669,0.31396955347606875,0.3948794222095551,0.4014227093124845,0.43400466513765584
192,Linear,19952.6,0.4692460249074338,0.31463744100403973,0.39538769712970256,0.4021876858285311,0.43462351096697355
192,Linear,22387.2,0.4704921446097287,0.31535979183133495,0.3959352498267531,0.403023471748651,0.43529619615394366
192,Linear,25118.9,0.4718051163335729,0.3161394130162482,0.39652367608662575,0.40393471462398334,0.43602621036079253
192,Linear,28183.8,0.4731876794803638,0.31697931849880506,0.3971547415585593,0.4049263649055955,0.4368167093756975
192,Linear,31622.8,0.4746429205527819,0.3178829388135565,0.39783044257086675,0.4060039135780546,0.437672143672613
192,Linear,35481.3,0.4761739006420914,0.3188539674933354,0.39855358353408366,0.4071732040434054,0.43859624598303176
192,Linear,39810.7,0.4777840310763288,0.3198966749281818,0.3993272938935694,0.4084408050133688,0.4395937363958381
192,Linear,44668.4,0.4794767787447712,0.3210158107068563,0.40015529218931395,0.4098139005203002,0.4406698324823419
192,Linear,50118.7,0.4812557187594119,0.3222167220517613,0.4010412783058472,0.41130044683412104,0.44182938996916804
192,Linear,56234.1,0.4831246495395457,0.3235055199546041,0.4019897664606006,0.4129094042149548,0.4430780899809219
192,Linear,63095.7,0.48508737142435826,0.3248890125868647,0.4030051835564069,0.4146506943933755,0.444422342155508
192,Linear,70794.6,0.48714775529767373,0.3263748224389091,0.40409281714977024,0.416535399761677,0.44586955241967813
192,Linear,79432.8,0.4893096194810541,0.32797135528670673,0.4052585411471448,0.4185757938566366,0.4474271795469398
192,Linear,89125.1,0.49157683048492484,0.3296879122325094,0.4065082867582402,0.4207855718719771,0.44910425880115873
192,Linear,100000.0,0.49395310902340206,0.33153456288744093,0.4078479557289816,0.42317979619100615,0.45091067595200335
192,DLinear,0.0,0.45148571043319286,0.3086507042678845,0.39067399075460235,0.3957782170946831,0.4289299863812034
192,DLinear,0.01,0.45148573075161724,0.30865069670141365,0.39067398489974015,0.3957782081607821,0.4289299813857485
192,DLinear,0.0112202,0.4514857332308663,0.30865069577816456,0.3906739841853352,0.3957782070706797,0.42892998077620764
192,DLinear,0.0125893,0.451485736012655,0.30865069474225526,0.39067398338375353,0.3957782058475562,0.42892998009228617
192,DLinear,0.0141254,0.45148573913375883,0.30865069357999175,0.39067398248439816,0.39577820447524276,0.42892997932494287
192,DLinear,0.0158489,0.4514857426356267,0.30865069227594005,0.3906739814753262,0.39577820293551574,0.4289299784639876
192,DLinear,0.0177828,0.4514857465649902,0.3086506908126996,0.3906739803430725,0.3957782012078296,0.4289299774979318
192,DLinear,0.0199526,0.45148575097366006,0.30865068917097843,0.39067397907270823,0.39577819926940566,0.42892997641403796
192,DLinear,0.0223872,0.45148575592035495,0.308650687328913,0.3906739776473145,0.3957781970944287,0.428929975197961
192,DLinear,0.0251189,0.4514857614707017,0.3086506852620681,0.39067397604798215,0.3957781946540468,0.4289299738335022
192,DLinear,0.0281838,0.4514857676980474,0.3086506829431345,0.39067397425357786,0.3957781919160144,0.42892997230261887
192,DLinear,0.0316228,0.4514857746854913,0.3086506803411724,0.3906739722401582,0.39577818884379934,0.4289299705848842
192,DLinear,0.0354813,0.45148578252527516,0.3086506774218389,0.3906739699811724,0.39577818539685117,0.42892996865762417
192,DLinear,0.0398107,0.451485791321831,0.30865067414625386,0.3906739674465621,0.3957781815292614,0.4289299664951689
192,DLinear,0.0446684,0.45148580119178033,0.3086506704710002,0.39067396460270976,0.39577817718976455,0.42892996406885237
192,DLinear,0.0501187,0.4514858122657631,0.3086506663474437,0.3906739614120172,0.3957781723209346,0.42892996134656347
192,DLinear,0.0562341,0.45148582469107806,0.3086506617207504,0.39067395783203573,0.3957781668580249,0.4289299582920973
192,DLinear,0.0630957,0.4514858386324952,0.30865065652958523,0.3906739538152605,0.3957781607286118,0.42892995486495533
192,DLinear,0.0707946,0.4514858542750999,0.30865065070505454,0.39067394930837934,0.39577815385134557,0.42892995101964687
192,DLinear,0.0794328,0.45148587182612077,0.30865064417002647,0.39067394425169716,0.39577814613514894,0.42892994670524065
192,DLinear,0.0891251,0.45148589151878815,0.3086506368376963,0.39067393857802957,0.39577813747752133,0.42892994186441624
192,DLinear,0.1,0.45148591361416285,0.30865062861090853,0.39067393221218116,0.39577812776373916,0.42892993643302196
192,DLinear,0.112202,0.4514859384058069,0.3086506193804207,0.39067392506959825,0.39577811686480446,0.4289299303390973
192,DLinear,0.125893,0.4514859662226258,0.30865060902384855,0.3906739170557228,0.3957781046361992,0.4289299235017593
192,DLinear,0.141254,0.45148599743232076,0.3086505974043864,0.39067390806501673,0.39577809091637395,0.42892991583075324
192,DLinear,0.158489,0.4514860324493088,0.3086505843678642,0.390673897977966,0.3957780755232708,0.42892990722421465
192,DLinear,0.177828,0.4514860717408142,0.308650569740488,0.3906738866601446,0.39577805825165496,0.42892989756812683
192,DLinear,0.199526,0.45148611582483217,0.3086505533296074,0.39067387396214714,0.3957780388740195,0.42892988673452936
192,DLinear,0.223872,0.45148616528840735,0.3086505349169239,0.3906738597149908,0.3957780171325633,0.42892987457918386
192,DLinear,0.251189,0.4514862207876266,0.3086505142585092,0.39067384372997876,0.39577799273920994,0.42892986094130336
192,DLinear,0.281838,0.451486283055735,0.30865049108180326,0.3906738257964324,0.3957779653720608,0.4289298456412623
192,DLinear,0.316228,0.4514863529234409,0.30865046507808225,0.39067380567586474,0.395777934666496,0.4289298284747812
192,DLinear,0.354813,0.4514864313128048,0.3086504359047636,0.3906737831038795,0.3957779002178923,0.4289298092164616
192,DLinear,0.398107,0.4514865192676937,0.3086504031741113,0.3906737577790977,0.3957778615682783,0.4289297876099403
192,DLinear,0.446684,0.45148661795375616,0.30865036645329497,0.39067372936825845,0.3957778182063974,0.4289297633691346
192,DLinear,0.501187,0.4514867286766752,0.30865032525765945,0.3906736974971286,0.39577776955974914,0.428929736174482
192,DLinear,0.562341,0.4514868529085388,0.30865027904099185,0.3906736617430611,0.39577771498308356,0.4289297056675077
192,DLinear,0.630957,0.45148699229591494,0.30865022719261603,0.39067362163071834,0.3957776537549537,0.4289296714443723
192,DLinear,0.707946,0.4514871486882307,0.3086501690269603,0.39067357663090196,0.395777585065376,0.42892963305246534
192,DLinear,0.794328,0.45148732415597487,0.3086501037769422,0.3906735261492789,0.39577750800799266,0.4289295899822283
192,DLinear,0.891251,0.451487521029195,0.30865003057984974,0.3906734695226697,0.39577742156336587,0.4289295416628324
192,DLinear,1.0,0.4514877419156528,0.30864994847083743,0.3906734060045524,0.3957773245912568,0.42892948745817333
192,DLinear,1.12202,0.45148798974738635,0.308649856365929,0.390673334749675,0.39577721581049996,0.4289294266544415
192,DLinear,1.25893,0.45148826780894585,0.30864975305191406,0.39067325481854104,0.395777093787007,0.4289293584519361
192,DLinear,1.41254,0.45148857977167633,0.30864963717409877,0.3906731651657711,0.39577695691921994,0.42892928195818086
192,DLinear,1.58489,0.4514889297726103,0.30864950720761597,0.3906730646084171,0.3957768034041224,0.4289291961656758
192,DLinear,1.77828,0.4514893224749941,0.3086493614357372,0.39067295182009437,0.3957766312114944,0.4289290999537694
192,DLinear,1.99526,0.45148976304748784,0.3086491979585701,0.39067282534196424,0.39577643809402546,0.42892899205798873
192,DLinear,2.23872,0.45149025734629766,0.30864901462668753,0.3906726835005772,0.39577622150871195,0.4289288710590352
192,DLinear,2.51189,0.45149081191438273,0.30864880904299014,0.3906725244226555,0.3957759786188,0.428928735354623
192,DLinear,2.81838,0.45149143406168957,0.30864857853488104,0.3906723460525471,0.39577570626059744,0.42892858319048277
192,DLinear,3.16228,0.45149213206690814,0.30864832008195536,0.39067214604178413,0.39577540085763335,0.42892841255824243
192,DLinear,3.54813,0.4514929151150146,0.30864803034221905,0.39067192180396965,0.3957750584511336,0.4289282213009203
192,DLinear,3.98107,0.4514937935997564,0.3086477055439652,0.3906716704230041,0.3957746745716184,0.42892800693749095
192,DLinear,4.46684,0.45149477912116476,0.30864734149159245,0.3906713886936415,0.39577424424497554,0.42892776672606725
192,DLinear,5.01187,0.4514958846650945,0.30864693350528616,0.39067107300177756,0.39577376192017333,0.42892749752458237
192,DLinear,5.62341,0.4514971248630394,0.30864647633275677,0.3906707192771485,0.3957732213636651,0.42892719587451816
192,DLinear,6.30957,0.4514985160683464,0.30864596413076806,0.390670322961633,0.3957726156359638,0.4289268579831962
192,DLinear,7.07946,0.4515000766339788,0.3086453903748005,0.390669878999726,0.3957719369828462,0.4289264794362458
192,DLinear,7.94328,0.45150182708726344,0.30864474780982104,0.3906693817978757,0.3957711767746469,0.4289260555909213
192,DLinear,8.91251,0.45150379050527745,0.30864402833126786,0.39066882513386425,0.39577032536235246,0.42892558106062495
192,DLinear,10.0,0.4515059926850135,0.3086432229463411,0.39066820205400365,0.39576937202788715,0.4289250499405124
192,DLinear,11.2202,0.45150846259398103,0.30864232163860783,0.39066750498316233,0.39576830481898134,0.42892445567558063
192,DLinear,12.5893,0.4515112326344796,0.30864131330853584,0.39066672543564307,0.39576711047263285,0.42892379106976863
192,DLinear,14.1254,0.4515143389638432,0.30864018570261975,0.3906658539776633,0.3957657743235728,0.42892304795161723
192,DLinear,15.8489,0.4515178222533359,0.30863892519506203,0.3906648797283152,0.3957642800360638,0.4289222172209847
192,DLinear,17.7828,0.45152172825648546,0.3086375166547589,0.3906637911866299,0.39576260943410674,0.4289212891456031
192,DLinear,19.9526,0.45152610756026273,0.30863594362415664,0.39066257574146873,0.3957607426986843,0.4289202530089281
192,DLinear,22.3872,0.45153101734383966,0.30863418779665597,0.3906612202147303,0.39575865772930807,0.4289190962066329
192,DLinear,25.1189,0.4515365213041777,0.3086322291832625,0.3906597087291186,0.3957563303183776,0.4289178058270244
192,DLinear,28.1838,0.4515426903716741,0.308630046026473,0.3906580238881567,0.39575373402043906,0.4289163684678447
192,DLinear,31.6228,0.45154960460894034,0.3086276143396769,0.3906561474660981,0.39575083956865786,0.42891476897458625
192,DLinear,35.4813,0.4515573524643249,0.30862490843315127,0.3906540608552053,0.3957476154561354,0.4289129899680396
192,DLinear,39.8107,0.4515660336097127,0.3086219002396273,0.39065174156198185,0.3957440270782601,0.4289110132155136
192,DLinear,44.6684,0.4515757587180138,0.3086185597922456,0.39064916670403055,0.39574003723402557,0.42890881958265753
192,DLinear,50.1187,0.45158665099600126,0.3086148551756803,0.39064631334660854,0.3957356059851999,0.4289063897704648
192,DLinear,56.2341,0.45159884844513715,0.3086107523484026,0.39064315416502804,0.39573069034096886,0.42890370105029524
192,DLinear,63.0957,0.45161250423961563,0.308606215740699,0.39063966163473696,0.3957252448474277,0.4289007288612847
192,DLinear,70.7946,0.45162778900131323,0.3086012083656614,0.3906358075277903,0.3957192215678023,0.42889744889132353
192,DLinear,79.4328,0.45164489195418284,0.3085956924928814,0.39063156333034593,0.3957125707053932,0.428893841068792
192,DLinear,89.1251,0.45166402391102695,0.3085896299459422,0.3906269009913815,0.395705240735324,0.42888988287250884
192,DLinear,100.0,0.4516854180950602,0.3085829833590385,0.3906217914830488,0.39569717964757134,0.42888555203465145
192,DLinear,112.202,0.451709333507311,0.30857571691627794,0.39061621374930844,0.39568833551433,0.42888083000087857
192,DLinear,125.893,0.4517360562524097,0.30856779807222945,0.3906101436392389,0.3956786581867862,0.4288756997967365
192,DLinear,141.254,0.45176590115821436,0.30855919951969824,0.3906035647862077,0.39566810123488644,0.4288701493376176
192,DLinear,158.489,0.4517992172954074,0.308549900451454,0.39059646232907025,0.3956566229449865,0.4288641729604063
192,DLinear,177.828,0.45183639124119496,0.30853988903500673,0.39058882554076024,0.39564418870568,0.42885776462189995
192,DLinear,199.526,0.45187784217476556,0.3085291674965407,0.39058066579746553,0.3956307765637509,0.42885093027433496
192,DLinear,223.872,0.4519240355832172,0.30851775269663984,0.39057199312960883,0.39561637709626085,0.42884368683576896
192,DLinear,251.189,0.45197547893833556,0.30850568209482654,0.39056286334705526,0.3956009998929128,0.4288360728055198
192,DLinear,281.838,0.452032724320781,0.30849301819367625,0.39055332659481845,0.39558467811738945,0.42882813793403013
192,DLinear,316.228,0.45209638122042356,0.308479851360998,0.3905434565888436,0.39556747086951755,0.4288199601456959
192,DLinear,354.813,0.45216710401426696,0.3084663086118032,0.39053336575195446,0.39554947320737555,0.4288116465299012
192,DLinear,398.107,0.4522456116416086,0.3084525558982456,0.39052317106268886,0.3955308177308462,0.4288033456277659
192,DLinear,446.684,0.4523326781329063,0.30843880664325224,0.39051304652762275,0.39551168438125284,0.42879521554990935
192,DLinear,501.187,0.45242913828972003,0.3084253271506039,0.39050316591424394,0.3954923062997979,0.4287874578646318
192,DLinear,562.341,0.4525358984408728,0.3084124417234823,0.3904938508117164,0.39547297527598874,0.42878031148937784
192,DLinear,630.957,0.452653929246426,0.3084005402420344,0.3904853692270277,0.3954540509668628,0.4287741358675209
192,DLinear,707.946,0.4527842740184846,0.3083900832541696,0.39047806733921264,0.3954359669250751,0.42876926959174916
192,DLinear,794.328,0.45292804588892377,0.3083816079964106,0.3904724089980207,0.3954192385115298,0.42876615788888905
192,DLinear,891.251,0.4530864390472933,0.3083757330095792,0.3904689009523616,0.39540446891231257,0.42876528522128365
192,DLinear,1000.0,0.4532607201134629,0.3083731636683694,0.3904681085691684,0.39539235758307095,0.428767257485513
192,DLinear,1122.02,0.45345223908320165,0.3083746963669092,0.39047058585755423,0.39538370663845457,0.4287727780600569
192,DLinear,1258.93,0.45366242166119386,0.3083812229859258,0.39047710402919494,0.3953794289878461,0.4287825892531988
192,DLinear,1412.54,0.45389276287869146,0.3083937341586608,0.39048844378026853,0.39538055556374335,0.4287974620781546
192,DLinear,1584.89,0.454144848804515,0.30841332414370687,0.39050542788780723,0.39538824320779026,0.4288183899586413
192,DLinear,1778.28,0.4544203569996643,0.30844119660912017,0.3905289583169132,0.3954037851287237,0.42884630873214774
192,DLinear,1995.26,0.4547209956518668,0.30847866261968915,0.39056018144907007,0.3954286165252617,0.42888229571912195
192,DLinear,2238.72,0.4550485784977916,0.3085271523924891,0.3906001891907799,0.3954643281866518,0.4289277194535257
192,DLinear,2511.89,0.45540496369294203,0.3085882134418704,0.3906500974309953,0.39551267280054503,0.4289839384349969
192,DLinear,2818.38,0.455792044170028,0.3086635115032938,0.39071132822975424,0.39557557153990897,0.4290524838658431
192,DLinear,3162.28,0.4562118028638047,0.3087548455580038,0.39078511472567146,0.39565513295399507,0.42913491467394443
192,DLinear,3548.13,0.45666619592350294,0.30886412739615215,0.3908728369039135,0.39575364163922566,0.4292328132468306
192,DLinear,3981.07,0.45715724934653673,0.3089934035252663,0.3909760019511892,0.3958735826534128,0.42934826070727733
192,DLinear,4466.84,0.45768696327037134,0.3091448323685472,0.39109629474334223,0.39601762616936736,0.42948305064111925
192,DLinear,5011.87,0.45825731761762045,0.30932067945645386,0.39123548793952345,0.3961886265877847,0.4296396300712387
192,DLinear,5623.41,0.4588703048572438,0.3095233207013637,0.3913952408388701,0.39638962968121255,0.42982037755428976
192,DLinear,6309.57,0.45952785839567983,0.30975520958905794,0.3915772812103905,0.396623843938757,0.4300274064919308
192,DLinear,7079.46,0.4602318770307256,0.3100188691305792,0.39178398038182055,0.39689463488010857,0.43026330478021474
192,DLinear,7943.28,0.4609841906900275,0.31031686037850437,0.39201668239555,0.39720549501846997,0.43053071841146867
192,DLinear,8912.51,0.46178660725941845,0.31065177881335426,0.39227706110679345,0.3975600415725031,0.4308326335763555
192,DLinear,10000.0,0.46264086137483024,0.3110262110066765,0.3925672504437652,0.3979619717629044,0.4311717207757747
192,DLinear,11220.2,0.46354867237146496,0.3114427355168473,0.3928888795566648,0.3984150631649901,0.43155073920596837
192,DLinear,12589.3,0.46451171748948533,0.3119038904017545,0.39324367487949025,0.3989231370504693,0.4319726976183022
192,DLinear,14125.4,0.4655316273711431,0.31241215150766055,0.3936332862006389,0.3994900303142168,0.4324401744153229
192,DLinear,15848.9,0.4666101139177314,0.31296998471217596,0.3940592236592749,0.40011964809620393,0.4329562812916053
192,DLinear,17782.8,0.46774900015124654,0.3135798655323416,0.3945232785972728,0.400815980793423,0.4335238156110567
192,DLinear,19952.6,0.46895001593291086,0.31424417800761295,0.39502664836360163,0.4015829794784508,0.4341453315714933
192,DLinear,22387.2,0.4702151624268699,0.3149654311835013,0.3955708034336841,0.40242479312744234,0.4348233475509493
192,DLinear,25118.9,0.47154651882026105,0.3157461915908055,0.3961574996192383,0.40334568227676554,0.4355607385315099
192,DLinear,28183.8,0.4729462777108583,0.3165891471461481,0.3967887062463571,0.4043500822452847,0.4363609101217211
192,DLinear,31622.8,0.4744170050353628,0.31749732649088547,0.397466894844323,0.4054428571171482,0.4372273866768872
192,DLinear,35481.3,0.47596128141149413,0.3184739567503086,0.3981943097561541,0.40662912700420584,0.438163525925323
192,DLinear,39810.7,0.4775820995014643,0.31952279361661706,0.3989733213203946,0.40791466795566755,0.4391731565703086
192,DLinear,44668.4,0.4792825826006035,0.3206480404732662,0.39980677677924625,0.4093058258534902,0.4402604659513145
192,DLinear,50118.7,0.4810660523388749,0.3218544869569657,0.400698127981914,0.41080970400227945,0.44143054023789363
192,DLinear,56234.1,0.48293615498987946,0.32314769697790036,0.4016511394591894,0.412434427978893,0.4426885459636781
192,DLinear,63095.7,0.4848966469392942,0.3245339638101897,0.40266982315681465,0.41418913353685627,0.44404012443913
192,DLinear,70794.6,0.4869514671585253,0.32602045002419106,0.40375908803686145,0.41608419851073764,0.4454917755094772
192,DLinear,79432.8,0.4891046134968593,0.3276151781666651,0.4049244744321662,0.41813130242195107,0.4470514221151259
192,DLinear,89125.1,0.4913602377003327,0.32932716281930263,0.4061714137411586,0.4203436834965909,0.4487280134586506
192,DLinear,100000.0,0.4937224423497651,0.33116630120777296,0.4075064259087473,0.42273610458027505,0.450531002369811
192,NLinear,0.0,0.466766458347689,0.2753439518566883,0.36188123042389997,0.3323947705667108,0.37597234773512406
192,NLinear,0.01,0.46676647364264406,0.27534394325756945,0.361881222353754,0.332394759768486,0.3759723359029952
192,NLinear,0.0112202,0.46676647550892963,0.2753439422083166,0.36188122136904155,0.3323947584508988,0.3759723344592531
192,NLinear,0.0125893,0.46676647760295525,0.27534394103102733,0.3618812202641672,0.33239475697253074,0.3759723328393343
192,NLinear,0.0141254,0.4667664799524042,0.2753439397101385,0.3618812190245248,0.33239475531383816,0.3759723310218238
192,NLinear,0.0158489,0.4667664825884774,0.2753439382281096,0.3618812176336522,0.3323947534527947,0.3759723289825852
192,NLinear,0.0177828,0.4667664855463527,0.27534393656516487,0.36188121607298923,0.3323947513645667,0.3759723266944065
192,NLinear,0.0199526,0.46676648886503064,0.2753439346993793,0.3618812143219588,0.3323947490216213,0.37597232412711756
192,NLinear,0.0223872,0.46676649258871267,0.2753439326059048,0.3618812123572399,0.3323947463927554,0.3759723212465261
192,NLinear,0.0251189,0.46676649676679915,0.2753439302569706,0.3618812101527688,0.33239474344309544,0.3759723180144174
192,NLinear,0.0281838,0.46676650145450294,0.27534392762153964,0.36188120767941534,0.3323947401336655,0.3759723143880819
192,NLinear,0.0316228,0.46676650671437736,0.2753439246644484,0.3618812049041768,0.33239473642030815,0.37597231031917216
192,NLinear,0.0354813,0.46676651261585766,0.2753439213466659,0.36188120179041994,0.3323947322540089,0.3759723057539801
192,NLinear,0.0398107,0.4667665192375554,0.27534391762400395,0.3618811982966707,0.3323947275792767,0.37597230063172143
192,NLinear,0.0446684,0.4667665266672576,0.27534391344711795,0.3618811943766168,0.33239472233414447,0.3759722948844415
192,NLinear,0.0501187,0.46676653500330334,0.27534390876073345,0.3618811899783898,0.3323947164491986,0.37597228843607317
192,NLinear,0.0562341,0.4667665443565714,0.2753439035025298,0.36188118504348216,0.3323947098461757,0.3759722812008951
192,NLinear,0.0630957,0.46676655485109225,0.27534389760279687,0.36188117950646204,0.3323947024375323,0.3759722730829546
192,NLinear,0.0707946,0.4667665666261875,0.27534389098323303,0.36188117329383174,0.33239469412493444,0.37597226397458783
192,NLinear,0.0794328,0.46676657983784653,0.2753438835561731,0.3618811663233027,0.3323946847982881,0.37597225375522647
192,NLinear,0.0891251,0.46676659466163173,0.2753438752229571,0.3618811585022742,0.33239467433369,0.37597224228892445
192,NLinear,0.1,0.4667666112940528,0.27534386587315934,0.3618811497272544,0.33239466259245903,0.3759722294237005
192,NLinear,0.112202,0.4667666299560833,0.2753438553826144,0.3618811398815801,0.332394649418657,0.37597221498865696
192,NLinear,0.125893,0.4667666508953006,0.2753438436122187,0.36188112883467727,0.3323946346375817,0.3759721987923496
192,NLinear,0.141254,0.46676667438848257,0.2753438304064741,0.3618811164407152,0.33239461805393755,0.3759721806207319
192,NLinear,0.158489,0.4667667007475697,0.27534381559014287,0.36188110253522243,0.3323945994476332,0.37597216023286023
192,NLinear,0.177828,0.46676673032424904,0.2753437989656778,0.36188108693287374,0.332394578570552,0.3759721373573209
192,NLinear,0.199526,0.4667667635084206,0.2753437803140934,0.3618810694283489,0.3323945551476442,0.3759721116920499
192,NLinear,0.223872,0.4667668007419551,0.2753437593872441,0.3618810497886071,0.33239452886722604,0.3759720828952846
192,NLinear,0.251189,0.4667668425186864,0.27534373590784256,0.36188102775296577,0.33239449938099935,0.3759720505857171
192,NLinear,0.281838,0.46676688939051925,0.2753437095660449,0.36188100303087406,0.33239446629975805,0.375972014336229
192,NLinear,0.316228,0.46676694198271074,0.2753436800108847,0.36188097529379987,0.3323944291826246,0.37597197366526314
192,NLinear,0.354813,0.46676700098926593,0.2753436468528887,0.3618809441752679,0.3323943875403266,0.37597192803581886
192,NLinear,0.398107,0.46676706719585903,0.27534360965123156,0.3618809092609116,0.33239434081905583,0.37597187684136124
192,NLinear,0.446684,0.4667671414798086,0.27534356791379505,0.3618808700884988,0.33239428840052965,0.37597181940363655
192,NLinear,0.501187,0.46676722482380945,0.2753435210895073,0.3618808261421422,0.3323942295923546,0.37597175496651053
192,NLinear,0.562341,0.4667673183357747,0.27534346855726655,0.3618807768393359,0.3323941636140954,0.37597168267411923
192,NLinear,0.630957,0.46676742325490295,0.275343409622621,0.36188072152985484,0.3323940895930813,0.37597160156782927
192,NLinear,0.707946,0.466767540973025,0.2753433435058897,0.36188065948147896,0.3323940065494543,0.3759715105776175
192,NLinear,0.794328,0.46676767304828953,0.2753432693346163,0.3618805898717452,0.33239391338665253,0.3759714084982869
192,NLinear,0.891251,0.4667678212341166,0.2753431861274854,0.3618805117819881,0.33239380887115927,0.37597129398418094
192,NLinear,1.0,0.466767987492837,0.27534309278688657,0.3618804241808317,0.33239369162310134,0.3759711655190603
192,NLinear,1.12202,0.46676817403070353,0.2753429880795381,0.36188032590510566,0.33239356009183213,0.37597102140753536
192,NLinear,1.25893,0.4667683833191012,0.27534287062493334,0.361880215657345,0.3323934125413206,0.3759708597466232
192,NLinear,1.41254,0.46676861812029535,0.2753427388813304,0.36188009200040305,0.332393247032429,0.37597067841692855
192,NLinear,1.58489,0.4667688815467438,0.2753425911130265,0.3618799533116733,0.33239306138164676,0.3759704750249991
192,NLinear,1.77828,0.46676917710656235,0.2753424253655636,0.36187979776927454,0.33239285312974154,0.37597024687600955
192,NLinear,1.99526,0.46676950868776357,0.27534223947544684,0.3618796233261888,0.3323926195537271,0.37596999100231765
192,NLinear,2.23872,0.4667698806951956,0.2753420309944642,0.3618794276859823,0.33239235757146546,0.3759697040122691
192,NLinear,2.51189,0.4667702980497716,0.2753417971915312,0.36187920825896613,0.3323920637435923,0.37596938213549613
192,NLinear,2.81838,0.4667707662486384,0.2753415350207121,0.361878962200594,0.3323917342328485,0.3759690211599647
192,NLinear,3.16228,0.46677129151673585,0.27534124103855123,0.3618786862794589,0.33239136469956587,0.37596861633962647
192,NLinear,3.54813,0.466771880759452,0.2753409114333564,0.3618783768906042,0.3323909503377011,0.37596816240091385
192,NLinear,3.98107,0.4667725417898169,0.27534054190153445,0.36187803000109253,0.33239048571841967,0.3759676534039891
192,NLinear,4.46684,0.4667732833260846,0.2753401276533549,0.3618776411389866,0.3323899647961124,0.3759670827081047
192,NLinear,5.01187,0.46677411512615186,0.2753396633432627,0.3618772052962309,0.3323893808192565,0.37596644289367953
192,NLinear,5.62341,0.46677504818218657,0.2753391429680964,0.3618767168225349,0.33238872620048765,0.37596572568411035
192,NLinear,6.30957,0.46677609477688825,0.2753385598443725,0.36187616942601736,0.33238799248560374,0.37596492185153024
192,NLinear,7.07946,0.4667772686911069,0.2753379065033428,0.36187555616430483,0.3323871702185192,0.3759640210786679
192,NLinear,7.94328,0.46677858533360417,0.2753371746322887,0.3618748692493339,0.3323862488635968,0.3759630116586962
192,NLinear,8.91251,0.4667800620212906,0.27533635493564634,0.36187409997935294,0.3323852166260794,0.37596188093769173
192,NLinear,10.0,0.4667817181045361,0.2753354370867196,0.36187323842406643,0.3323840603853078,0.3759606144886781
192,NLinear,11.2202,0.4667835753027,0.275334409568157,0.36187227365929203,0.3323827654863283,0.375959196164701
192,NLinear,12.5893,0.46678565789864823,0.2753332595975737,0.3618711938588885,0.33238131563678885,0.3759576080845756
192,NLinear,14.1254,0.46678799297431733,0.2753319730385536,0.3618699858399317,0.33237969278312945,0.37595583046451936
192,NLinear,15.8489,0.466790610974654,0.2753305341412962,0.3618686347056329,0.33237787676889025,0.3759538409982863
192,NLinear,17.7828,0.46679354612643853,0.27532892537768516,0.36186712413593136,0.33237584510802093,0.37595161488625317
192,NLinear,19.9526,0.46679683624104185,0.2753271276294232,0.36186543620992784,0.33237357319967387,0.37594912501917516
192,NLinear,22.3872,0.4668005240231232,0.27532511957089567,0.36186355166448464,0.3323710335202964,0.3759463414283173
192,NLinear,25.1189,0.4668046569984562,0.27532287783409465,0.36186144836277284,0.33236819579616805,0.3759432308777863
192,NLinear,28.1838,0.46680928803158245,0.275320376878935,0.36185910273934224,0.3323650267956894,0.3759397570231861
192,NLinear,31.6228,0.46681447672630544,0.2753175884262769,0.36185648703508894,0.33236148955611394,0.3759358784991716
192,NLinear,35.4813,0.4668202888342591,0.2753144820116299,0.36185357252969313,0.33235754401725387,0.3759315512138125
192,NLinear,39.8107,0.46682679834579405,0.27531102415081826,0.3618503284000516,0.332353145878792,0.37592672675985733
192,NLinear,44.6684,0.4668340872747699,0.2753071788125047,0.36184672168028614,0.33234824709562844,0.37592135284666156
192,NLinear,50.1187,0.4668422467491023,0.27530290726908846,0.36184271615110175,0.3323427955612208,0.3759153722380111
192,NLinear,56.2341,0.46685137863141474,0.2752981677752205,0.36183827301774174,0.3323367345393058,0.3759087192317418
192,NLinear,63.0957,0.46686159571148333,0.27529291611334394,0.36183335100584535,0.3323300031661992,0.37590133042434665
192,NLinear,70.7946,0.4668730232983695,0.2752871055452425,0.3618279038214728,0.33232253615313967,0.3758931332186913
192,NLinear,79.4328,0.4668857999479734,0.27528068737461137,0.36182188689613043,0.33231426422053495,0.3758840478686978
192,NLinear,89.1251,0.46690007952888607,0.2752736110242548,0.3618152552925085,0.3323051138476602,0.3758739933181714
192,NLinear,100.0,0.4669160316327362,0.27526582517066217,0.3618079662609048,0.33229500831379205,0.3758628837042633
192,NLinear,112.202,0.4669338438406682,0.2752572782069984,0.3617999642852086,0.3322838677911949,0.3758506356637472
192,NLinear,125.893,0.466953722413267,0.27524791977130253,0.36179120912088236,0.3322716107241379,0.37583715411691176
192,NLinear,141.254,0.4669758931420954,0.27523770247784834,0.36178166295444475,0.3322581553790466,0.3758223437715633
192,NLinear,158.489,0.4670006050258962,0.27522658269366795,0.3617712766744253,0.3322434200167983,0.37580611067770203
192,NLinear,177.828,0.46702813217349637,0.27521452259922075,0.3617600260439208,0.33222732459439297,0.3757883639494299
192,NLinear,199.526,0.4670587695716757,0.27520149525442617,0.3617478853615506,0.3322097963608148,0.3757690022875987
192,NLinear,223.872,0.4670928425259336,0.27518748405992044,0.36173483212812213,0.33219076783151463,0.37574793373176235
192,NLinear,251.189,0.46713070262733314,0.27517248851181075,0.3617208742073042,0.33217018301956475,0.37572509608038757
192,NLinear,281.838,0.4671727287515238,0.2751565279524616,0.36170603252336,0.3321480009188374,0.37570043860884494
192,NLinear,316.228,0.4672193353648814,0.2751396429715235,0.3616903452761399,0.33212419554586203,0.37567393074873495
192,NLinear,354.813,0.4672709620982055,0.2751219040645568,0.361673895567843,0.3320987660132495,0.3756455319412147
192,NLinear,398.107,0.4673280867623585,0.27510341172847136,0.3616567910872358,0.33207173457105216,0.3756152565947813
192,NLinear,446.684,0.4673912168741316,0.27508430426283387,0.3616391628535471,0.3320431555655229,0.3755831588918452
192,NLinear,501.187,0.46746089214520975,0.2750647612809625,0.3616211489656497,0.33201311851837306,0.3755492799220488
192,NLinear,562.341,0.4675376904430904,0.2750450062387295,0.3616029927670492,0.3319817497468907,0.3755136991485065
192,NLinear,630.957,0.46762222066109477,0.27502531214202475,0.3615849298331349,0.3319492192129005,0.3754766091134599
192,NLinear,707.946,0.4677151267281337,0.27500600333462705,0.3615672541624857,0.3319157418846804,0.3754381223288267
192,NLinear,794.328,0.4678170835719901,0.2749874584224285,0.361550333594016,0.3318815815931819,0.3753985017107922
192,NLinear,891.251,0.4679288031031561,0.27497011025086404,0.36153459379573893,0.3318470505820177,0.3753580149770761
192,NLinear,1000.0,0.46805102615577554,0.2749544475572698,0.3615204733651285,0.3318125130812215,0.3753169799474977
192,NLinear,1122.02,0.46818452840936314,0.2749410132452177,0.36150855186373254,0.33177838358503825,0.3752757192394998
192,NLinear,1258.93,0.4683301134056518,0.2749304036640003,0.3614993064065128,0.33174512836588427,0.3752346256025586
192,NLinear,1412.54,0.468488606927763,0.2749232661298558,0.36149327584504687,0.3317132652857331,0.3751941926339703
192,NLinear,1584.89,0.46866087102470777,0.27492029511657307,0.36149105412212124,0.33168335945100375,0.3751548580691845
192,NLinear,1778.28,0.4688478033943452,0.2749222303716806,0.361493238547126,0.3316560232833058,0.3751170506289425
192,NLinear,1995.26,0.4690502959446114,0.27492985302080675,0.36150057273736896,0.33163192118901375,0.37508128764401394
192,NLinear,2238.72,0.4692692859840187,0.27494398259869607,0.36151373639649825,0.33161176081376276,0.37504827214842124
192,NLinear,2511.89,0.4695057155639316,0.2749654733894849,0.36153341187807236,0.3315962981234131,0.3750186169327021
192,NLinear,2818.38,0.46976052672532986,0.27499520965493696,0.36156023638926976,0.33158633585716446,0.3749929021227047
192,NLinear,3162.28,0.47003469946633036,0.2750341074575642,0.361594922501162,0.3315827220599321,0.3749717075357371
192,NLinear,3548.13,0.47032917710712163,0.27508310245619383,0.36163824220731516,0.3315863522774092,0.374956029660612
192,NLinear,3981.07,0.47064493196486584,0.2751431552410708,0.36169099153710166,0.33159816772398776,0.3749464266353198
192,NLinear,4466.84,0.47098290582648145,0.2752152375176863,0.36175383945311135,0.3316191540032118,0.37494367322902333
192,NLinear,5011.87,0.47134401710246554,0.2753003255240462,0.36182739076776055,0.3316503370619704,0.3749486132605861
192,NLinear,5623.41,0.47172918461003527,0.2753993974685334,0.36191254235553694,0.3316927812731456,0.3749621874998432
192,NLinear,6309.57,0.4721392854107892,0.27551341288133646,0.36201008546413066,0.33174757974127517,0.374985315092748
192,NLinear,7079.46,0.4725751737543423,0.2756433030883979,0.36212065218195433,0.33181584691206756,0.3750187757175634
192,NLinear,7943.28,0.47303766326214075,0.2757899494476751,0.3622449846428136,0.3318987044167022,0.3750635235517297
192,NLinear,8912.51,0.473527559291361,0.2759541745275266,0.3623835982050084,0.3319972725728854,0.37512079612147287
192,NLinear,10000.0,0.47404563091383417,0.2761367131854643,0.36253737610954984,0.3321126494633619,0.37519113235163076
192,NLinear,11220.2,0.4745926498339056,0.2763382051919409,0.3627068992955862,0.3322459011508586,0.375275856979215
192,NLinear,12589.3,0.47516937756108846,0.2765591719168291,0.3628923772101617,0.3323980409520412,0.37537589828219625
192,NLinear,14125.4,0.47577656662668766,0.27679999975127095,0.36309390584263923,0.3325700105959981,0.3754920215436486
192,NLinear,15848.9,0.4764150401291642,0.27706096046936185,0.3633119677698144,0.33276268666532344,0.3756253205877919
192,NLinear,17782.8,0.47708571128502986,0.2773422174747643,0.3635471251581853,0.33297687811090276,0.37577682874762397
192,NLinear,19952.6,0.47778946559532265,0.27764378051568506,0.3637995387957456,0.3332132817274252,0.37594738048062587
192,NLinear,22387.2,0.4785273769270902,0.277965610468807,0.3640695242683033,0.3334725517719187,0.37613773147166396
192,NLinear,25118.9,0.47930059372727607,0.27830759650441045,0.36435707284121077,0.33375527336058286,0.3763488456213853
192,NLinear,28183.8,0.4801103590895252,0.27866959849616735,0.3646625236540756,0.33406198550183674,0.37658106084597
192,NLinear,31622.8,0.4809581578068316,0.2790515572148853,0.3649863176546954,0.33439326552574067,0.3768351003385999
192,NLinear,35481.3,0.4818455036324202,0.27945345121735343,0.3653285471115163,0.3347496859379548,0.3771117908359907
192,NLinear,39810.7,0.482774160742691,0.2798754538938695,0.3656896523195965,0.3351319466315324,0.377411685003253
192,NLinear,44668.4,0.4837459714596604,0.2803179154321642,0.36607019402689334,0.33554085927193433,0.3777357319769495
192,NLinear,50118.7,0.484762882904209,0.28078143271611045,0.36647157784868967,0.33597741180080193,0.37808481580372294
192,NLinear,56234.1,0.4858270039998876,0.28126692711420836,0.3668948383900429,0.3364428476690521,0.3784603350309233
192,NLinear,63095.7,0.4869404663557854,0.2817756214270469,0.36734130349380284,0.3369386544263922,0.37886314664931703
192,NLinear,70794.6,0.48810544781405246,0.28230907419434914,0.3678128214549503,0.33746660938201767,0.3792946385489437
192,NLinear,79432.8,0.48932408414809964,0.2828691408258041,0.3683114587270867,0.33802875807833815,0.3797570406787809
192,NLinear,89125.1,0.49059850565611707,0.2834579651250323,0.3688393283713134,0.338627425901921,0.38025176297548147
192,NLinear,100000.0,0.4919307072721345,0.2840778637758247,0.36939833867946215,0.3392651250839682,0.38078081621584436
336,Linear,0.0,0.5257623016240296,0.4037926234425746,0.4445192060618425,0.4556681651490113,0.4686562477636607
336,Linear,0.01,0.5257623217243886,0.40379261554125273,0.44451920045564003,0.45566815578006165,0.4686562432946326
336,Linear,0.0112202,0.5257623241770285,0.4037926145771466,0.4445191997715764,0.4556681546368765,0.4686562427493261
336,Linear,0.0125893,0.5257623269289603,0.4037926134953949,0.4445191990040384,0.4556681533541929,0.4686562421374773
336,Linear,0.0141254,0.5257623300165652,0.40379261228169766,0.4445191981428795,0.4556681519150549,0.46865624145099793
336,Linear,0.0158489,0.5257623334808468,0.40379261091993823,0.44451919717667077,0.4556681503003517,0.4686562406807716
336,Linear,0.0177828,0.5257623373680351,0.4037926093919458,0.4445191960925164,0.4556681484885373,0.46865623981652055
336,Linear,0.0199526,0.5257623417293844,0.40379260767757524,0.4445191948761187,0.45566814645572423,0.46865623884684965
336,Linear,0.0223872,0.525762346622983,0.4037926057539956,0.44451919351127733,0.45566814417484036,0.46865623775884463
336,Linear,0.0251189,0.5257623521137529,0.4037926035956906,0.4445191919798866,0.4556681416156293,0.4686562365380722
336,Linear,0.0281838,0.5257623582742533,0.4037926011741429,0.4445191902617108,0.4556681387442757,0.4686562351684012
336,Linear,0.0316228,0.5257623651866913,0.40379259845704407,0.4445191883338239,0.45566813552246926,0.4686562336315559
336,Linear,0.0354813,0.5257623729423174,0.4037925954085323,0.44451918617077807,0.4556681319076855,0.4686562319072501
336,Linear,0.0398107,0.5257623816444423,0.40379259198800765,0.4445191837437881,0.4556681278517818,0.46865622997251727
336,Linear,0.0446684,0.5257623914084338,0.4037925881501326,0.44451918102067717,0.4556681233009975,0.4686562278017104
336,Linear,0.0501187,0.5257624023635284,0.4037925838441224,0.4445191779653901,0.4556681181951118,0.46865622536610024
336,Linear,0.0562341,0.5257624146554419,0.4037925790127183,0.4445191745372933,0.45566811246622746,0.46865622263329465
336,Linear,0.0630957,0.5257624284471731,0.40379257359187337,0.44451917069097446,0.4556681060383968,0.46865621956706044
336,Linear,0.0707946,0.5257624439218174,0.4037925675096478,0.44451916637541977,0.45566809882631243,0.4686562161267012
336,Linear,0.0794328,0.5257624612843746,0.4037925606855003,0.4445191615335734,0.45566809073446607,0.46865621226666854
336,Linear,0.0891251,0.5257624807655671,0.40379255302878936,0.4445191561010818,0.4556680816553718,0.4686562079357351
336,Linear,0.1,0.5257625026236465,0.4037925444380662,0.44451915000583325,0.45566807146872645,0.46865620307645034
336,Linear,0.112202,0.5257625271490152,0.4037925347992611,0.44451914316686875,0.4556680600392591,0.4686561976242791
336,Linear,0.125893,0.525762554667038,0.4037925239845836,0.44451913549360894,0.4556680472154261,0.4686561915068944
336,Linear,0.141254,0.5257625855414553,0.40379251185118575,0.44451912688498957,0.4556680328278249,0.46865618464346304
336,Linear,0.158489,0.5257626201822193,0.4037924982380904,0.4445191172264339,0.45566801668555057,0.46865617694297235
336,Linear,0.177828,0.5257626590515173,0.403792482963831,0.44451910638911896,0.4556679985733967,0.46865616830274426
336,Linear,0.199526,0.525762702661757,0.4037924658272564,0.44451909423020447,0.4556679782528064,0.46865615860919624
336,Linear,0.223872,0.5257627515936475,0.40379244660043767,0.4445190805878563,0.4556679554534605,0.4686561477333793
336,Linear,0.251189,0.5257628064961892,0.40379242502869006,0.4445190652812375,0.45566792987329996,0.4686561355313618
336,Linear,0.281838,0.5257628680947022,0.40379240082744017,0.4445190481089454,0.4556679011748084,0.4686561218417741
336,Linear,0.316228,0.5257629372109084,0.40379237367436255,0.444519028841951,0.4556678689756824,0.4686561064820141
336,Linear,0.354813,0.525763014756883,0.4037923432117908,0.4445190072265346,0.455667832851686,0.468656089251155
336,Linear,0.398107,0.5257631017651779,0.40379230903492674,0.4445189829762147,0.4556677923226609,0.4686560699187922
336,Linear,0.446684,0.5257631993887901,0.40379227069190726,0.4445189557721947,0.4556677468525983,0.46865604823065765
336,Linear,0.501187,0.5257633089192117,0.4037922276767826,0.4445189252536953,0.455667695841301,0.46865602390167305
336,Linear,0.562341,0.5257634318125074,0.4037921794193609,0.44451889101659076,0.45566763861232623,0.46865599661022833
336,Linear,0.630957,0.5257635696972918,0.4037921252821843,0.44451885260689195,0.4556675744093835,0.4686559659950844
336,Linear,0.707946,0.5257637244027874,0.40379206454964783,0.44451880951670153,0.4556675023834081,0.4686559316545563
336,Linear,0.794328,0.5257638979768154,0.4037919964211083,0.44451876117663486,0.4556674215843626,0.4686558931308848
336,Linear,0.891251,0.5257640927238523,0.40379191999616026,0.44451870694846857,0.45566733094374084,0.4686558499134319
336,Linear,1.0,0.5257643112229641,0.40379183426787146,0.44451864611937153,0.4556672292665014,0.468655801435432
336,Linear,1.12202,0.5257645563738281,0.4037917381050642,0.4445185778851158,0.45566711521000125,0.4686557470621744
336,Linear,1.25893,0.5257648314246204,0.4037916302418068,0.4445185013459631,0.45566698727146276,0.46865568607449193
336,Linear,1.41254,0.5257651400058706,0.40379150926467244,0.4445184154998482,0.4556668437727778,0.46865561767058117
336,Linear,1.58489,0.5257654862084312,0.4037913735828453,0.44451831921651735,0.45566668282494355,0.4686555409577448
336,Linear,1.77828,0.5257658746432569,0.40379122140555745,0.4445182112346215,0.4556665023011611,0.46865545492611993
336,Linear,1.99526,0.5257663104207203,0.40379105075126304,0.4445180901527227,0.45566629984755114,0.4686553584603606
336,Linear,2.23872,0.5257667993306242,0.40379085937847153,0.4445179543762874,0.45566607280088983,0.4686552502955678
336,Linear,2.51189,0.5257673478412392,0.4037906447878454,0.44451780213645614,0.45566581819082747,0.4686551290115325
336,Linear,2.81838,0.525767963178445,0.40379040419334344,0.44451763143028517,0.4556655327053189,0.46865499302600067
336,Linear,3.16228,0.5257686535249979,0.40379013444698425,0.44451744002808363,0.45566521260092757,0.46865484057140405
336,Linear,3.54813,0.52576942795841,0.40378983206651325,0.4445172254737263,0.455664853735124,0.4686546697049432
336,Linear,3.98107,0.525770296749671,0.40378949312293316,0.44451698499481523,0.45566445143214906,0.4686544782083567
336,Linear,4.46684,0.5257712713602322,0.40378911324705524,0.44451671545098786,0.4556640004899419,0.4686542636159277
336,Linear,5.01187,0.5257723646188708,0.40378868756714487,0.44451641343173287,0.45566349510508175,0.4686540231488784
336,Linear,5.62341,0.5257735909777488,0.4037882106175793,0.4445160751150366,0.45566292876301917,0.46865375375864715
336,Linear,6.30957,0.525774966586675,0.40378767632051754,0.4445156961052405,0.45566229421464133,0.4686534520622367
336,Linear,7.07946,0.5257765095663862,0.4037870778928355,0.4445152716012561,0.4556615833636697,0.46865311421883604
336,Linear,7.94328,0.5257782401795996,0.40378640779625,0.44451479620531975,0.45566078720480013,0.46865273598592516
336,Linear,8.91251,0.5257801811999829,0.40378565761504503,0.4445142640290959,0.45565989567514775,0.46865231266273
336,Linear,10.0,0.5257823580776496,0.4037848180180309,0.44451366851477286,0.45565889760490547,0.46865183904585267
336,Linear,11.2202,0.5257847993811798,0.40378387862028214,0.4445130021150714,0.45565778054783324,0.46865130909586944
336,Linear,12.5893,0.5257875370545437,0.40378282792479,0.4445122566737728,0.45565653070538276,0.46865071637023614
336,Linear,14.1254,0.5257906067282806,0.40378165325310283,0.4445114232285747,0.4556551328361415,0.46865005420861106
336,Linear,15.8489,0.5257940484627565,0.40378034052351763,0.44451049190893493,0.45565356998177786,0.4686493146631353
336,Linear,17.7828,0.5257979073011925,0.40377887411971186,0.44450945174484713,0.45565182329776066,0.46864848919310537
336,Linear,19.9526,0.5258022330133361,0.4037772370857338,0.44450829087569144,0.45564987226975195,0.4686475690373025
336,Linear,22.3872,0.5258070818197487,0.4037754105929156,0.44450699592331805,0.4556476940587532,0.46864654367845265
336,Linear,25.1189,0.5258125163016228,0.4037733741270755,0.44450555208210674,0.45564526369919267,0.468645401472232
336,Linear,28.1838,0.5258186060871464,0.4037711054156616,0.4445039435299646,0.45564255398152015,0.46864412960331864
336,Linear,31.6228,0.5258254297003099,0.4037685799700587,0.4445021527675752,0.45563953486711545,0.4686427151203196
336,Linear,35.4813,0.5258330737920894,0.40376577165803684,0.4445001626807308,0.45563617412440316,0.46864114276840957
336,Linear,39.8107,0.5258416359012174,0.4037626520352883,0.44449795302833556,0.455632436470468,0.4686393973919103
336,Linear,44.6684,0.5258512241848907,0.40375919088107337,0.4444955021758203,0.45562828413821516,0.4686374633515741
336,Linear,50.1187,0.5258619588698614,0.4037553561952803,0.44449278688180965,0.45562367678308313,0.46863532358870136
336,Linear,56.2341,0.5258739744051498,0.4037511140736561,0.4444897835569146,0.45561857122082694,0.4686329609250981
336,Linear,63.0957,0.5258874197406621,0.40374642939895394,0.4444864661245035,0.455612922119911,0.46863036011326176
336,Linear,70.7946,0.5259024604529937,0.4037412660427313,0.44448281125388733,0.45560668207594535,0.46862750000383524
336,Linear,79.4328,0.5259192797404778,0.40373558766612627,0.4444787924419686,0.45559980237136904,0.468624364832968
336,Linear,89.1251,0.5259380811880198,0.4037293581535467,0.44447438361474223,0.4555922332473059,0.46862093844295744
336,Linear,100.0,0.5259590893624746,0.403722543057628,0.4444695649107683,0.4555839253484251,0.46861720405224916
336,Linear,112.202,0.5259825528631112,0.40371511053834985,0.44446431184563,0.4555748304943264,0.46861315057517317
336,Linear,125.893,0.5260087453094123,0.4037070333386318,0.4444586017602281,0.4555649036426134,0.4686087737886469
336,Linear,141.254,0.5260379665554816,0.4036982910395642,0.4444524198983879,0.45555410512344197,0.4686040687989029
336,Linear,158.489,0.5260705476445795,0.40368887163187517,0.44444576212911974,0.4555424019370639,0.46859904149288517
336,Linear,177.828,0.5261068534494744,0.40367877436591076,0.44443864739158595,0.45552977050662263,0.46859369485983327
336,Linear,199.526,0.5261472772397446,0.40366801525575047,0.4444310766817383,0.4555162026578507,0.4685880555593825
336,Linear,223.872,0.5261922533051382,0.4036566280606011,0.44442307728934066,0.4555017058281113,0.4685821629944022
336,Linear,251.189,0.5262422518328275,0.4036446707154849,0.44441469186414434,0.45548630997769,0.4685760780404468
336,Linear,281.838,0.5262977804407619,0.4036322302033202,0.44440597731234727,0.4554700724890876,0.46856989580068564
336,Linear,316.228,0.5263593953963753,0.40361942583648147,0.44439703435455286,0.4554530808368712,0.4685636903345355
336,Linear,354.813,0.5264276881057232,0.40360641832871,0.44438797318578527,0.45543546276080554,0.46855758596920927
336,Linear,398.107,0.5265033026084425,0.40359341242940805,0.4443789464132205,0.45541738792055647,0.4685517689580536
336,Linear,446.684,0.5265869246798979,0.403580665472313,0.4443701491824716,0.4553990774360985,0.46854641946220976
336,Linear,501.187,0.5266792854361968,0.40356849265157546,0.4443618237650685,0.45538080922532825,0.468541780140087
336,Linear,562.341,0.5267811695675177,0.40355727183159085,0.4443542253572125,0.45536292266279355,0.46853808883162323
336,Linear,630.957,0.5268934062263935,0.40354745021272953,0.44434772032470365,0.45534582635091747,0.46853572990106196
336,Linear,707.946,0.5270168746811746,0.4035395482671045,0.44434263024278114,0.4553300023300021,0.4685350891786798
336,Linear,794.328,0.5271524992914934,0.4035341639072361,0.4443394073719432,0.4553160114042113,0.4685366410936958
336,Linear,891.251,0.5273012578087173,0.4035319749550252,0.4443384873163023,0.45530449614978463,0.4685409005239667
336,Linear,1000.0,0.5274641710143538,0.4035337414852532,0.44434036673026345,0.45529618526715243,0.4685484166463886
336,Linear,1122.02,0.52764231099198,0.40354030661178203,0.4443456503896321,0.45529189552457366,0.46855982751703923
336,Linear,1258.93,0.5278367922645149,0.40355259648211134,0.44435509075099966,0.45529253434050565,0.46857572358293037
336,Linear,1412.54,0.5280487647920137,0.4035716184754695,0.444369371099436,0.45529910079474045,0.4685968831088645
336,Linear,1584.89,0.5282794333838927,0.4035984613482102,0.44438917098836855,0.4553126874181785,0.4686242056403858
336,Linear,1778.28,0.5285300578163488,0.40363429540224965,0.4444154277532879,0.45533448360701173,0.46865863135786073
336,Linear,1995.26,0.5288018983921503,0.40368036291426773,0.44444895302818904,0.45536577259246175,0.4687010522408107
336,Linear,2238.72,0.5290962860083763,0.4037379864036178,0.44449066326647674,0.4554079395315754,0.4687523831158845
336,Linear,2511.89,0.5294145694776318,0.4038085597961423,0.4445415238919095,0.4554624695754979,0.46881378836398696
336,Linear,2818.38,0.5297581113174,0.4038935447241597,0.4446025176000941,0.4555309483223305,0.4688863647389877
336,Linear,3162.28,0.5301283417347066,0.40399448358587464,0.4446747839288599,0.4556150764670738,0.46897136325212624
336,Linear,3548.13,0.5305266612440341,0.4041129743874789,0.44475953379798244,0.4557166534617426,0.4690700116267916
336,Linear,3981.07,0.5309545330935453,0.40425069480061127,0.4448576323955424,0.4558376015846106,0.46918353003057217
336,Linear,4466.84,0.5314134070067841,0.40440937925917286,0.4449702134564435,0.45597995070095415,0.4693135965570518
336,Linear,5011.87,0.5319047331893746,0.40459081881916575,0.44509846023480437,0.45614584162243743,0.4694616305666926
336,Linear,5623.41,0.5324299993418814,0.40479687123432057,0.4452436347828009,0.4563375395072837,0.4696291985761142
336,Linear,6309.57,0.5329906778816399,0.4050294361922267,0.4454069078923649,0.45655741539143496,0.4698180374324421
336,Linear,7079.46,0.5335882558954501,0.4052904585245055,0.44558961998135266,0.4568079529752639,0.4700297032154349
336,Linear,7943.28,0.5342242142671516,0.4055819095634197,0.44579292079798,0.45709173471430264,0.4702660713328335
336,Linear,8912.51,0.5349000747040609,0.4059057972991857,0.44601822402631663,0.4574114552524717,0.47052902311960887
336,Linear,10000.0,0.5356173625685025,0.406264138250918,0.4462664681046723,0.4577698970735658,0.470820581133354
336,Linear,11220.2,0.536377660383361,0.4066589724854057,0.44653883055157306,0.45816994743509876,0.4711425603055639
336,Linear,12589.3,0.5371825882135122,0.40709234584934045,0.4468366255272105,0.45861458158944296,0.4714969579524317
336,Linear,14125.4,0.5380338010881702,0.4075663020875237,0.44716105757929264,0.4591068533383277,0.4718857826623768
336,Linear,15848.9,0.5389330945914428,0.4080829421820255,0.4475133866173447,0.4596499538925106,0.47231134711963335
336,Linear,17782.8,0.5398824262279762,0.40864445007907174,0.44789464440095533,0.46024723660912076,0.47277631692338073
336,Linear,19952.6,0.54088373971159,0.4092530061601518,0.4483064366614482,0.46090211930305824,0.4732830702755068
336,Linear,22387.2,0.5419392610886151,0.4099109906394013,0.44875033784311696,0.46161829476437033,0.47383415763406095
336,Linear,25118.9,0.543051327879973,0.4106209227433166,0.4492280098940082,0.46239966165086993,0.4744322746592365
336,Linear,28183.8,0.54422240670618,0.41138551878064444,0.4497411063237253,0.4632503825548941,0.47508046055240366
336,Linear,31622.8,0.5454552975042023,0.4122078878895128,0.45029159520702067,0.46417510187342453,0.4757822870796279
336,Linear,35481.3,0.5467528188302782,0.4130913972586901,0.4508813952089459,0.465178801576464,0.4765409588429074
336,Linear,39810.7,0.5481181256149663,0.4140399627239407,0.45151295446563927,0.4662671415066887,0.47736028749902
336,Linear,44668.4,0.5495544575234366,0.415057964378077,0.45218922261264116,0.4674463883351177,0.47824466251496794
336,Linear,50118.7,0.5510651800111162,0.4161503579290705,0.45291315957418893,0.4687235762934607,0.4791982825815152
336,Linear,56234.1,0.5526538772681991,0.41732282800253157,0.4536886966078374,0.47010673460895713,0.4802264042327457
336,Linear,63095.7,0.5543241582348973,0.41858172781927927,0.45452013208692643,0.47160488109647014,0.48133485358986894
336,Linear,70794.6,0.5560797078623201,0.41993418351822825,0.4554118345350064,0.47322822457968367,0.4825298635389775
336,Linear,79432.8,0.5579241747369773,0.42138806066955864,0.4563689804627243,0.4749882227983821,0.48381858755849483
336,Linear,89125.1,0.559861249418825,0.4229520576803078,0.4573968637225429,0.4768978129290219,0.48520908553642017
336,Linear,100000.0,0.5618944918937249,0.4246355781211922,0.45850097614272367,0.4789713964869698,0.48671004537715773
336,DLinear,0.0,0.5257623016240296,0.4037926234425746,0.4445192060618425,0.4556681651490113,0.4686562477636607
336,DLinear,0.01,0.525762319519706,0.4037926161991656,0.44451920115999105,0.45566815645300796,0.46865624349506363
336,DLinear,0.0112202,0.5257623217033316,0.4037926153153362,0.4445192005618758,0.45566815539193356,0.46865624297421343
336,DLinear,0.0125893,0.5257623241534222,0.40379261432365676,0.4445191998907743,0.45566815420138046,0.4686562423898054
336,DLinear,0.0141254,0.5257623269023682,0.40379261321101806,0.4445191991378147,0.45566815286560997,0.46865624173411385
336,DLinear,0.0158489,0.525762329986676,0.4037926119626451,0.4445191982929981,0.4556681513668841,0.46865624099843134
336,DLinear,0.0177828,0.5257623334475052,0.40379261056188026,0.44451919734505096,0.4556681496852043,0.46865624017294105
336,DLinear,0.0199526,0.5257623373304885,0.40379260899025526,0.4445191962814784,0.4556681477983984,0.4686562392467587
336,DLinear,0.0223872,0.5257623416873428,0.40379260722684035,0.4445191950881197,0.45566814568133884,0.4686562382075494
336,DLinear,0.0251189,0.5257623465758695,0.40379260524824345,0.44451919374913734,0.45566814330594185,0.4686562370415272
336,DLinear,0.0281838,0.5257623520606698,0.40379260302832126,0.444519192246838,0.45566814064082073,0.4686562357332843
336,DLinear,0.0316228,0.5257623582149342,0.4037926005374552,0.4445191905611765,0.45566813765041597,0.4686562342653647
336,DLinear,0.0354813,0.5257623651199052,0.4037925977427688,0.444519188669902,0.45566813429525715,0.46865623261839207
336,DLinear,0.0398107,0.5257623728675623,0.40379259460704214,0.44451918654785727,0.4556681305306585,0.4686562307704296
336,DLinear,0.0446684,0.5257623815606208,0.4037925910887119,0.4445191841668931,0.4556681263067196,0.46865622869698076
336,DLinear,0.0501187,0.5257623913141428,0.4037925871412205,0.4445191814954894,0.4556681215675439,0.4686562263706047
336,DLinear,0.0562341,0.5257624022578625,0.40379258271207563,0.4445191784981272,0.455668116250109,0.468656223760362
336,DLinear,0.0630957,0.5257624145369024,0.4037925777425612,0.44451917513511624,0.45566811028392007,0.468656220831646
336,DLinear,0.0707946,0.5257624283142773,0.4037925721667253,0.4445191713619172,0.45566810358979426,0.46865621754558767
336,DLinear,0.0794328,0.5257624437725049,0.40379256591073,0.44451916712846545,0.4556680960790795,0.4686562138587003
336,DLinear,0.0891251,0.5257624611170038,0.4037925588914771,0.44451916237853567,0.45566808765200584,0.46865620972197813
336,DLinear,0.1,0.5257624805777046,0.40379255101596023,0.4445191570491842,0.45566807819690486,0.46865620508058947
336,DLinear,0.112202,0.5257625024131622,0.4037925421796018,0.4445191510696143,0.4556680675882146,0.46865619987288937
336,DLinear,0.125893,0.5257625269130612,0.4037925322652443,0.44451914436059387,0.455668055685267,0.46865619402985625
336,DLinear,0.141254,0.5257625544012546,0.4037925211419245,0.4445191368335551,0.4556680423308153,0.4686561874742405
336,DLinear,0.158489,0.5257625852427393,0.40379250866205657,0.44451912838867585,0.45566802734765166,0.4686561801191882
336,DLinear,0.177828,0.5257626198490226,0.4037924946592689,0.44451911891317186,0.45566801053600864,0.4686561718667985
336,DLinear,0.199526,0.5257626586763265,0.40379247894913994,0.44451910828216984,0.45566799167444044,0.46865616260811466
336,DLinear,0.223872,0.5257627022416875,0.40379246132269475,0.44451909635414855,0.4556679705120143,0.46865615221984996
336,DLinear,0.251189,0.5257627511229481,0.40379244154642446,0.44451908297099685,0.45566794676832967,0.4686561405647728
336,DLinear,0.281838,0.5257628059659073,0.403792419359412,0.4445190679560276,0.4556679201300656,0.4686561274890488
336,DLinear,0.316228,0.5257628675022007,0.4037923944661219,0.44451905110949974,0.45566789024231863,0.4686561128183868
336,DLinear,0.354813,0.5257629365439183,0.4037923665386073,0.44451903220992167,0.455667856711249,0.4686560963593785
336,DLinear,0.398107,0.5257630140104265,0.40379233520569824,0.4445190110057646,0.4556678190910925,0.4686560778929314
336,DLinear,0.446684,0.5257631009283438,0.40379230005305866,0.4445189872163228,0.45566777688422055,0.4686560571757014
336,DLinear,0.501187,0.5257631984476157,0.40379226061674395,0.4445189605275574,0.45566772953339646,0.46865603393482247
336,DLinear,0.562341,0.5257633078647374,0.4037922163738846,0.44451893058622804,0.4556676764105751,0.46865600786047396
336,DLinear,0.630957,0.5257634306298636,0.4037921667399061,0.44451889699591185,0.4556676168135498,0.46865597860896824
336,DLinear,0.707946,0.5257635683717993,0.40379211105854274,0.44451885931111484,0.45566754995394193,0.468655945793416
336,DLinear,0.794328,0.5257637229140255,0.40379204859550827,0.4445188170339731,0.4556674749495749,0.46865590898233406
336,DLinear,0.891251,0.5257638963086014,0.40379197852498017,0.4445187696072362,0.4556673908082146,0.4686558676873665
336,DLinear,1.0,0.5257640908521451,0.40379189992337855,0.44451871640785184,0.455667296420058,0.4686558213649612
336,DLinear,1.12202,0.5257643091268334,0.40379181175309636,0.4445186567339906,0.4556671905381464,0.4686557694048202
336,DLinear,1.25893,0.5257645540252583,0.4037917128528333,0.4445185897964919,0.4556670717666944,0.46865571112196125
336,DLinear,1.41254,0.5257648287806055,0.4037916019258744,0.44451851472216686,0.4556669385469352,0.46865564575007035
336,DLinear,1.58489,0.5257651370361179,0.4037914775126336,0.4445184305194213,0.4556667891240459,0.46865557243658784
336,DLinear,1.77828,0.5257654828983781,0.4037913379699,0.44451833607952407,0.4556666215220968,0.4686554902082878
336,DLinear,1.99526,0.5257658709189595,0.4037911814791754,0.44451823017169073,0.4556664335539064,0.4686553979918727
336,DLinear,2.23872,0.5257663062547948,0.4037910059831525,0.44451811142415965,0.45566622274454777,0.4686552945810214
336,DLinear,2.51189,0.5257667946674279,0.4037908091875151,0.44451797827757866,0.45566598633325833,0.4686551786226373
336,DLinear,2.81838,0.5257673425936177,0.40379058853432453,0.44451782898811,0.45566572124115723,0.46865504863383206
336,DLinear,3.16228,0.5257679573229471,0.4037903411328257,0.4445176616141257,0.45566542398772375,0.4686549028962599
336,DLinear,3.54813,0.5257686469427212,0.40379006378457977,0.4445174739714739,0.4556650907204923,0.4686547395304812
336,DLinear,3.98107,0.5257694206042399,0.4037897528800058,0.44451726362522526,0.45566471709012113,0.4686545564268186
336,DLinear,4.46684,0.5257702885204555,0.40378940440400407,0.44451702787958053,0.4556642982563555,0.46865435123030164
336,DLinear,5.01187,0.5257712621238957,0.403789013878283,0.44451676374706184,0.45566382881773787,0.46865412130546996
336,DLinear,5.62341,0.5257723542952328,0.40378857627695786,0.4445164677918334,0.4556633027089156,0.46865386366836304
336,DLinear,6.30957,0.5257735794300958,0.40378808600897403,0.4445161362310119,0.4556627131779444,0.46865357503375005
336,DLinear,7.07946,0.5257749536833001,0.40378753683176727,0.4445157647655152,0.4556620526805288,0.4686532517986506
336,DLinear,7.94328,0.5257764951222568,0.40378692180430414,0.4445153486829356,0.45566131282109673,0.46865288984080017
336,DLinear,8.91251,0.5257782240569401,0.4037862331733682,0.4445148828062215,0.4556604842129397,0.46865248458854547
336,DLinear,10.0,0.5257801631889814,0.40378546233676277,0.4445143613260486,0.455659556430071,0.468652031010535
336,DLinear,11.2202,0.5257823380075108,0.40378459971403513,0.44451377783908147,0.4556585178468127,0.4686515234508701
336,DLinear,12.5893,0.5257847770206819,0.4037836346899527,0.4445131252470097,0.45565735556367215,0.4686509556562567
336,DLinear,14.1254,0.5257875120361878,0.40378255554715187,0.4445123955761695,0.4556560553187005,0.46865032090410985
336,DLinear,15.8489,0.5257905788276158,0.40378134925779485,0.44451157989739204,0.4556546012270283,0.46864961150602097
336,DLinear,17.7828,0.5257940176324999,0.4037800013570276,0.4445106683455241,0.45565297561629553,0.46864881902583877
336,DLinear,19.9526,0.5257978729304006,0.40377849611504535,0.4445096509651053,0.455651159219355,0.4686479343299417
336,DLinear,22.3872,0.5258021949877029,0.4037768160381184,0.44450851519237977,0.45564913055393863,0.468646947338181
336,DLinear,25.1189,0.5258070397875904,0.40377494202945247,0.4445072484618306,0.45564686609341737,0.4686458470640572
336,DLinear,28.1838,0.5258124696545209,0.4037728533084505,0.44450583678025996,0.4556443401408411,0.46864462199896234
336,DLinear,31.6228,0.5258185549186057,0.4037705269720853,0.44450426512481916,0.45564152426267757,0.4686432580565509
336,DLinear,35.4813,0.5258253732500202,0.4037679385006163,0.4445025164415084,0.45563838785601873,0.4686417413399826
336,DLinear,39.8107,0.5258330121459355,0.40376506111537014,0.44450057261148546,0.4556348973160245,0.46864005637660383
336,DLinear,44.6684,0.5258415687214816,0.4037618662395727,0.4444984146167112,0.4556310165255534,0.46863818550840025
336,DLinear,50.1187,0.5258511510425109,0.40375832345582546,0.4444960218621349,0.45562670672006755,0.4686361113879954
336,DLinear,56.2341,0.5258618800947226,0.40375440034121474,0.4444933736649925,0.4556219261827262,0.4686338177177471
336,DLinear,63.0957,0.5258738900917157,0.4037500630451655,0.44449044787816216,0.45561663081913595,0.46863128524272923
336,DLinear,70.7946,0.5258873304462198,0.40374527640243507,0.4444872205165876,0.45561077413870094,0.4686284957767194
336,DLinear,79.4328,0.5259023667489879,0.4037400045850814,0.4444836663629257,0.45560430785961376,0.46862542683290703
336,DLinear,89.1251,0.5259191833507713,0.4037342113958002,0.4444797621579521,0.4555971820340399,0.4686220599672943
336,DLinear,100.0,0.5259379840310093,0.40372786147887174,0.4444754842094929,0.4555893462503846,0.4686183732684723
336,DLinear,112.202,0.525958994893177,0.40372092103739715,0.4444708114165799,0.45558075017367555,0.4686143531450569
336,DLinear,125.893,0.5259824654524813,0.40371335948845843,0.44446572594684275,0.4555713451767094,0.4686099864970641
336,DLinear,141.254,0.5260086699678259,0.4037051513538396,0.44446021185071066,0.45556108619720415,0.46860526303364547
336,DLinear,158.489,0.5260379121805812,0.40369627747597203,0.4444542545996192,0.4555499326658434,0.468600173551224
336,DLinear,177.828,0.5260705280491513,0.4036867273909003,0.44444785073330745,0.4555378507652102,0.4685947242969505
336,DLinear,199.526,0.5261068812972324,0.40367650418604295,0.4444410079128175,0.45552481874455586,0.46858892411408914
336,DLinear,223.872,0.5261473752662532,0.4036656250520494,0.4444337318620052,0.455510826680435,0.46858279345321446
336,DLinear,251.189,0.5261924489221057,0.40365412696723185,0.4444260504521089,0.45549588262047686,0.46857638716815736
336,DLinear,281.838,0.5262425789345699,0.4036420709188669,0.44441801341198267,0.45548001681136935,0.4685697449224904
336,DLinear,316.228,0.5262982906332305,0.40362954456754246,0.44440968858870866,0.45546328372789974,0.468562931609533
336,DLinear,354.813,0.5263601467609738,0.403616670565282,0.44440117515279143,0.4554457714758645,0.4685560387474473
336,DLinear,398.107,0.5264287643832124,0.40360360867082107,0.4443925599698276,0.45542760290505396,0.4685491829912963
336,DLinear,446.684,0.5265048062624073,0.40359056377349595,0.4443840183850044,0.4554089446156529,0.4685425271330085
336,DLinear,501.187,0.5265889854728707,0.40357779090659124,0.4443757067955892,0.4553900120268542,0.4685362601880103
336,DLinear,562.341,0.5266820744101645,0.40356559994349483,0.4443678514883945,0.45537107392047627,0.4685306037931202
336,DLinear,630.957,0.5267848981169164,0.40355436257022076,0.44436071364804314,0.4553524605444006,0.46852581744483807
336,DLinear,707.946,0.5268983411459487,0.40354451683759784,0.44435456847542365,0.4553345684762557,0.4685222269994245
336,DLinear,794.328,0.5270233447034632,0.40353657252098335,0.44434977882676124,0.45531786721704903,0.4685201618977894
336,DLinear,891.251,0.5271609160435433,0.40353111507610695,0.4443467320398108,0.4553029037909578,0.46852009541565504
336,DLinear,1000.0,0.5273121206044,0.4035288103628693,0.4443459156251956,0.45529030965909545,0.4685225779473437
336,DLinear,1122.02,0.5274780911838529,0.4035304080150149,0.44434783027503205,0.45528080548092253,0.4685281188938894
336,DLinear,1258.93,0.5276600209923842,0.40353674496767317,0.4443530244376783,0.45527520757931383,0.4685373613830533
336,DLinear,1412.54,0.5278591579120508,0.4035487477529331,0.44436213504269106,0.4552744335144719,0.4685509405018856
336,DLinear,1584.89,0.5280768230928183,0.40356743624642333,0.44437589895025775,0.45527950803308553,0.46856973845429656
336,DLinear,1778.28,0.5283144111422658,0.40359392816770906,0.4443950996576344,0.4552915715471613,0.4685945726636898
336,DLinear,1995.26,0.5285733375840608,0.4036294361161455,0.4444204930749894,0.4553118846817688,0.468626420759318
336,DLinear,2238.72,0.5288551034986764,0.4036752776526179,0.4444529291322289,0.45534183909311,0.46866633403835284
336,DLinear,2511.89,0.5291612429204944,0.4037328724327579,0.44449346293971764,0.4553829627116604,0.46871543785170106
336,DLinear,2818.38,0.529493314844477,0.4038037420564792,0.44454308181287266,0.45543692490339155,0.4687749081363929
336,DLinear,3162.28,0.5298529508990129,0.40388952324410277,0.44460299882103427,0.45550555227951695,0.4688459544777733
336,DLinear,3548.13,0.5302417556322796,0.40399194778122066,0.4446743527159604,0.4555908184935412,0.46893008315207024
336,DLinear,3981.07,0.5306613899287687,0.40411286245102856,0.44475824341018333,0.45569486470034853,0.46902890166240485
336,DLinear,4466.84,0.5311134898469652,0.40425420722761385,0.4448559798884118,0.45581998558870096,0.46914407777881284
336,DLinear,5011.87,0.5315996725636376,0.4044180106948596,0.4449689128801183,0.4559686277193116,0.4692771617026937
336,DLinear,5623.41,0.5321215655288914,0.4046063932438467,0.4450985457652722,0.45614339474604476,0.4694301634093519
336,DLinear,6309.57,0.5326807469408767,0.40482153699389295,0.4452463595692829,0.45634702136860056,0.46960497886166047
336,DLinear,7079.46,0.5332787684627638,0.4050656791612725,0.44541388647858576,0.4565823671208838,0.4698036600741721
336,DLinear,7943.28,0.5339171282972037,0.40534108402186864,0.4456026283378949,0.45685238891885366,0.47002811385842486
336,DLinear,8912.51,0.534597313466214,0.4056500410043794,0.4458140331919197,0.4571601377081857,0.4702804440429422
336,DLinear,10000.0,0.5353207591999868,0.405994826360981,0.4460494410450189,0.457508718356522,0.47056304930350334
336,DLinear,11220.2,0.5360889012070249,0.40637770596153555,0.446310275543486,0.4579012889051615,0.47087805688878953
336,DLinear,12589.3,0.5369031563467839,0.40680090753945153,0.44659820049229365,0.45834102813885735,0.47122791712343715
336,DLinear,14125.4,0.5377649224370705,0.4072666031940972,0.44691443901709127,0.4588311113827502,0.4716147750578605
336,DLinear,15848.9,0.5386756898811424,0.4077769598164427,0.4472601463882029,0.4593747570747187,0.4720408031560943
336,DLinear,17782.8,0.5396370702350404,0.4083341595152301,0.4476369817695164,0.45997524369779097,0.4725084325277827
336,DLinear,19952.6,0.5406506270494064,0.4089403101487781,0.44804607346352426,0.460635806599487,0.47302014189072583
336,DLinear,22387.2,0.541718186385519,0.40959764618986927,0.44848845220282263,0.461359849064189,0.47357785734133523
336,DLinear,25118.9,0.5428416759263557,0.4103084702444785,0.4489658817154612,0.4621508769550355,0.47418422393452186
336,DLinear,28183.8,0.5440231563716007,0.4110752149529156,0.44947986523294764,0.46301256554490505,0.4748419060727751
336,DLinear,31622.8,0.5452650414615381,0.4119006461819862,0.4500322253216605,0.46394899298045594,0.4755532846151038
336,DLinear,35481.3,0.5465697948182124,0.4127877373671094,0.4506248241527029,0.46496451101320757,0.47632154168488394
336,DLinear,39810.7,0.5479402639554352,0.4137399731061082,0.4512596246048381,0.4660641098384603,0.47714973019104323
336,DLinear,44668.4,0.5493794398926324,0.4147612787524578,0.45193900160316564,0.4672533692309981,0.47804169788154965
336,DLinear,50118.7,0.5508905102434313,0.41585614860095904,0.45266625852489073,0.4685386464339937,0.4790013707079331
336,DLinear,56234.1,0.5524769612446019,0.41702981756094354,0.4534444467955169,0.46992733139316256,0.4800334675459287
336,DLinear,63095.7,0.554142390085693,0.41828821970089786,0.45427730241297853,0.47142786618617016,0.4811437100165597
336,DLinear,70794.6,0.5558905595655715,0.4196381122958457,0.4551691707247732,0.47304997321052017,0.48233803776695544
336,DLinear,79432.8,0.5577252858333254,0.4210870616573424,0.4561246864243061,0.47480473567812925,0.4836230683481987
336,DLinear,89125.1,0.5596505123031363,0.4226435542915744,0.4571487694111204,0.4767048466989334,0.4850068484854188
336,DLinear,100000.0,0.5616701301913305,0.4243168853730085,0.4582469802335905,0.47876460858138403,0.48649853014815525
336,NLinear,0.0,0.5498911438547991,0.36400937549777573,0.4174736183542425,0.3562438914488888,0.39916605944934225
336,NLinear,0.01,0.549891158212611,0.36400936707305415,0.4174736119940508,0.35624388108034,0.3991660489128368
336,NLinear,0.0112202,0.5498911599645466,0.3640093660450811,0.4174736112179857,0.35624387981518185,0.3991660476271801
336,NLinear,0.0125893,0.5498911619302684,0.36400936489166824,0.41747361034721936,0.3562438783956406,0.39916604618463747
336,NLinear,0.0141254,0.5498911641357631,0.36400936359756825,0.41747360937024053,0.3562438768029506,0.3991660445661481
336,NLinear,0.0158489,0.5498911666103203,0.3640093621455962,0.4174736082740767,0.35624387501596183,0.3991660427502214
336,NLinear,0.0177828,0.5498911693869623,0.3640093605163775,0.4174736070441019,0.3562438730108286,0.39916604071261536
336,NLinear,0.0199526,0.5498911725022999,0.36400935868843176,0.4174736056640965,0.35624387076111436,0.399166038426464
336,NLinear,0.0223872,0.5498911759978262,0.3640093566374148,0.4174736041156812,0.35624386823685733,0.39916603586132127
336,NLinear,0.0251189,0.5498911799199149,0.3640093543361193,0.4174736023783147,0.3562438654045717,0.3991660329831564
336,NLinear,0.0281838,0.5498911843203955,0.3640093517541374,0.4174736004290394,0.3562438622268328,0.39916602975393595
336,NLinear,0.0316228,0.5498911892579891,0.3640093488570189,0.41747359824184566,0.3562438586612408,0.399166026130571
336,NLinear,0.0354813,0.549891194797876,0.36400934560652437,0.4174735957878676,0.35624385466073166,0.3991660220652319
336,NLinear,0.0398107,0.5498912010138512,0.36400934195936185,0.4174735930344432,0.3562438501720228,0.3991660175038102
336,NLinear,0.0446684,0.5498912079883229,0.3640093378671875,0.417473589945052,0.35624384513561375,0.39916601238580185
336,NLinear,0.0501187,0.5498912158136045,0.3640093332758481,0.4174735864788299,0.35624383948485333,0.39916600664346874
336,NLinear,0.0562341,0.5498912245937808,0.36400932812428666,0.41747358258965306,0.3562438331445934,0.39916600020044285
336,NLinear,0.0630957,0.5498912344452827,0.3640093223442073,0.4174735782259549,0.35624382603077515,0.39916599297128885
336,NLinear,0.0707946,0.549891245498895,0.3640093158588964,0.41747357332981894,0.3562438180489788,0.39916598486004456
336,NLinear,0.0794328,0.5498912579010491,0.3640093085824667,0.4174735678364451,0.35624380909349285,0.3991659757593164
336,NLinear,0.0891251,0.5498912718165497,0.36400930041825946,0.417473561673095,0.35624379904534675,0.39916596554829886
336,NLinear,0.1,0.5498912874298658,0.3640092912580887,0.4174735547578715,0.3562437877713806,0.3991659540915519
336,NLinear,0.112202,0.5498913049484309,0.36400928098030755,0.41747354699911665,0.3562437751218646,0.3991659412368541
336,NLinear,0.125893,0.5498913246046516,0.3640092694486338,0.4174735382938486,0.35624376092905286,0.39916592681371943
336,NLinear,0.141254,0.5498913466583463,0.3640092565107236,0.4174735285269072,0.35624374500542666,0.3991659106315348
336,NLinear,0.158489,0.5498913714023409,0.3640092419948936,0.41747351756867135,0.3562437271396594,0.3991658924756038
336,NLinear,0.177828,0.5498913991667723,0.3640092257076039,0.4174735052729771,0.35624370709351677,0.3991658721042638
336,NLinear,0.199526,0.5498914303176482,0.36400920743431125,0.4174734914778083,0.3562436846029049,0.39916584924974735
336,NLinear,0.223872,0.5498914652697624,0.36400918693190354,0.41747347599969886,0.3562436593685569,0.3991658236069061
336,NLinear,0.251189,0.549891504486687,0.36400916392871896,0.41747345863364793,0.35624363105605206,0.3991657948359416
336,NLinear,0.281838,0.5498915484865059,0.36400913812119917,0.41747343915032076,0.3562435992916943,0.39916576255699915
336,NLinear,0.316228,0.5498915978561599,0.36400910916549806,0.41747341729092025,0.35624356365217824,0.3991657263397525
336,NLinear,0.354813,0.5498916532471237,0.3640090766800444,0.41747339276738477,0.35624352366773665,0.3991656857079435
336,NLinear,0.398107,0.5498917153969227,0.3640090402329567,0.41747336525393974,0.356243478806644,0.39916564012025296
336,NLinear,0.446684,0.5498917851291085,0.36400899934210235,0.41747333438652817,0.35624342847527757,0.39916558897389914
336,NLinear,0.501187,0.5498918633661499,0.3640089534675916,0.41747329975666214,0.35624337200886796,0.39916553159155327
336,NLinear,0.562341,0.5498919511480573,0.3640089020009264,0.41747326090438824,0.35624330865812637,0.3991654672133075
336,NLinear,0.630957,0.5498920496380778,0.364008844261749,0.41747321731743625,0.3562432375852218,0.3991653949882335
336,NLinear,0.707946,0.5498921601427327,0.36400877948620286,0.4174731684190688,0.35624315784943117,0.39916531395813015
336,NLinear,0.794328,0.5498922841246618,0.364008706819541,0.41747311356542316,0.3562430683980092,0.39916522305335694
336,NLinear,0.891251,0.549892423229803,0.3640086253003685,0.4174730520302577,0.3562429680467523,0.3991651210684526
336,NLinear,1.0,0.5498925793001914,0.3640085338533596,0.41747298300090685,0.3562428554709839,0.39916500665674304
336,NLinear,1.12202,0.5498927544068234,0.3640084312702743,0.4174729055699693,0.3562427291821239,0.39916487830522857
336,NLinear,1.25893,0.5498929508695628,0.36400831619864177,0.41747281870866204,0.3562425875136787,0.39916473432099386
336,NLinear,1.41254,0.549893171281306,0.364008187128035,0.417472721274764,0.35624242860424776,0.3991645728167682
336,NLinear,1.58489,0.5498934185636538,0.36400804235801243,0.41747261198784114,0.3562422503579307,0.39916439166021167
336,NLinear,1.77828,0.5498936960095835,0.3640078799738287,0.41747248940495846,0.35624205041426604,0.39916418844320195
336,NLinear,1.99526,0.5498940072686426,0.3640076978559605,0.41747235192872173,0.35624182615976535,0.39916396051952524
336,NLinear,2.23872,0.5498943564754848,0.36400749360596524,0.4174721977502734,0.3562415746363785,0.3991637048832966
336,NLinear,2.51189,0.5498947482491305,0.3640072645482949,0.4174720248323369,0.35624129254341513,0.3991634181721831
336,NLinear,2.81838,0.5498951877494292,0.36400700769897315,0.41747183093640866,0.35624097619858724,0.399163096660358
336,NLinear,3.16228,0.5498956808193056,0.3640067196846132,0.4174716135036413,0.3562406214377836,0.3991627360883106
336,NLinear,3.54813,0.5498962339402871,0.3640063967711176,0.4174713697111995,0.35624022364980534,0.39916233178865224
336,NLinear,3.98107,0.5498968544457329,0.36400603474253884,0.4174710963781119,0.3562397776263795,0.3991618784375478
336,NLinear,4.46684,0.549897550518518,0.36400562890674193,0.41747078996403625,0.3562392775681593,0.39916137014414754
336,NLinear,5.01187,0.549898331317152,0.3640051740271535,0.41747044650312964,0.3562387169994305,0.3991608003336693
336,NLinear,5.62341,0.549899207158401,0.3640046642230737,0.4174700615695334,0.35623808864373785,0.39916016161781986
336,NLinear,6.30957,0.5499001895700057,0.3640040929474538,0.41746963027189277,0.35623738439457237,0.399159445707994
336,NLinear,7.07946,0.5499012914854526,0.3640034528841252,0.4174691470498936,0.356236595186291,0.39915864341683843
336,NLinear,7.94328,0.5499025273656327,0.3640027358903355,0.41746860575119243,0.35623571092025325,0.3991577444785126
336,NLinear,8.91251,0.5499039134617089,0.3640019328607559,0.4174679994981372,0.35623472029333203,0.39915673731432116
336,NLinear,10.0,0.5499054679325116,0.36400103368024855,0.41746732063873393,0.3562336107348936,0.39915560922564985
336,NLinear,11.2202,0.5499072111591999,0.3640000270676759,0.41746656073347027,0.3562323682081428,0.399154345850449
336,NLinear,12.5893,0.5499091659274891,0.3639989005031427,0.417465710500598,0.35623097711285245,0.3991529312269513
336,NLinear,14.1254,0.5499113576483173,0.3639976401409352,0.4174647591892993,0.35622942016861675,0.39915134778768063
336,NLinear,15.8489,0.5499138148866204,0.36399623055559926,0.41746369531817246,0.356227678089587,0.39914957588849465
336,NLinear,17.7828,0.549916569753743,0.3639946545805505,0.41746250620809316,0.35622572937023933,0.3991475936763733
336,NLinear,19.9526,0.5499196577214658,0.36399289349258207,0.41746117761505275,0.3562235504953397,0.39914537706789116
336,NLinear,22.3872,0.54992311884926,0.3639909264075447,0.4174596939727385,0.35622111516991445,0.39914289935486325
336,NLinear,25.1189,0.549926997715225,0.36398873044218044,0.4174580375843623,0.35621839449082243,0.39914013061667003
336,NLinear,28.1838,0.5499313439003272,0.36398628058737303,0.4174561900101018,0.3562153567549191,0.3991370386355288
336,NLinear,31.6228,0.5499362133007647,0.3639835491530641,0.4174541300766537,0.35621196672691674,0.3991335870108708
336,NLinear,35.4813,0.5499416675704657,0.3639805063109517,0.4174518354488898,0.3562081862579671,0.39912973590151124
336,NLinear,39.8107,0.5499477760802942,0.3639771192774966,0.41744928285177607,0.3562039732041353,0.39912544292860846
336,NLinear,44.6684,0.5499546157123825,0.36397335277698917,0.41744644570447176,0.3561992819176651,0.3991206623203542
336,NLinear,50.1187,0.5499622718790561,0.363969168895556,0.41744329504010297,0.35619406296338774,0.39911534413126587
336,NLinear,56.2341,0.5499708400381056,0.36396452676610097,0.41743980007265497,0.3561882625987027,0.3991094302096917
336,NLinear,63.0957,0.5499804258667593,0.3639593831021029,0.41743592877277014,0.35618182328327547,0.39910286147064855
336,NLinear,70.7946,0.5499911467476445,0.3639536921490249,0.4174316491132286,0.3561746834282257,0.39909557245153837
336,NLinear,79.4328,0.5500031324419679,0.3639474062333413,0.41742692641453827,0.3561667778516806,0.3990874964515425
336,NLinear,89.1251,0.5500165270163696,0.3639404758349774,0.41742172618830264,0.35615803758669196,0.39907856100527345
336,NLinear,100.0,0.5500314892146414,0.36393285069366305,0.41741601050425137,0.3561483909309231,0.39906869017900426
336,NLinear,112.202,0.5500481945682832,0.36392448025525154,0.41740974042713813,0.3561377635981517,0.3990578057066431
336,NLinear,125.893,0.5500668360257059,0.36391531515821846,0.4174028830180807,0.3561260801057966,0.39904582963788887
336,NLinear,141.254,0.5500876247306766,0.3639053089151393,0.4173954050054464,0.35611326533154397,0.39903268755024146
336,NLinear,158.489,0.5501107934465346,0.36389441865400773,0.41738727585024876,0.35609924476501587,0.39901828835786635
336,NLinear,177.828,0.550136598313848,0.36388260711079,0.4173784689901896,0.35608394622640216,0.39900255398858614
336,NLinear,199.526,0.5501653148549046,0.3638698475577602,0.4173689848346316,0.3560673052868556,0.3989854124374316
336,NLinear,223.872,0.5501972467933092,0.36385612323356636,0.4173588119475553,0.35604926344529647,0.39896678307494104
336,NLinear,251.189,0.5502327222407135,0.3638414329268397,0.4173479372846146,0.35602977415019615,0.3989466091719316
336,NLinear,281.838,0.5502720946012566,0.36382579458644493,0.4173363902887318,0.3560088061941301,0.3989248425342765
336,NLinear,316.228,0.550315750320349,0.36380924661747843,0.4173242130909281,0.3559863438500225,0.39890145249370806
336,NLinear,354.813,0.5503640990857767,0.3637918562778029,0.417311455250462,0.3559623964684401,0.3988764350304588
336,NLinear,398.107,0.5504175859909265,0.36377371967410654,0.4172981852326726,0.35593699668951845,0.39884978761379536
336,NLinear,446.684,0.5504766835735853,0.36375496930491075,0.4172845261458149,0.35591020892713515,0.39882154274300535
336,NLinear,501.187,0.550541894130683,0.36373577739995366,0.4172706380199342,0.3558821322712838,0.3987917407170015
336,NLinear,562.341,0.5506137552862397,0.3637163582997864,0.4172566866301405,0.3558529020174851,0.3987604702622006
336,NLinear,630.957,0.5506928333146072,0.36369697397378237,0.41724288954927513,0.3558226960630271,0.39872785795884447
336,NLinear,707.946,0.5507797268980678,0.3636779357180393,0.41722948009614585,0.35579173615790316,0.3986941022551839
336,NLinear,794.328,0.5508750633622499,0.3636596070118837,0.4172167795628898,0.35576029147942173,0.3986594105243889
336,NLinear,891.251,0.5509795042865979,0.36364240352108945,0.4172050909355528,0.35572867824817883,0.3986240363674122
336,NLinear,1000.0,0.5510937379823405,0.36362679481866705,0.4171948017421946,0.35569726309512895,0.3985882732732777
336,NLinear,1122.02,0.5512184850361793,0.3636133028325792,0.41718635271212906,0.35566646162708604,0.39855240069708203
336,NLinear,1258.93,0.5513544917776851,0.36360250136228334,0.417180169153317,0.3556367400331512,0.39851679282798347
336,NLinear,1412.54,0.5515025250057506,0.36359501393056853,0.4171766697202658,0.35560861518501546,0.39848182346907746
336,NLinear,1584.89,0.5516633850348314,0.3635915103052791,0.4171763979461704,0.3555826511718914,0.3984478986865145
336,NLinear,1778.28,0.5518379050200217,0.3635927049488808,0.417179865745086,0.3555594599650751,0.39841552627404087
336,NLinear,1995.26,0.552026912143577,0.36359935365345963,0.41718765244026784,0.35553970586609834,0.3983852164720132
336,NLinear,2238.72,0.5522312752424101,0.36361225069142256,0.4172003608961242,0.35552409858652767,0.3983574493279523
336,NLinear,2511.89,0.5524518666522876,0.3636322255549062,0.41721850837506924,0.3555133980302966,0.398332757965006
336,NLinear,2818.38,0.5526895575631993,0.36366013837894307,0.4172427263742644,0.3555084131189381,0.39831172412898913
336,NLinear,3162.28,0.5529452532111189,0.3636968814745954,0.4172737872285824,0.355510001245626,0.3982950262382541
336,NLinear,3548.13,0.5532198230626211,0.36374336751917213,0.41731228881650945,0.35551906889162765,0.3982833091917381
336,NLinear,3981.07,0.5535141619267451,0.36380053410110846,0.41735885728205546,0.35553657055101734,0.39827727906657623
336,NLinear,4466.84,0.5538291344064923,0.36386932999727273,0.41741412616143253,0.3555635054440567,0.39827761454331234
336,NLinear,5011.87,0.5541655816925996,0.3639507081087218,0.41747882478200377,0.3556009123516177,0.3982850449202074
336,NLinear,5623.41,0.554524344026878,0.3640456221806565,0.41755371275327213,0.35564986647880187,0.39830042419875655
336,NLinear,6309.57,0.5549062219692983,0.3641550061739648,0.41763934665370905,0.35571146714004775,0.3983245700706758
336,NLinear,7079.46,0.5553119948919107,0.3642797642759439,0.41773632291478807,0.3557868286543816,0.3983583124079692
336,NLinear,7943.28,0.5557424055567529,0.3644207492720893,0.4178453157628084,0.3558770638378698,0.39840247313144833
336,NLinear,8912.51,0.5561981917411001,0.36457875351714736,0.41796712838090233,0.3559832741004484,0.3984580088608535
336,NLinear,10000.0,0.5566800619948367,0.36475448081884104,0.41810203613416763,0.3561065264393481,0.3985259334502348
336,NLinear,11220.2,0.5571887339969627,0.364948539316887,0.41825072954980075,0.3562478430571077,0.39860693313096796
336,NLinear,12589.3,0.557724925032602,0.36516141932606755,0.41841363451298297,0.3564081797823889,0.3987020791137629
336,NLinear,14125.4,0.5582893557430247,0.3653934779387392,0.41859099517833864,0.35658840727444097,0.3988120284224329
336,NLinear,15848.9,0.5588828267801552,0.3656449594706587,0.4187830550816509,0.3567893192382377,0.3989375633030366
336,NLinear,17782.8,0.5595062396874795,0.3659160024790731,0.41899035728405715,0.3570116314057728,0.39907960762793154
336,NLinear,19952.6,0.5601604900025683,0.3662065971801068,0.4192128318328431,0.35725593758369817,0.39923875081832355
336,NLinear,22387.2,0.5608466705479584,0.36651668744526883,0.419450757142087,0.3575227844667646,0.3994156944960884
336,NLinear,25118.9,0.5615659678236589,0.3668461496525741,0.4197041843222278,0.357812646725754,0.39961123579510177
336,NLinear,28183.8,0.5623196824171097,0.367194834146025,0.4199732887113251,0.3581259539891397,0.3998256659574686
336,NLinear,31622.8,0.5631093673015982,0.36756267159176814,0.4202584513104231,0.3584631804309182,0.4000595878892026
336,NLinear,35481.3,0.5639366308132946,0.3679496311913211,0.42055969534696225,0.35882480430203484,0.40031380805470373
336,NLinear,39810.7,0.564803343576949,0.3683558710924398,0.4208773151861646,0.3592114464642856,0.40058874187743215
336,NLinear,44668.4,0.565711478326063,0.3687817195193331,0.4212120636187347,0.35962385874046165,0.40088543645980645
336,NLinear,50118.7,0.566663134687203,0.3692277398231125,0.42156465137196913,0.3600629942549644,0.40120484701409775
336,NLinear,56234.1,0.5676605926270412,0.3696948022230574,0.42193616122732513,0.3605300926735244,0.4015480510644623
336,NLinear,63095.7,0.5687061824705651,0.37018405754285866,0.4223279252321216,0.36102667483543177,0.40191600583662446
336,NLinear,70794.6,0.5698023073179956,0.3706969651028165,0.4227412750045336,0.36155459561119957,0.4023101539152641
336,NLinear,79432.8,0.5709513610329255,0.37123524913908895,0.4231775802872916,0.36211603023330957,0.40273217225606606
336,NLinear,89125.1,0.5721557645297365,0.37180088337847994,0.42363857452325043,0.3627134948158636,0.4031839394265736
336,NLinear,100000.0,0.5734178461370004,0.3723959717865691,0.42412621247094456,0.36334976363698096,0.40366741134713313
720,Linear,0.0,0.6543938591345237,0.6537164744237478,0.5609415415013794,0.6463410325786588,0.5738466780768329
720,Linear,0.01,0.6543938763482038,0.6537164664545231,0.560941536669331,0.6463410256693708,0.5738466749581108
720,Linear,0.0112202,0.6543938784486112,0.6537164654821321,0.5609415360797396,0.6463410248263135,0.5738466745775697
720,Linear,0.0125893,0.654393880805328,0.6537164643910848,0.560941535418202,0.6463410238803823,0.5738466741505924
720,Linear,0.0141254,0.6543938834495103,0.6537164631669584,0.560941534675973,0.6463410228190729,0.5738466736715389
720,Linear,0.0158489,0.6543938864162733,0.6537164617934974,0.5609415338431958,0.6463410216282927,0.5738466731340486
720,Linear,0.0177828,0.6543938897452072,0.6537164602523754,0.560941532908758,0.6463410202921525,0.5738466725309855
720,Linear,0.0199526,0.6543938934802056,0.6537164585232743,0.560941531860339,0.6463410187930367,0.5738466718543813
720,Linear,0.0223872,0.6543938976710142,0.653716456583167,0.560941530683976,0.6463410171109826,0.5738466710952086
720,Linear,0.0251189,0.654393902373231,0.6537164544063179,0.5609415293640633,0.6463410152236776,0.573846670243396
720,Linear,0.0281838,0.6543939076489947,0.653716451963965,0.5609415278831643,0.6463410131061864,0.5738466692876883
720,Linear,0.0316228,0.6543939135687057,0.6537164492235228,0.5609415262215172,0.6463410107302582,0.573846668215334
720,Linear,0.0354813,0.6543939202105091,0.6537164461488214,0.560941524357187,0.6463410080645358,0.5738466670121931
720,Linear,0.0398107,0.6543939276628782,0.6537164426989126,0.5609415222653675,0.6463410050735191,0.5738466656622343
720,Linear,0.0446684,0.6543939360246119,0.65371643882807,0.5609415199183179,0.6463410017175661,0.5738466641475705
720,Linear,0.0501187,0.654393945406385,0.6537164344850731,0.5609415172849768,0.6463409979522716,0.5738466624481511
720,Linear,0.0562341,0.6543939559329852,0.6537164296121724,0.560941514330322,0.6463409937275711,0.5738466605413719
720,Linear,0.0630957,0.6543939677440012,0.6537164241447717,0.5609415110151719,0.6463409889874648,0.5738466584020026
720,Linear,0.0707946,0.6543939809962307,0.6537164180103147,0.5609415072955216,0.6463409836690532,0.5738466560017398
720,Linear,0.0794328,0.6543939958652306,0.6537164111275701,0.5609415031221335,0.6463409777019166,0.573846653308676
720,Linear,0.0891251,0.6543940125485842,0.6537164034051205,0.5609414984397624,0.6463409710068064,0.5738466502870939
720,Linear,0.1,0.6543940312674508,0.6537163947406481,0.5609414931861736,0.6463409634950262,0.5738466468969431
720,Linear,0.112202,0.6543940522705212,0.6537163850191078,0.560941487291618,0.646340955066848,0.5738466430931611
720,Linear,0.125893,0.6543940758364265,0.6537163741116161,0.5609414806778762,0.6463409456105501,0.5738466388253077
720,Linear,0.141254,0.6543941022766607,0.6537163618741044,0.5609414732576379,0.6463409350012511,0.573846634037124
720,Linear,0.158489,0.6543941319422891,0.6537163481442207,0.5609414649324296,0.6463409230982237,0.5738466286650072
720,Linear,0.177828,0.6543941652291093,0.6537163327389506,0.5609414555915392,0.6463409097428346,0.5738466226374634
720,Linear,0.199526,0.654394202575922,0.6537163154554271,0.5609414451117671,0.64634089475925,0.5738466158751352
720,Linear,0.223872,0.6543942444800163,0.6537162960637805,0.5609414333536034,0.6463408779482365,0.5738466082880521
720,Linear,0.251189,0.6543942914971592,0.653716274307159,0.5609414201613194,0.6463408590871845,0.573846599775537
720,Linear,0.281838,0.6543943442484694,0.6537162498985712,0.5609414053606984,0.6463408379273738,0.573846590225603
720,Linear,0.316228,0.6543944034376129,0.6537162225129568,0.560941388754673,0.646340814187105,0.5738465795110843
720,Linear,0.354813,0.6543944698456224,0.6537161917896189,0.5609413701250241,0.6463407875538146,0.5738465674908958
720,Linear,0.398107,0.6543945443566896,0.653716157320336,0.5609413492246691,0.6463407576737765,0.5738465540051517
720,Linear,0.446684,0.6543946279581356,0.6537161186494309,0.5609413257783954,0.6463407241521735,0.5738465388758774
720,Linear,0.501187,0.6543947217558638,0.6537160752666933,0.5609412994756516,0.6463406865469725,0.573846521903967
720,Linear,0.562341,0.654394826996685,0.6537160265971408,0.5609412699685392,0.6463406443600674,0.5738465028648264
720,Linear,0.630957,0.6543949450751434,0.6537159719979763,0.5609412368661422,0.6463405970346594,0.5738464815071589
720,Linear,0.707946,0.654395077557534,0.6537159107476184,0.560941199729593,0.6463405439457758,0.5738464575501425
720,Linear,0.794328,0.6543952261972977,0.653715842038763,0.5609411580703373,0.6463404843942854,0.573846430679872
720,Linear,0.891251,0.6543953929675986,0.6537157649635424,0.5609411113364309,0.6463404175940771,0.5738464005448234
720,Linear,1.0,0.6543955800766623,0.6537156785067174,0.5609410589155452,0.6463403426662091,0.573846366743138
720,Linear,1.12202,0.6543957900071636,0.6537155815278262,0.5609410001110691,0.6463402586234998,0.5738463288283906
720,Linear,1.25893,0.654396025540081,0.6537154727506066,0.5609409341506936,0.6463401643614417,0.5738462863056866
720,Linear,1.41254,0.6543962897836506,0.6537153507501746,0.5609408601711804,0.6463400586471881,0.5738462386162746
720,Linear,1.58489,0.654396586240089,0.6537152139229114,0.5609407772002185,0.6463399400935858,0.5738461851400832
720,Linear,1.77828,0.6543969188567256,0.6537150604637527,0.5609406841437891,0.6463398071396553,0.5738461251770998
720,Linear,1.99526,0.6543972920082208,0.6537148883754931,0.5609405797929236,0.6463396580588507,0.5738460579501654
720,Linear,2.23872,0.6543977106506215,0.6537146953991048,0.5609404627737855,0.6463394908989394,0.5738459825804489
720,Linear,2.51189,0.6543981803204234,0.653714479015938,0.5609403315558879,0.6463393034842241,0.5738458980762758
720,Linear,2.81838,0.654398707202198,0.653714236418727,0.5609401844236803,0.6463390933908215,0.573845803347453
720,Linear,3.16228,0.6543992982990413,0.653713964435859,0.5609400194561919,0.6463388578815705,0.5738456971626196
720,Linear,3.54813,0.6543999613791589,0.6537136595594383,0.5609398345437817,0.6463385939309595,0.573845578161368
720,Linear,3.98107,0.6544007052313635,0.6537133178320912,0.5609396272739712,0.6463382981278977,0.5738454448303748
720,Linear,4.46684,0.6544015396621385,0.6537129348538331,0.5609393950132416,0.6463379666826523,0.5738452954909786
720,Linear,5.01187,0.6544024756466325,0.6537125057195253,0.5609391347705113,0.6463375953739384,0.5738451282165448
720,Linear,5.62341,0.6544035255473319,0.6537120249271924,0.5609388431887319,0.6463371794711384,0.5738449409021736
720,Linear,6.30957,0.6544047031769463,0.653711486360052,0.5609385165522002,0.6463367137207107,0.5738447312044801
720,Linear,7.07946,0.6544060240314992,0.6537108831933284,0.5609381507931265,0.6463361922680265,0.5738444965184869
720,Linear,7.94328,0.654407505435676,0.6537102078447582,0.5609377412833091,0.6463356086176368,0.5738442339911918
720,Linear,8.91251,0.6544091668573114,0.653709451852324,0.5609372828444014,0.6463349555314283,0.5738439404286632
720,Linear,10.0,0.6544110300473446,0.6537086058371187,0.5609367698562625,0.6463342250013621,0.573843612285709
720,Linear,11.2202,0.654413119416033,0.6537076593655042,0.5609361958914372,0.6463334081364439,0.5738432455729343
720,Linear,12.5893,0.6544154622501809,0.6537066008921579,0.5609355539818687,0.6463324951211195,0.5738428360157213
720,Linear,14.1254,0.6544180889761583,0.6537054176924306,0.5609348365352146,0.6463314751662708,0.5738423788181791
720,Linear,15.8489,0.6544210337918067,0.6537040956416721,0.560934034784558,0.6463303363306923,0.5738418687303165
720,Linear,17.7828,0.6544243351344086,0.6537026190863608,0.5609331393642221,0.6463290654249844,0.5738412999774642
720,Linear,19.9526,0.6544280354550064,0.6537009710445544,0.560932139700605,0.6463276482023996,0.573840666251279
720,Linear,22.3872,0.6544321826855836,0.6536991326741093,0.5609310245742027,0.646326068924015,0.5738399607523367
720,Linear,25.1189,0.6544368301519136,0.6536970834672421,0.5609297816862147,0.6463243105547857,0.5738391764190077
720,Linear,28.1838,0.6544420371484799,0.6536948011843163,0.560928397647027,0.6463223547416113,0.5738383053364481
720,Linear,31.6228,0.6544478705041923,0.6536922614020058,0.5609268572997108,0.6463201814700115,0.5738373395335623
720,Linear,35.4813,0.6544544039063588,0.6536894380992654,0.5609251447211226,0.6463177696204381,0.573836270037447
720,Linear,39.8107,0.6544617202377844,0.6536863029969051,0.5609232418095527,0.6463150964702995,0.5738350873173257
720,Linear,44.6684,0.6544699113181774,0.6536828261098657,0.5609211306425984,0.6463121382490992,0.5738337822315057
720,Linear,50.1187,0.6544790791099278,0.6536789757594998,0.5609187914866753,0.6463088702496871,0.5738323446540999
720,Linear,56.2341,0.6544893375147779,0.6536747184656422,0.5609162026298968,0.6463052668621853,0.5738307650194207
720,Linear,63.0957,0.6545008125605222,0.6536700196593732,0.5609133428911464,0.6463013023322949,0.5738290318994747
720,Linear,70.7946,0.6545136441543312,0.6536648439050083,0.5609101891719981,0.646296951135141,0.5738271379567789
720,Linear,79.4328,0.6545279868579156,0.6536591557226453,0.5609067200026795,0.6462921888951293,0.5738250759557952
720,Linear,89.1251,0.654544012157224,0.6536529200408708,0.5609029131079604,0.6462869930412525,0.573822837920862
720,Linear,100.0,0.6545619088644672,0.6536461036582082,0.5608987472512573,0.6462813443610752,0.5738204198477465
720,Linear,112.202,0.6545818855933763,0.6536386761900224,0.5608942020279982,0.64627522818595,0.5738178178333183
720,Linear,125.893,0.6546041714543184,0.6536306120399261,0.5608892574361551,0.646268636497908,0.573815039592447
720,Linear,141.254,0.6546290169207374,0.6536218926302405,0.5608839003721494,0.6462615703188975,0.5738120940407693
720,Linear,158.489,0.6546566978490189,0.6536125079242774,0.560878123607316,0.6462540416169158,0.5738089925420703
720,Linear,177.828,0.6546875174948451,0.65360245919058,0.5608719168754502,0.6462460763422202,0.5738057622817524
720,Linear,199.526,0.6547218016527041,0.6535917643574425,0.5608652940632267,0.6462377196029316,0.5738024431847806
720,Linear,223.872,0.6547599090942686,0.6535804588037104,0.5608582790312883,0.6462290373300319,0.573799078375267
720,Linear,251.189,0.6548022269135497,0.653568601494314,0.5608508901297822,0.6462201222885167,0.5737957257241242
720,Linear,281.838,0.6548491715089554,0.6535562794655614,0.5608431708371983,0.6462110988360833,0.5737924633851621
720,Linear,316.228,0.654901197722892,0.6535436106284982,0.5608351953651376,0.646202126608747,0.5737893958069589
720,Linear,354.813,0.6549587870665277,0.6535307521805854,0.5608270568914285,0.6461934083779278,0.5737866492882054
720,Linear,398.107,0.6550224621339498,0.6535179025069453,0.5608188518438599,0.6461851932963437,0.5737843983736544
720,Linear,446.684,0.6550927770514459,0.6535053087907806,0.5608107224091744,0.6461777842111595,0.5737828303123773
720,Linear,501.187,0.6551703202000453,0.6534932712475225,0.5608028427068659,0.646171542552078,0.5737821331811516
720,Linear,562.341,0.6552557208260265,0.6534821467727628,0.5607954110398216,0.6461668930571557,0.5737825732249685
720,Linear,630.957,0.6553496411269181,0.6534723543235638,0.5607886775902877,0.6461643293027929,0.5737844457277792
720,Linear,707.946,0.6554527807919499,0.6534643775386481,0.5607829145606862,0.6461644175999934,0.5737880717588667
720,Linear,794.328,0.655565872656294,0.6534587675850468,0.5607784039843899,0.6461678006933594,0.5737938218854294
720,Linear,891.251,0.6556896895394675,0.6534561443493346,0.5607754722188648,0.6461752009979147,0.573802159160814
720,Linear,1000.0,0.6558250355689784,0.6534571976501755,0.5607745665274492,0.6461874230031333,0.5738135099770146
720,Linear,1122.02,0.6559727530760678,0.653462687036014,0.5607761287613318,0.6462053559375892,0.5738283796137316
720,Linear,1258.93,0.6561337152659767,0.6534734410902852,0.560780627763208,0.6462299752528166,0.573847337688452
720,Linear,1412.54,0.6563088205029978,0.6534903552907251,0.5607885647667753,0.6462623432250612,0.573871002788432
720,Linear,1584.89,0.6564990083871702,0.6535143918625785,0.5608004504441357,0.6463036139675287,0.5739000144404998
720,Linear,1778.28,0.6567052597220605,0.6535465799878976,0.5608169241921191,0.6463550379972738,0.5739350284343081
720,Linear,1995.26,0.6569285516196781,0.6535880075234436,0.5608385467254359,0.6464179544075318,0.5739768675503993
720,Linear,2238.72,0.6571699149784496,0.6536398290314687,0.5608659861001659,0.6464938092200206,0.5740263248492775
720,Linear,2511.89,0.6574303908282849,0.6537032587012711,0.5608999028989649,0.6465841494518131,0.574084264942295
720,Linear,2818.38,0.657711026576333,0.6537795680852643,0.5609409953837117,0.646690625627567,0.5741516315832675
720,Linear,3162.28,0.6580129195753968,0.6538700990056869,0.5609899941955423,0.646815014861821,0.5742293647444189
720,Linear,3548.13,0.6583371370289338,0.6539762421886866,0.5610475707787785,0.6469591962807522,0.574318519370725
720,Linear,3981.07,0.6586847907896561,0.6540994599981276,0.5611145486402634,0.6471251876086946,0.5744202249716962
720,Linear,4466.84,0.6590569746835787,0.654241266904465,0.5611917188948067,0.6473151240218357,0.5745357428674943
720,Linear,5011.87,0.6594547756206407,0.6544032301448347,0.5612799752319519,0.6475312653352437,0.574666255906806
720,Linear,5623.41,0.6598793033662156,0.6545869791490053,0.5613800577757582,0.6477760152451157,0.5748130835433316
720,Linear,6309.57,0.6603316479226231,0.654794183510187,0.5614927172292805,0.6480518994257483,0.5749775045062252
720,Linear,7079.46,0.6608129043369833,0.6550265555859357,0.5616188812926437,0.6483615773460387,0.5751610266265917
720,Linear,7943.28,0.6613241569172256,0.6552858333057525,0.5617593523049861,0.6487078282825659,0.5753651980254336
720,Linear,8912.51,0.6618665186161363,0.6555737883903405,0.5619150619322242,0.64909357150636,0.57559175519092
720,Linear,10000.0,0.662441103203357,0.6558922004068652,0.5620867797380679,0.649521840611031,0.575842420099856
720,Linear,11220.2,0.6630490707587279,0.6562428692596126,0.5622752858022443,0.6499958083394847,0.5761187574855685
720,Linear,12589.3,0.6636916148913873,0.6566275987603896,0.5624813973570868,0.6505187709690923,0.5764224434138437
720,Linear,14125.4,0.6643699640732025,0.657048189403418,0.562706068418149,0.6510941421903517,0.5767555051629247
720,Linear,15848.9,0.6650854691897965,0.6575064913099048,0.5629500134782132,0.6517255264330092,0.5771199805545748
720,Linear,17782.8,0.6658396234451933,0.6580044279016755,0.5632141704763047,0.6524167507600857,0.5775181520196478
720,Linear,19952.6,0.6666339257173489,0.6585439207233296,0.5634994394278654,0.6531717555486231,0.5779523832367904
720,Linear,22387.2,0.6674701181153608,0.6591270719646692,0.5638067216728425,0.6539948410128399,0.5784250500180131
720,Linear,25118.9,0.6683500516647048,0.6597561131472418,0.5641370404229881,0.6548905890271834,0.5789386208945136
720,Linear,28183.8,0.6692757009037837,0.6604334595432826,0.564491866256448,0.6558639316116541,0.5794959202449045
720,Linear,31622.8,0.6702493243733494,0.661161886490935,0.564872479259333,0.6569204005729656,0.5800999922804386
720,Linear,35481.3,0.6712732135899013,0.6619444124789708,0.5652802757461405,0.6580659619093353,0.5807540360776015
720,Linear,39810.7,0.6723499401798403,0.6627845581030976,0.5657171009016865,0.6593074031220212,0.5814618888893761
720,Linear,44668.4,0.673482151793721,0.6636862712921618,0.5661850747002948,0.6606522494450733,0.5822278653194113
720,Linear,50118.7,0.6746725976662453,0.6646540235727814,0.5666866217724035,0.6621089437173534,0.583056281998883
720,Linear,56234.1,0.675924193516792,0.6656929402983467,0.5672244859769684,0.6636871010750496,0.5839522107469726
720,Linear,63095.7,0.6772398592823039,0.6668087374822032,0.5678017015621101,0.6653974958725477,0.5849212846847216
720,Linear,70794.6,0.6786225494503048,0.668007799353523,0.5684218488747764,0.6672522856262327,0.5859696554287313
720,Linear,79432.8,0.6800751543267267,0.6692971277645182,0.5690887943585112,0.6692650687948206,0.5871044488401002
720,Linear,89125.1,0.6816005520412538,0.6706843973928407,0.5698063678742835,0.6714511386260671,0.5883337647743647
720,Linear,100000.0,0.683201464249576,0.6721778078090993,0.5705788619676475,0.673827454853412,0.5896658319827227
720,DLinear,0.0,0.6543938591345237,0.6537164744237478,0.5609415415013794,0.6463410325786588,0.5738466780768329
720,DLinear,0.01,0.654393874971418,0.653716466478725,0.5609415369164729,0.6463410253365653,0.5738466748545777
720,DLinear,0.0112202,0.6543938769038308,0.6537164655092861,0.5609415363570373,0.6463410244528984,0.5738466744614036
720,DLinear,0.0125893,0.654393879072053,0.6537164644215507,0.5609415357293356,0.6463410234614018,0.5738466740202517
720,DLinear,0.0141254,0.654393881504749,0.6537164632011399,0.5609415350250694,0.6463410223489686,0.5738466735252902
720,DLinear,0.0158489,0.6543938842342251,0.6537164618318474,0.5609415342348866,0.6463410211008273,0.5738466729699463
720,DLinear,0.0177828,0.6543938872969054,0.6537164602954022,0.5609415333482426,0.646341019700323,0.5738466723468097
720,DLinear,0.0199526,0.6543938907331727,0.6537164585715476,0.5609415323534472,0.6463410181289918,0.573846671647696
720,DLinear,0.0223872,0.654393894588794,0.653716456637326,0.5609415312372518,0.6463410163659081,0.5738466708632686
720,DLinear,0.0251189,0.6543938989149212,0.6537164544670802,0.5609415299848487,0.6463410143876849,0.5738466699831444
720,DLinear,0.0281838,0.6543939037687224,0.6537164520321344,0.560941528579689,0.6463410121681842,0.5738466689956822
720,DLinear,0.0316228,0.6543939092149678,0.6537164493000015,0.5609415270030256,0.6463410096777943,0.573846667887697
720,DLinear,0.0354813,0.6543939153255529,0.6537164462346209,0.5609415252340467,0.646341006883646,0.57384666664458
720,DLinear,0.0398107,0.6543939221818748,0.6537164427951676,0.5609415232492125,0.6463410037485281,0.573846665249766
720,DLinear,0.0446684,0.6543939298748308,0.6537164389360527,0.5609415210222088,0.6463410002308871,0.5738466636847636
720,DLinear,0.0501187,0.6543939385062444,0.6537164346062098,0.5609415185235497,0.6463409962841767,0.5738466619288596
720,DLinear,0.0562341,0.6543939481909237,0.6537164297480625,0.5609415157200068,0.6463409918559181,0.5738466599587181
720,DLinear,0.0630957,0.6543939590572931,0.6537164242972084,0.5609415125744073,0.6463409868874102,0.5738466577482698
720,DLinear,0.0707946,0.6543939712496115,0.6537164181813083,0.5609415090449966,0.6463409813127193,0.5738466552681216
720,DLinear,0.0794328,0.6543939849293953,0.6537164113193734,0.5609415050850269,0.646340975058028,0.5738466524854625
720,DLinear,0.0891251,0.6543940002784274,0.6537164036202585,0.560941500641887,0.6463409680402632,0.5738466493633942
720,DLinear,0.1,0.6543940175001806,0.6537163949819506,0.5609414956566906,0.6463409601664468,0.5738466458604663
720,DLinear,0.112202,0.6543940368234585,0.6537163852897449,0.5609414900632312,0.6463409513320355,0.5738466419301707
720,DLinear,0.125893,0.6543940585046107,0.6537163744151393,0.560941483787356,0.6463409414199117,0.5738466375203803
720,DLinear,0.141254,0.6543940828302225,0.6537163622144899,0.5609414767462287,0.64634093029916,0.5738466325728399
720,DLinear,0.158489,0.6543941101232874,0.6537163485259205,0.5609414688463038,0.6463409178222511,0.5738466270219764
720,DLinear,0.177828,0.6543941407479544,0.653716333166952,0.5609414599822058,0.6463409038228818,0.57384662079392
720,DLinear,0.199526,0.6543941751079391,0.6537163159353074,0.5609414500374813,0.6463408881167112,0.5738466138064513
720,DLinear,0.223872,0.6543942136607694,0.6537162966017814,0.5609414388800047,0.6463408704948628,0.5738466059668638
720,DLinear,0.251189,0.6543942569177782,0.6537162749102611,0.5609414263618833,0.6463408507239456,0.5738465971712555
720,DLinear,0.281838,0.6543943054504266,0.6537162505745738,0.5609414123175762,0.6463408285431852,0.5738465873037876
720,DLinear,0.316228,0.6543943599061274,0.65371622327058,0.5609413965599732,0.6463408036572195,0.5738465762330028
720,DLinear,0.354813,0.6543944210034786,0.6537161926385952,0.5609413788815604,0.6463407757383127,0.5738465638134874
720,DLinear,0.398107,0.6543944895559947,0.6537161582715324,0.5609413590476137,0.6463407444155523,0.5738465498798874
720,DLinear,0.446684,0.6543945664720827,0.6537161197149659,0.5609413367966258,0.646340709274917,0.5738465342487418
720,DLinear,0.501187,0.654394652769261,0.6537160764600685,0.5609413118348625,0.6463406698528481,0.5738465167130203
720,DLinear,0.562341,0.6543947495947035,0.6537160279333947,0.5609412838302907,0.6463406256269509,0.5738464970406607
720,DLinear,0.630957,0.6543948582315229,0.6537159734938345,0.5609412524146611,0.6463405760132351,0.5738464749712091
720,DLinear,0.707946,0.6543949801208735,0.6537159124216667,0.5609412171720031,0.6463405203561563,0.5738464502132067
720,DLinear,0.794328,0.654395116876123,0.6537158439116201,0.560941177636807,0.6463404579223186,0.5738464224412422
720,DLinear,0.891251,0.6543952703128312,0.6537157670580572,0.5609411332866807,0.646340387887004,0.5738463912894656
720,DLinear,1.0,0.6543954424628751,0.6537156808481596,0.5609410835345681,0.6463403093279997,0.5738463563478631
720,DLinear,1.12202,0.6543956356106996,0.6537155841440943,0.5609410277240375,0.6463402212093987,0.5738463171562431
720,DLinear,1.25893,0.6543958523152815,0.6537154756724248,0.5609409651181758,0.6463401223720121,0.5738462731967326
720,DLinear,1.41254,0.6543960954367916,0.6537153540112743,0.5609408948985514,0.6463400115217509,0.5738462238960309
720,DLinear,1.58489,0.6543963681980085,0.6537152175602315,0.5609408161418289,0.646339887202303,0.5738461686076008
720,DLinear,1.77828,0.6543966742313995,0.6537150645176177,0.5609407278113204,0.6463397477745481,0.5738461066043226
720,DLinear,1.99526,0.6543970175628014,0.6537148928896647,0.5609406287509906,0.6463395914250741,0.5738460370845242
720,DLinear,2.23872,0.6543974027532172,0.6537147004208904,0.5609405176545634,0.6463394161029439,0.5738459591379016
720,DLinear,2.51189,0.6543978348980211,0.6537144845961272,0.560940393069936,0.6463392195217934,0.5738458717395443
720,DLinear,2.81838,0.6543983196892655,0.6537142426114001,0.5609402533875905,0.6463389991336126,0.5738457737582267
720,DLinear,3.16228,0.6543988635726188,0.6537139712981291,0.5609400967780878,0.646338752060101,0.5738456639224702
720,DLinear,3.54813,0.65439947369835,0.6537136671507947,0.5609399212065013,0.6463384751183574,0.5738455408215613
720,DLinear,3.98107,0.654400158156589,0.6537133262136123,0.56093972439529,0.6463381647182957,0.5738454028790625
720,DLinear,4.46684,0.6544009259748347,0.653712944086864,0.560939503813895,0.6463378168691937,0.5738452483204995
720,DLinear,5.01187,0.6544017872571589,0.6537125158638566,0.5609392566144396,0.6463374271232649,0.573845075174272
720,DLinear,5.62341,0.6544027533857576,0.6537120360386278,0.5609389796482084,0.6463369904928766,0.5738448812390038
720,DLinear,6.30957,0.6544038370792381,0.6537114984869893,0.560938669337123,0.6463365014348383,0.5738446640398618
720,DLinear,7.07946,0.6544050526076396,0.6537108963722496,0.5609383217803579,0.6463359537665404,0.5738444208807352
720,DLinear,7.94328,0.6544064159268487,0.6537102220942139,0.5609379325897483,0.6463353406219696,0.5738441487243179
720,DLinear,8.91251,0.6544079449688437,0.6537094671651129,0.5609374968589196,0.6463346543418999,0.5738438442565669
720,DLinear,10.0,0.6544096597715419,0.653708622170007,0.5609370091716104,0.6463338864416904,0.57384350377259
720,DLinear,11.2202,0.6544115828263494,0.6537076766259833,0.5609364633718088,0.6463330274880523,0.5738431230670722
720,DLinear,12.5893,0.6544137392797402,0.6537066189213226,0.5609358527938337,0.6463320670497297,0.5738426975848718
720,DLinear,14.1254,0.6544161571773874,0.653705436243037,0.560935170084246,0.64633099363906,0.5738422223911231
720,DLinear,15.8489,0.6544188680483886,0.6537041143501994,0.5609344069947582,0.6463297945154588,0.5738416919820151
720,DLinear,17.7828,0.6544219073393286,0.6537026374373306,0.5609335546098526,0.6463284555732288,0.5738411003345824
720,DLinear,19.9526,0.6544253142105415,0.6537009883253762,0.5609326028391793,0.6463269615291117,0.5738404406721465
720,DLinear,22.3872,0.654429132891913,0.6536991479179074,0.5609315405771664,0.6463252954473123,0.5738397055360236
720,DLinear,25.1189,0.6544334126090487,0.6536970953808907,0.5609303557135146,0.6463234389249918,0.573838887187744
720,DLinear,28.1838,0.654438208120498,0.6536948080582904,0.5609290353129751,0.6463213720433786,0.5738379773187421
720,DLinear,31.6228,0.6544435811695912,0.6536922609965213,0.5609275649673008,0.6463190729725755,0.5738369662159573
720,DLinear,35.4813,0.6544495998741605,0.6536894275037292,0.5609259292422806,0.6463165185195687,0.5738358439812725
720,DLinear,39.8107,0.6544563408946142,0.6536862784528445,0.5609241108809327,0.6463136835519879,0.5738346001145637
720,DLinear,44.6684,0.654463889214985,0.6536827827929618,0.5609220914344311,0.6463105415247202,0.5738332242630323
720,DLinear,50.1187,0.6544723392774626,0.6536789075099702,0.5609198516231434,0.6463070645237772,0.5738317052586481
720,DLinear,56.2341,0.6544817966677543,0.653674617453713,0.5609173709820113,0.6463032232098916,0.5738300318985046
720,DLinear,63.0957,0.6544923783238054,0.653669875977223,0.560914627343198,0.6462989875127196,0.5738281919481599
720,DLinear,70.7946,0.6545042141972711,0.6536646450661067,0.5609115971972816,0.6462943268930104,0.5738261723035485
720,DLinear,79.4328,0.6545174480238523,0.6536588860546337,0.560908259122465,0.6462892111600351,0.5738239621028893
720,DLinear,89.1251,0.6545322394854381,0.6536525599455736,0.5609045899460189,0.6462836109727539,0.5738215554075989
720,DLinear,100.0,0.6545487646650007,0.6536456287255393,0.5609005659737246,0.64627749926834,0.5738189418466414
720,DLinear,112.202,0.6545672184338874,0.6536380561305076,0.5608961670496748,0.6462708522518429,0.5738161125294232
720,DLinear,125.893,0.6545878152187387,0.6536298094201182,0.5608913691317791,0.6462636513334952,0.5738130657906468
720,DLinear,141.254,0.6546107899517922,0.6536208613869035,0.5608861520900352,0.6462558853281007,0.573809803909381
720,DLinear,158.489,0.6546364019692423,0.6536111916011019,0.5608805069631454,0.6462475520642897,0.5738063379165974
720,DLinear,177.828,0.6546649371000864,0.6536007888793672,0.5608744253625756,0.6462386611559154,0.5738026799263792
720,DLinear,199.526,0.6546967034277565,0.6535896564085403,0.5608679085792599,0.6462292391150688,0.5737988509012728
720,DLinear,223.872,0.6547320412666384,0.6535778121147868,0.5608609593514807,0.6462193304920454,0.5737948809750145
720,DLinear,251.189,0.6547713192221191,0.6535652945434743,0.56085359524571,0.6462090038209173,0.573790819850134
720,DLinear,281.838,0.6548149355248486,0.6535521670475369,0.5608458437254269,0.6461983561776007,0.5737867389862136
720,DLinear,316.228,0.6548633270232985,0.653538520165236,0.5608377498626926,0.6461875164109334,0.5737827106042394
720,DLinear,354.813,0.654916958816515,0.6535244800210711,0.5608293905477949,0.6461766533373213,0.5737788448139728
720,DLinear,398.107,0.6549763383164215,0.6535102098193392,0.5608208622737855,0.6461659784889612,0.5737752662410567
720,DLinear,446.684,0.6550420070990831,0.6534959176117626,0.5608122654444793,0.6461557539145673,0.5737721282047321
720,DLinear,501.187,0.6551145442436082,0.6534818606163457,0.5608037430181224,0.6461462972791719,0.573769620353398
720,DLinear,562.341,0.6551945734091336,0.6534683489985696,0.5607954369849936,0.6461379868048567,0.5737679632525157
720,DLinear,630.957,0.6552827563931408,0.6534557519839174,0.5607875474115294,0.6461312678417763,0.5737674288655904
720,DLinear,707.946,0.6553797983795338,0.6534445011527448,0.5607803205431898,0.6461266575543236,0.5737683251536732
720,DLinear,794.328,0.6554864448707519,0.6534350945045299,0.5607740122343422,0.6461247500794208,0.5737709748237382
720,DLinear,891.251,0.6556034891356793,0.6534280988135072,0.560768940537545,0.646126221011138,0.5737757556472372
720,DLinear,1000.0,0.6557317649784423,0.653424152830708,0.5607654549722872,0.6461318320790203,0.5737830622843978
720,DLinear,1122.02,0.6558721540950211,0.6534239688405219,0.5607639274761405,0.6461424356502454,0.573793398143214
720,DLinear,1258.93,0.6560255797987365,0.6534283345005718,0.5607648316675973,0.6461589790031884,0.5738073341825047
720,DLinear,1412.54,0.6561930019429539,0.6534381134276607,0.5607686024144369,0.6461825078755303,0.5738254301139545
720,DLinear,1584.89,0.6563754323735713,0.6534542470015723,0.5607757159830893,0.6462141734543284,0.573848310469238
720,DLinear,1778.28,0.6565739347943572,0.6534777571526986,0.5607867750825108,0.6462552397818772,0.5738767141537695
720,DLinear,1995.26,0.6567895808259044,0.6535097424883131,0.5608023446576813,0.6463070809497459,0.5739113924009225
720,DLinear,2238.72,0.6570235040653508,0.653551386158835,0.5608231024605964,0.6463711990928955,0.5739532062832421
720,DLinear,2511.89,0.6572768562702017,0.6536039524452716,0.5608496986223462,0.6464492227714534,0.5740031089878092
720,DLinear,2818.38,0.6575508011306954,0.6536687858731868,0.5608828796943827,0.6465429111098107,0.574062069588157
720,DLinear,3162.28,0.657846553882784,0.6537473228429646,0.5609234490510534,0.6466541756183466,0.5741311913292484
720,DLinear,3548.13,0.6581652995613891,0.6538410731439703,0.5609722114835525,0.6467850589203508,0.5742115933516853
720,DLinear,3981.07,0.6585082622505143,0.6539516383713552,0.5610300126762444,0.6469377665608557,0.5743044838960072
720,DLinear,4466.84,0.658876639227403,0.6540806924767447,0.5610976777035682,0.6471146456379955,0.5744112434660271
720,DLinear,5011.87,0.6592716070549345,0.6542299784661821,0.5611762297898347,0.6473181869619432,0.5745331749815796
720,DLinear,5623.41,0.6596943464664901,0.6544013124908312,0.5612666405583153,0.6475510374488251,0.5746717715544862
720,DLinear,6309.57,0.6601459954762264,0.6545965579205685,0.5613698549706351,0.6478159721707457,0.574828564387395
720,DLinear,7079.46,0.6606276696624644,0.6548176210958832,0.5614869388948762,0.6481158965116398,0.5750051782762355
720,DLinear,7943.28,0.6611404425493005,0.6550664278730124,0.5616188605650841,0.6484538224383927,0.5752033925343678
720,DLinear,8912.51,0.6616853819662603,0.6553449239752333,0.5617664127526347,0.648832877035487,0.5754250535889465
720,DLinear,10000.0,0.6622635199972524,0.6556550425003242,0.5619307070363604,0.6492562659407322,0.5756718193675929
720,DLinear,11220.2,0.662875897647238,0.6559987085490359,0.5621125957327665,0.6497272862620629,0.5759454574668376
720,DLinear,12589.3,0.663523552268285,0.6563778162631418,0.5623131064522023,0.6502493003756986,0.5762480441873944
720,DLinear,14125.4,0.6642075205549031,0.656794215117605,0.562533179096129,0.6508257199448038,0.5765814875534978
720,DLinear,15848.9,0.6649289300837986,0.6572497568044543,0.5627736524400648,0.6514600715542523,0.5769476851925273
720,DLinear,17782.8,0.6656890241898521,0.6577463149194821,0.5630354997068593,0.652156023909606,0.577348748788386
720,DLinear,19952.6,0.6664890305840117,0.6582857069162331,0.5633194306787365,0.6529172752664008,0.5777869440806128
720,DLinear,22387.2,0.6673304086080586,0.6588698748075307,0.5636263291356957,0.6537478026633425,0.5782643034818936
720,DLinear,25118.9,0.6682147229586791,0.6595008347710133,0.5639572422956236,0.6546517881199877,0.578783272007143
720,DLinear,28183.8,0.6691436687581221,0.6601807342726501,0.5643130069730184,0.6556336964317679,0.5793461668547257
720,DLinear,31622.8,0.6701192434324511,0.660912034281683,0.5646948707373768,0.6566985397558858,0.5799558546132761
720,DLinear,35481.3,0.6711435059826546,0.6616973997204796,0.5651042374569754,0.6578517269942562,0.5806152247530855
720,DLinear,39810.7,0.6722188355548961,0.6625399697780683,0.5655426392542251,0.6590994736827405,0.5813277776721532
720,DLinear,44668.4,0.6733477372027149,0.6634432956845875,0.5660119344232228,0.6604487394043493,0.5820968671623437
720,DLinear,50118.7,0.6745328765892704,0.6644114524646946,0.5665142351938289,0.6619074323354631,0.5829269462951063
720,DLinear,56234.1,0.6757771514243655,0.6654491860883776,0.5670519728921097,0.6634846880833434,0.5838228071601742
720,DLinear,63095.7,0.6770835344142802,0.6665618681657993,0.5676280318130235,0.6651908790790954,0.5847896526493023
720,DLinear,70794.6,0.6784551053378401,0.6677555918789104,0.5682456066204973,0.6670378590626304,0.5858336387606262
720,DLinear,79432.8,0.6798949517518413,0.6690371395035842,0.5689085326407477,0.669039038072551,0.5869618409417515
720,DLinear,89125.1,0.6814062160097855,0.6704140537466109,0.56962058236224,0.6712096482242716,0.5881818397434582
720,DLinear,100000.0,0.6829919444575123,0.6718945045917676,0.5703860872192464,0.6735667238003198,0.5895021516748347
720,NLinear,0.0,0.7142581037683194,0.6101961993060067,0.5505014330784681,0.3914855211877633,0.43374116814968405
720,NLinear,0.01,0.7142581178957078,0.6101961894743154,0.5505014275553884,0.3914855108324245,0.43374115972087784
720,NLinear,0.0112202,0.7142581196195266,0.6101961882746656,0.5505014268814679,0.39148550956887945,0.4337411586924045
720,NLinear,0.0125893,0.7142581215537004,0.6101961869286269,0.5505014261253105,0.3914855081511487,0.43374115753843
720,NLinear,0.0141254,0.714258123723799,0.6101961854184057,0.5505014252769205,0.3914855065604902,0.4337411562436982
720,NLinear,0.0158489,0.7142581261586417,0.6101961837239468,0.5505014243250338,0.3914855047757814,0.4337411547910153
720,NLinear,0.0177828,0.7142581288907205,0.61019618182264,0.5505014232569594,0.3914855027732073,0.43374115316099654
720,NLinear,0.0199526,0.7142581319560591,0.6101961796894178,0.5505014220586142,0.39148550052636494,0.4337411513321498
720,NLinear,0.0223872,0.714258135395484,0.6101961772958701,0.5505014207140281,0.39148549800533144,0.4337411492801179
720,NLinear,0.0251189,0.7142581392546249,0.6101961746102457,0.5505014192053685,0.3914854951766642,0.4337411469776787
720,NLinear,0.0281838,0.7142581435844791,0.6101961715970585,0.5505014175127068,0.39148549200298666,0.4337411443944069
720,NLinear,0.0316228,0.714258148442825,0.610196168216105,0.5505014156134472,0.3914854884419538,0.43374114149583326
720,NLinear,0.0354813,0.7142581538937964,0.6101961644227593,0.55050141348252,0.3914854844465627,0.43374113824371396
720,NLinear,0.0398107,0.7142581600100039,0.6101961601664995,0.550501411091542,0.39148547996359984,0.4337411345947207
720,NLinear,0.0446684,0.714258166872532,0.6101961553909074,0.5505014084088179,0.39148547493364216,0.43374113050049135
720,NLinear,0.0501187,0.7142581745722121,0.6101961500327863,0.5505014053988605,0.3914854692901257,0.4337411259068403
720,NLinear,0.0562341,0.7142581832114578,0.6101961440208818,0.550501402021682,0.3914854629580002,0.43374112075266
720,NLinear,0.0630957,0.7142581929048303,0.6101961372754917,0.5505013982324685,0.3914854558533175,0.4337411149696366
720,NLinear,0.0707946,0.7142582037810138,0.6101961297070904,0.5505013939809154,0.3914854478817822,0.43374110848107006
720,NLinear,0.0794328,0.7142582159840879,0.6101961212154466,0.5505013892107797,0.3914854389378226,0.4337411012010232
720,NLinear,0.0891251,0.7142582296762104,0.6101961116877578,0.5505013838587046,0.39148542890262644,0.4337410930328654
720,NLinear,0.1,0.7142582450388861,0.6101961009977698,0.5505013778537726,0.3914854176432115,0.43374108386837024
720,NLinear,0.112202,0.7142582622762162,0.6101960890035185,0.5505013711162469,0.39148540501004947,0.43374107358572617
720,NLinear,0.125893,0.7142582816168732,0.6101960755459602,0.5505013635569994,0.39148539083562106,0.4337410620485586
720,NLinear,0.141254,0.714258303316499,0.6101960604473069,0.5505013550761313,0.391485374932663,0.43374104910449246
720,NLinear,0.158489,0.7142583276632128,0.6101960435072005,0.550501345560945,0.3914853570901391,0.43374103458188934
720,NLinear,0.177828,0.7142583549818444,0.6101960244997756,0.5505013348848427,0.39148533707014455,0.43374101828695244
720,NLinear,0.199526,0.7142583856325151,0.6101960031746547,0.5505013229069582,0.39148531460895525,0.4337410000050139
720,NLinear,0.223872,0.7142584200233468,0.61019597924812,0.5505013094681168,0.39148528940772737,0.4337409794929034
720,NLinear,0.251189,0.7142584586104533,0.6101959524031333,0.5505012943899167,0.39148526113251897,0.4337409564785543
720,NLinear,0.281838,0.7142585019035806,0.6101959222854324,0.5505012774732305,0.39148522941017605,0.4337409306587315
720,NLinear,0.316228,0.7142585504802196,0.6101958884937364,0.5505012584931184,0.3914851938180161,0.4337409016888888
720,NLinear,0.354813,0.7142586049813521,0.6101958505827361,0.5505012371994031,0.39148515388697547,0.43374086918782045
720,NLinear,0.398107,0.7142586661326199,0.6101958080484066,0.5505012133088414,0.39148510908613865,0.4337408327235465
720,NLinear,0.446684,0.714258734744298,0.6101957603280748,0.5505011865053613,0.39148505882280565,0.4337407918130093
720,NLinear,0.501187,0.714258811723976,0.61019570679166,0.5505011564351003,0.39148500243326395,0.4337407459166917
720,NLinear,0.562341,0.7142588980948787,0.6101956467290077,0.5505011226996215,0.39148493916944316,0.43374069442547925
720,NLinear,0.630957,0.7142589950014654,0.6101955793460936,0.5505010848518531,0.39148486819491274,0.43374063665679224
720,NLinear,0.707946,0.71425910372914,0.6101955037514387,0.5505010423901453,0.39148478857056673,0.43374057184645587
720,NLinear,0.794328,0.7142592257168804,0.6101954189474806,0.5505009947560594,0.3914846992455276,0.4337404991388694
720,NLinear,0.891251,0.7142593625839713,0.6101953238121804,0.550500941318778,0.391484599037764,0.4337404175731588
720,NLinear,1.0,0.7142595161425872,0.6101952170905184,0.5505008813739588,0.39148448662512164,0.4337403260708378
720,NLinear,1.12202,0.7142596884301109,0.610195097372335,0.5505008141335561,0.3914843605219675,0.4337402234227903
720,NLinear,1.25893,0.7142598817287024,0.6101949630791165,0.5505007387075987,0.39148421906525316,0.43374010827740217
720,NLinear,1.41254,0.7142600985890499,0.6101948124479688,0.5505006541040512,0.3914840603976107,0.4337399791240616
720,NLinear,1.58489,0.7142603418851167,0.6101946434941926,0.5505005592116732,0.39148388242790233,0.43373983425888524
720,NLinear,1.77828,0.7142606148560868,0.6101944539829219,0.550500452772897,0.3914836828013096,0.4337396717628642
720,NLinear,1.99526,0.7142609210917521,0.6101942414402245,0.5505003333920246,0.3914834589109787,0.4337394895071663
720,NLinear,2.23872,0.7142612646589152,0.6101940030665516,0.5505001994974569,0.39148320780679535,0.433739285089988
720,NLinear,2.51189,0.7142616501005877,0.6101937357388261,0.5505000493362655,0.3914829261975097,0.4337390558316144
720,NLinear,2.81838,0.7142620824914497,0.6101934359738507,0.5504998809577801,0.3914826104120991,0.4337387987489457
720,NLinear,3.16228,0.7142625675776776,0.6101930998337497,0.5504996921672854,0.39148225630004296,0.43373851045942735
720,NLinear,3.54813,0.7142631117330438,0.6101927229594052,0.5504994804972944,0.3914818592664014,0.4337381872331068
720,NLinear,3.98107,0.7142637221685123,0.6101923004290026,0.550499243181903,0.3914814141226141,0.4337378248311254
720,NLinear,4.46684,0.7142644069297245,0.6101918267645442,0.5504989771351161,0.39148091509313304,0.433737418554444
720,NLinear,5.01187,0.7142651750207841,0.6101912958520739,0.5504986789206076,0.39148035573109147,0.4337369631819884
720,NLinear,5.62341,0.7142660365835465,0.610190700825175,0.5504983447192205,0.391479728795196,0.4337364527647485
720,NLinear,6.30957,0.7142670029490192,0.6101900340388375,0.5504979702754723,0.3914790262217381,0.43373588070505736
720,NLinear,7.07946,0.7142680868283879,0.6101892869492602,0.550497550776437,0.3914782389973757,0.4337352396463308
720,NLinear,7.94328,0.7142693024319723,0.6101884500464617,0.5504970808810299,0.39147735708740666,0.43373452139404234
720,NLinear,8.91251,0.7142706657268909,0.6101875126951422,0.5504965546581951,0.3914763692671716,0.433733716864339
720,NLinear,10.0,0.7142721945514082,0.6101864630790289,0.5504959655266864,0.39147526306226554,0.43373281593980795
720,NLinear,11.2202,0.714273908923016,0.6101852880178923,0.5504953060470572,0.39147402455426467,0.4337318072266285
720,NLinear,12.5893,0.7142758312158992,0.6101839728817517,0.5504945680216012,0.3914726382885046,0.43373067808480187
720,NLinear,14.1254,0.7142779863757843,0.6101825014881467,0.550493742465771,0.39147108716356044,0.43372941450564295
720,NLinear,15.8489,0.7142804024372035,0.6101808558042813,0.5504928193429528,0.39146935211443845,0.43372800073952955
720,NLinear,17.7828,0.7142831109059163,0.610179015756739,0.5504917873409896,0.39146741190836054,0.433726419400901
720,NLinear,19.9526,0.7142861465718919,0.6101769594445242,0.5504906341816717,0.39146524336495125,0.4337246518386962
720,NLinear,22.3872,0.7142895487106693,0.6101746624303797,0.5504893462264887,0.39146282060337884,0.43372267675415793
720,NLinear,25.1189,0.7142933610089349,0.6101720979256957,0.5504879089444773,0.3914601152302675,0.4337204707301894
720,NLinear,28.1838,0.7142976320326053,0.6101692366373097,0.5504863059133905,0.3914570961694165,0.4337180084071206
720,NLinear,31.6228,0.7143024165066862,0.6101660461123889,0.550484519213939,0.39145372895956804,0.43371526150269535
720,NLinear,35.4813,0.7143077747553052,0.6101624913634017,0.5504825296363156,0.3914499764001129,0.43371219949129997
720,NLinear,39.8107,0.71431377461184,0.6101585339022081,0.5504803156819553,0.39144579751449393,0.43370878768105753
720,NLinear,44.6684,0.7143204911985135,0.6101541322658319,0.5504778543151959,0.3914411480836425,0.43370499039278304
720,NLinear,50.1187,0.7143280079051954,0.61014924182626,0.5504751207559374,0.3914359804186571,0.4337007675715257
720,NLinear,56.2341,0.7143364178502389,0.6101438143963877,0.5504720888388819,0.3914302429111108,0.43369607626736656
720,NLinear,63.0957,0.7143458240185326,0.6101377988203026,0.5504687303904959,0.39142388061537364,0.43369087002036855
720,NLinear,70.7946,0.7143563406808306,0.6101311408727895,0.5504650148425,0.39141683509130104,0.43368510100279983
720,NLinear,79.4328,0.7143680940074328,0.6101237838446808,0.5504609134149236,0.391409044960212,0.43367871847387446
720,NLinear,89.1251,0.7143812239022953,0.6101156685538401,0.5504563921568247,0.39140044583839523,0.43367166624778447
720,NLinear,100.0,0.7143958843014826,0.6101067345448487,0.5504514193340796,0.39139097151163665,0.4336638902724638
720,NLinear,112.202,0.7144122451646295,0.6100969204891604,0.5504459656963039,0.3913805542420885,0.4336553308140845
720,NLinear,125.893,0.7144304930014921,0.6100861657699038,0.5504399981879995,0.3913691263062008,0.433645926117264
720,NLinear,141.254,0.7144508315325833,0.6100744122553997,0.5504334866540781,0.3913566217067046,0.433635620716411
720,NLinear,158.489,0.7144734849235732,0.6100616049169323,0.550426401753256,0.3913429766213748,0.4336243542023528
720,NLinear,177.828,0.7144986993693799,0.6100476938488201,0.550418724464816,0.3913281312990605,0.43361207056881396
720,NLinear,199.526,0.7145267390456229,0.6100326396759137,0.5504104350244756,0.3913120355332054,0.43359872480731376
720,NLinear,223.872,0.714557894568803,0.6100164123999535,0.5504015248771981,0.3912946470884739,0.43358427020631335
720,NLinear,251.189,0.7145924791009025,0.6099989973951532,0.5503919906537302,0.39127593770884184,0.4335686735015269
720,NLinear,281.838,0.7146308290633052,0.6099803989830611,0.5503818532964195,0.3912558965076735,0.43355191346714117
720,NLinear,316.228,0.7146733115078855,0.6099606411256543,0.5503711302150747,0.39123453019573046,0.4335339859232676
720,NLinear,354.813,0.714720314402835,0.6099397764487141,0.5503598594998308,0.3912118722561268,0.43351488771696167
720,NLinear,398.107,0.7147722583100307,0.6099178851343213,0.55034811137465,0.39118798115885256,0.4334946594054347
720,NLinear,446.684,0.7148295885011717,0.6098950827240722,0.5503359575029118,0.39116294821624004,0.43347333634495355
720,NLinear,501.187,0.7148927771095089,0.6098715228348154,0.5503235056903067,0.3911368999789731,0.43345098185761016
720,NLinear,562.341,0.714962328457042,0.6098473986036854,0.5503108857672658,0.39110999926003015,0.4334277182353308
720,NLinear,630.957,0.7150387725641159,0.6098229479834283,0.5502982915821581,0.39108245053481794,0.43340367127954976
720,NLinear,707.946,0.7151226688317099,0.609798454421724,0.5502858874614492,0.3910545004279577,0.43337898955681564
720,NLinear,794.328,0.7152146025106784,0.609774249128398,0.550273914563118,0.39102644022629646,0.4333538097435334
720,NLinear,891.251,0.7153151902861463,0.6097507098811097,0.5502625930592463,0.39099860475042497,0.43332837318694484
720,NLinear,1000.0,0.715425073260114,0.6097282623846892,0.5502522391207649,0.39097137455242603,0.4333029193823642
720,NLinear,1122.02,0.7155449225912739,0.6097073776231858,0.5502431280407829,0.39094517386187677,0.43327776344088464
720,NLinear,1258.93,0.715675433565384,0.6096885711235043,0.5502355849383043,0.3909204712614195,0.43325319745293084
720,NLinear,1412.54,0.7158173209574702,0.6096724006173413,0.5502300106863344,0.3908977790590405,0.4332295553711964
720,NLinear,1584.89,0.7159713319867327,0.6096594614829938,0.5502267538288368,0.39087764994790164,0.43320722495579106
720,NLinear,1778.28,0.7161382460941454,0.6096503851071495,0.5502262002978892,0.3908606774381489,0.433186560220453
720,NLinear,1995.26,0.7163188383221347,0.6096458378620427,0.5502287588463498,0.3908474988823236,0.43316800482967904
720,NLinear,2238.72,0.7165139253939955,0.6096465156919694,0.5502349145031395,0.390838790337446,0.43315198143661854
720,NLinear,2511.89,0.7167243297740544,0.6096531434888844,0.550245169064168,0.39083527014396446,0.43313891687397915
720,NLinear,2818.38,0.7169508758665228,0.6096664713379496,0.5502599484446818,0.39083769782975336,0.43312922909268237
720,NLinear,3162.28,0.717194424197275,0.6096872744807853,0.5502797918416937,0.3908468747974196,0.433123429512825
720,NLinear,3548.13,0.7174558056133424,0.6097163464591634,0.5503051414228586,0.3908636428718121,0.43312203361324847
720,NLinear,3981.07,0.7177358803483075,0.6097545005486853,0.5503365575930381,0.390888885054316,0.43312550781784526
720,NLinear,4466.84,0.7180354861193681,0.6098025602492982,0.5503745186345442,0.3909235205586727,0.4331345081401986
720,NLinear,5011.87,0.7183554457841782,0.6098613526327353,0.5504194981184026,0.39096849984085486,0.43314966702846447
720,NLinear,5623.41,0.7186965900628124,0.6099317044020882,0.550472007878016,0.39102480189466343,0.43317157757828795
720,NLinear,6309.57,0.719059722273313,0.6100144248508368,0.5505326142402928,0.39109342112962564,0.4332009198602066
720,NLinear,7079.46,0.7194456376939701,0.6101102958628167,0.5506018671288406,0.3911753590552643,0.43323829188968993
720,NLinear,7943.28,0.7198551108371752,0.6102200528993237,0.5506801550067092,0.39127160828669405,0.43328441257955935
720,NLinear,8912.51,0.720288927595754,0.6103443755828947,0.5507678692143564,0.3913831444120582,0.4333399869927844
720,NLinear,10000.0,0.7207478642962702,0.6104838636289998,0.5508655915693672,0.39151090454982385,0.43340559751333957
720,NLinear,11220.2,0.7212327262884736,0.6106390296190624,0.5509738284453161,0.3916557800195572,0.43348172750590197
720,NLinear,12589.3,0.7217443408248739,0.6108102806625506,0.5510928676216513,0.39181859793462226,0.4335691096642655
720,NLinear,14125.4,0.7222835622560078,0.6109979062172246,0.5512229484990819,0.3920001065176124,0.4336682978876335
720,NLinear,15848.9,0.7228513465628732,0.6112020960953239,0.5513642158073436,0.39220098794750546,0.43377999461029426
720,NLinear,17782.8,0.72344877252158,0.6114229491591244,0.5515171037782719,0.39242186156081343,0.4339046806201279
720,NLinear,19952.6,0.7240769397599882,0.6116604425645517,0.5516818738199765,0.39266324474315994,0.4340427586035375
720,NLinear,22387.2,0.7247371636640078,0.6119145199872447,0.5518587365179433,0.3929256313795286,0.4341946327373987
720,NLinear,25118.9,0.7254308758706935,0.6121850805009857,0.5520477563167598,0.39320947037118126,0.4343607130026086
720,NLinear,28183.8,0.7261596429776224,0.6124720189743955,0.5522491911770467,0.393515194838648,0.43454145527100846
720,NLinear,31622.8,0.7269252995790547,0.6127753202353909,0.5524632831482762,0.3938433107175391,0.43473746980204475
720,NLinear,35481.3,0.7277297569602327,0.6130950309529454,0.5526902486893948,0.3941943568281655,0.4349492334572731
720,NLinear,39810.7,0.7285752031854853,0.6134313889272475,0.5529305555248036,0.3945690373969078,0.43517748462545974
720,NLinear,44668.4,0.7294639476067133,0.6137848111786102,0.5531848650676567,0.39496820624260537,0.43542294791116887
720,NLinear,50118.7,0.7303984451372474,0.6141559488005511,0.5534539931125979,0.3953929283649519,0.43568658068800387
720,NLinear,56234.1,0.7313813504873935,0.6145457445208549,0.5537389158041113,0.3958445532856504,0.4359695114759291
720,NLinear,63095.7,0.7324153934354157,0.614955404835076,0.5540405641604349,0.39632469828649197,0.436272971237251
720,NLinear,70794.6,0.7335034048443629,0.6153864125233328,0.5543602357068224,0.39683528560279374,0.43659842039620195
720,NLinear,79432.8,0.7346482411562458,0.615840474353889,0.5546992722207921,0.3973785131435412,0.43694777877170315
720,NLinear,89125.1,0.7358528280045318,0.6163194872777801,0.5550593350576936,0.3979568566007563,0.4373226142609767
720,NLinear,100000.0,0.7371200502739307,0.6168254121591149,0.5554417679664613,0.3985729705989588,0.437725204674988
