dataset,H,model,objective,lam,lam_convention,delta,k,train_obj,val_mse,val_mae,val_huber,test_mse,test_mae,n_iter,converged,seconds,init,derived_from,tol,patience,chunk,gram_dtype,gpu,torch_version,git_commit,timestamp
ETTh1,96,Linear,MSE,0.0,"Σr² + λ·Σ_h w_hᵀPen w_h (tổng, không phạt bias)",,,0.3297278362322018,0.6516299666743923,0.5425573242331387,0.2547234964545393,0.37023527067813916,0.3915381623525754,0,True,0.1261439000008977,closed_form,,,,16,float64,NVIDIA GeForce RTX 5060 Ti,2.14.0+cu130,bf57cffaee60,2026-09-30T18:44:14
ETTh1,96,Linear,MSE,0.01,"Σr² + λ·Σ_h w_hᵀPen w_h (tổng, không phạt bias)",,,0.3297278583894388,0.6516299670649403,0.5425573229780524,0.25472349618964535,0.3702352597717336,0.3915381556829727,0,True,0.007562100006907713,closed_form,,,,16,float64,NVIDIA GeForce RTX 5060 Ti,2.14.0+cu130,bf57cffaee60,2026-09-30T18:44:14
ETTh1,96,Linear,MSE,0.0158489,"Σr² + λ·Σ_h w_hᵀPen w_h (tổng, không phạt bias)",,,0.32972787134895415,0.6516299672934308,0.5425573222439838,0.2547234960347385,0.3702352533927529,0.39153815178202706,0,True,0.006358700004057027,closed_form,,,,16,float64,NVIDIA GeForce RTX 5060 Ti,2.14.0+cu130,bf57cffaee60,2026-09-30T18:44:14
ETTh1,96,Linear,MSE,0.0251189,"Σr² + λ·Σ_h w_hᵀPen w_h (tổng, không phạt bias)",,,0.329727891888617,0.6516299676556642,0.5425573210805773,0.2547234957892653,0.3702352432827221,0.3915381455995137,0,True,0.007128999997803476,closed_form,,,,16,float64,NVIDIA GeForce RTX 5060 Ti,2.14.0+cu130,bf57cffaee60,2026-09-30T18:44:14
ETTh1,96,Linear,MSE,0.0398107,"Σr² + λ·Σ_h w_hᵀPen w_h (tổng, không phạt bias)",,,0.3297279244413168,0.6516299682299987,0.5425573192367941,0.2547234954003229,0.37023522725983155,0.3915381358012497,0,True,0.03226350000477396,closed_form,,,,16,float64,NVIDIA GeForce RTX 5060 Ti,2.14.0+cu130,bf57cffaee60,2026-09-30T18:44:15
ETTh1,96,Linear,MSE,0.0630957,"Σr² + λ·Σ_h w_hᵀPen w_h (tổng, không phạt bias)",,,0.32972797603372056,0.6516299691408622,0.5425573163147664,0.2547234947841459,0.3702352018658271,0.39153812027224066,0,True,0.0705759999982547,closed_form,,,,16,float64,NVIDIA GeForce RTX 5060 Ti,2.14.0+cu130,bf57cffaee60,2026-09-30T18:44:15
ETTh1,96,Linear,MSE,0.1,"Σr² + λ·Σ_h w_hᵀPen w_h (tổng, không phạt bias)",,,0.3297280578015655,0.6516299705859976,0.5425573116841534,0.2547234938082148,0.3702351616205774,0.39153809566576575,0,True,0.01500569999916479,closed_form,,,,16,float64,NVIDIA GeForce RTX 5060 Ti,2.14.0+cu130,bf57cffaee60,2026-09-30T18:44:15
ETTh1,96,Linear,MSE,0.158489,"Σr² + λ·Σ_h w_hᵀPen w_h (tổng, không phạt bias)",,,0.3297281873921745,0.6516299728801654,0.542557304348975,0.25472349226309865,0.3702350978405881,0.39153805667266384,0,True,0.008666900001117028,closed_form,,,,16,float64,NVIDIA GeForce RTX 5060 Ti,2.14.0+cu130,bf57cffaee60,2026-09-30T18:44:15
ETTh1,96,Linear,MSE,0.251189,"Σr² + λ·Σ_h w_hᵀPen w_h (tổng, không phạt bias)",,,0.32972839277738714,0.6516299765257603,0.5425572927287851,0.2547234898182936,0.37023499676493843,0.391537994879328,0,True,0.0071958000044105574,closed_form,,,,16,float64,NVIDIA GeForce RTX 5060 Ti,2.14.0+cu130,bf57cffaee60,2026-09-30T18:44:15
ETTh1,96,Linear,MSE,0.398107,"Σr² + λ·Σ_h w_hᵀPen w_h (tổng, không phạt bias)",,,0.3297287182757143,0.6516299823275263,0.5425572743282298,0.2547234859538028,0.3702348365979629,0.3915378969721419,0,True,0.0061443000013241544,closed_form,,,,16,float64,NVIDIA GeForce RTX 5060 Ti,2.14.0+cu130,bf57cffaee60,2026-09-30T18:44:15
ETTh1,96,Linear,MSE,0.630957,"Σr² + λ·Σ_h w_hᵀPen w_h (tổng, không phạt bias)",,,0.32972923412774024,0.6516299915828742,0.5425572451960088,0.2547234798546476,0.37023458281345223,0.3915377418606561,0,True,0.00923039999906905,closed_form,,,,16,float64,NVIDIA GeForce RTX 5060 Ti,2.14.0+cu130,bf57cffaee60,2026-09-30T18:44:16
ETTh1,96,Linear,MSE,1.0,"Σr² + λ·Σ_h w_hᵀPen w_h (tổng, không phạt bias)",,,0.32973005162533797,0.6516300064026243,0.5425571991020651,0.25472347025256126,0.37023418075151915,0.3915374962448372,0,True,0.011964899997110479,closed_form,,,,16,float64,NVIDIA GeForce RTX 5060 Ti,2.14.0+cu130,bf57cffaee60,2026-09-30T18:44:16
ETTh1,96,Linear,MSE,1.58489,"Σr² + λ·Σ_h w_hᵀPen w_h (tổng, không phạt bias)",,,0.32973134707728274,0.6516300302691341,0.5425571263435166,0.25472345519610506,0.3702335439321992,0.3915371074006789,0,True,0.013362199999392033,closed_form,,,,16,float64,NVIDIA GeForce RTX 5060 Ti,2.14.0+cu130,bf57cffaee60,2026-09-30T18:44:16
ETTh1,96,Linear,MSE,2.51189,"Σr² + λ·Σ_h w_hᵀPen w_h (tổng, không phạt bias)",,,0.3297333997891459,0.6516300690460727,0.5425570116264117,0.25472343173863354,0.3702325356369495,0.39153649206922464,0,True,0.007487399998353794,closed_form,,,,16,float64,NVIDIA GeForce RTX 5060 Ti,2.14.0+cu130,bf57cffaee60,2026-09-30T18:44:16
ETTh1,96,Linear,MSE,3.98107,"Σr² + λ·Σ_h w_hᵀPen w_h (tổng, không phạt bias)",,,0.3297366519102877,0.6516301328853517,0.5425568315048462,0.25472339557837026,0.3702309401420543,0.39153551913638907,0,True,0.014367799994943198,closed_form,,,,16,float64,NVIDIA GeForce RTX 5060 Ti,2.14.0+cu130,bf57cffaee60,2026-09-30T18:44:16
ETTh1,96,Linear,MSE,6.30957,"Σr² + λ·Σ_h w_hᵀPen w_h (tổng, không phạt bias)",,,0.32974180324933267,0.6516302400288039,0.5425565502874571,0.2547233408138817,0.3702284177779417,0.3915339829088992,0,True,0.0069928000011714175,closed_form,,,,16,float64,NVIDIA GeForce RTX 5060 Ti,2.14.0+cu130,bf57cffaee60,2026-09-30T18:44:17
ETTh1,96,Linear,MSE,10.0,"Σr² + λ·Σ_h w_hᵀPen w_h (tổng, không phạt bias)",,,0.3297499602192085,0.6516304247428298,0.54255611632348,0.2547232603789875,0.3702244359279397,0.39153156207530876,0,True,0.013327000000572298,closed_form,,,,16,float64,NVIDIA GeForce RTX 5060 Ti,2.14.0+cu130,bf57cffaee60,2026-09-30T18:44:17
ETTh1,96,Linear,MSE,15.8489,"Σr² + λ·Σ_h w_hᵀPen w_h (tổng, không phạt bias)",,,0.32976286963776674,0.6516307546113826,0.5425554555310468,0.2547231487445128,0.37021816465463475,0.3915277589238026,0,True,0.015262599998095538,closed_form,,,,16,float64,NVIDIA GeForce RTX 5060 Ti,2.14.0+cu130,bf57cffaee60,2026-09-30T18:44:17
ETTh1,96,Linear,MSE,25.1189,"Σr² + λ·Σ_h w_hᵀPen w_h (tổng, không phạt bias)",,,0.32978328397229056,0.6516313694260072,0.5425544739776269,0.254723011095463,0.37020832333205334,0.39152181491865684,0,True,0.01004310000280384,closed_form,,,,16,float64,NVIDIA GeForce RTX 5060 Ti,2.14.0+cu130,bf57cffaee60,2026-09-30T18:44:17
ETTh1,96,Linear,MSE,39.8107,"Σr² + λ·Σ_h w_hᵀPen w_h (tổng, không phạt bias)",,,0.32981552387453134,0.6516325701112807,0.5425530827271455,0.25472288958513684,0.37019296818139963,0.39151259549942047,0,True,0.009205400005157571,closed_form,,,,16,float64,NVIDIA GeForce RTX 5060 Ti,2.14.0+cu130,bf57cffaee60,2026-09-30T18:44:17
ETTh1,96,Linear,MSE,63.0957,"Σr² + λ·Σ_h w_hᵀPen w_h (tổng, không phạt bias)",,,0.32986633841061863,0.6516350229798837,0.5425512960991051,0.25472293200734225,0.37016922349413006,0.3914984857544218,0,True,0.009441299996979069,closed_form,,,,16,float64,NVIDIA GeForce RTX 5060 Ti,2.14.0+cu130,bf57cffaee60,2026-09-30T18:44:17
ETTh1,96,Linear,MSE,100.0,"Σr² + λ·Σ_h w_hᵀPen w_h (tổng, không phạt bias)",,,0.3299461826432867,0.651640222270026,0.5425494562457833,0.2547235602722054,0.37013301433730295,0.3914773626727537,0,True,0.008298200002172962,closed_form,,,,16,float64,NVIDIA GeForce RTX 5060 Ti,2.14.0+cu130,bf57cffaee60,2026-09-30T18:44:18
ETTh1,96,Linear,MSE,158.489,"Σr² + λ·Σ_h w_hᵀPen w_h (tổng, không phạt bias)",,,0.33007105653996516,0.6516515037393873,0.5425487673168012,0.25472585844649964,0.3700789737617352,0.391446742154396,0,True,0.016260399999737274,closed_form,,,,16,float64,NVIDIA GeForce RTX 5060 Ti,2.14.0+cu130,bf57cffaee60,2026-09-30T18:44:18
ETTh1,96,Linear,MSE,251.189,"Σr² + λ·Σ_h w_hᵀPen w_h (tổng, không phạt bias)",,,0.33026502062499663,0.651676139578744,0.542552960560795,0.25473240021829285,0.37000092338927537,0.391404766320939,0,True,0.007080199997290038,closed_form,,,,16,float64,NVIDIA GeForce RTX 5060 Ti,2.14.0+cu130,bf57cffaee60,2026-09-30T18:44:18
ETTh1,96,Linear,MSE,398.107,"Σr² + λ·Σ_h w_hᵀPen w_h (tổng, không phạt bias)",,,0.33056335805863235,0.6517292779225722,0.5425703274817988,0.2547488367768156,0.36989363986913815,0.3913522390978566,0,True,0.01974519999930635,closed_form,,,,16,float64,NVIDIA GeForce RTX 5060 Ti,2.14.0+cu130,bf57cffaee60,2026-09-30T18:44:18
ETTh1,96,Linear,MSE,630.957,"Σr² + λ·Σ_h w_hᵀPen w_h (tổng, không phạt bias)",,,0.33101618840398506,0.6518403867304927,0.5426190359069325,0.2547865311323721,0.36975672778187896,0.3912965518811669,0,True,0.009414299995114561,closed_form,,,,16,float64,NVIDIA GeForce RTX 5060 Ti,2.14.0+cu130,bf57cffaee60,2026-09-30T18:44:18
ETTh1,96,Linear,MSE,1000.0,"Σr² + λ·Σ_h w_hᵀPen w_h (tổng, không phạt bias)",,,0.3316920129276529,0.6520618376861033,0.5427322709398379,0.2548661015875765,0.36960089692116016,0.3912580032274468,0,True,0.037437999999383464,closed_form,,,,16,float64,NVIDIA GeForce RTX 5060 Ti,2.14.0+cu130,bf57cffaee60,2026-09-30T18:44:18
ETTh1,96,Linear,MSE,1584.89,"Σr² + λ·Σ_h w_hᵀPen w_h (tổng, không phạt bias)",,,0.33268079060554845,0.6524774648080344,0.5429666848136884,0.25502095334305874,0.36945538399915384,0.3912755055616262,0,True,0.034503299997595605,closed_form,,,,16,float64,NVIDIA GeForce RTX 5060 Ti,2.14.0+cu130,bf57cffaee60,2026-09-30T18:44:19
ETTh1,96,Linear,MSE,2511.89,"Σr² + λ·Σ_h w_hᵀPen w_h (tổng, không phạt bias)",,,0.3340966222419368,0.6532083229233706,0.5434016586868667,0.2552995763486846,0.3693738657341773,0.39141062754709927,0,True,0.007139600005757529,closed_form,,,,16,float64,NVIDIA GeForce RTX 5060 Ti,2.14.0+cu130,bf57cffaee60,2026-09-30T18:44:19
ETTh1,96,Linear,MSE,3981.07,"Σr² + λ·Σ_h w_hᵀPen w_h (tổng, không phạt bias)",,,0.3360805123938294,0.6544156386270005,0.5441423008750272,0.25576640889017416,0.3694368628896673,0.39174582432375493,0,True,0.014373899997735862,closed_form,,,,16,float64,NVIDIA GeForce RTX 5060 Ti,2.14.0+cu130,bf57cffaee60,2026-09-30T18:44:19
ETTh1,96,Linear,MSE,6309.57,"Σr² + λ·Σ_h w_hᵀPen w_h (tổng, không phạt bias)",,,0.33880412343626093,0.6563060204410848,0.5453172916022189,0.25650300523502506,0.36975152395782046,0.3923753225897452,0,True,0.02920789999916451,closed_form,,,,16,float64,NVIDIA GeForce RTX 5060 Ti,2.14.0+cu130,bf57cffaee60,2026-09-30T18:44:19
ETTh1,96,Linear,MSE,10000.0,"Σr² + λ·Σ_h w_hᵀPen w_h (tổng, không phạt bias)",,,0.342473890595142,0.6591461604107586,0.5470825932423637,0.25761201085612156,0.37045344161393223,0.39340885323258556,0,True,0.007008799999312032,closed_form,,,,16,float64,NVIDIA GeForce RTX 5060 Ti,2.14.0+cu130,bf57cffaee60,2026-09-30T18:44:19
ETTh1,96,Linear,MSE,15848.9,"Σr² + λ·Σ_h w_hᵀPen w_h (tổng, không phạt bias)",,,0.3473346728464606,0.6632919213120441,0.5496262970585174,0.2592259117100622,0.3717172072365912,0.39494855676084073,0,True,0.026894799993897323,closed_form,,,,16,float64,NVIDIA GeForce RTX 5060 Ti,2.14.0+cu130,bf57cffaee60,2026-09-30T18:44:20
ETTh1,96,Linear,MSE,25118.9,"Σr² + λ·Σ_h w_hᵀPen w_h (tổng, không phạt bias)",,,0.35367346995776144,0.6692263318345324,0.553197209296529,0.2615188093315134,0.3737762399175513,0.3971287525746038,0,True,0.013025000000197906,closed_form,,,,16,float64,NVIDIA GeForce RTX 5060 Ti,2.14.0+cu130,bf57cffaee60,2026-09-30T18:44:20
ETTh1,96,Linear,MSE,39810.7,"Σr² + λ·Σ_h w_hᵀPen w_h (tổng, không phạt bias)",,,0.36182849537293843,0.6775883919390749,0.558105993674866,0.26471478905311946,0.3769383033763499,0.40011107184662714,0,True,0.025790799998503644,closed_form,,,,16,float64,NVIDIA GeForce RTX 5060 Ti,2.14.0+cu130,bf57cffaee60,2026-09-30T18:44:20
ETTh1,96,Linear,MSE,63095.7,"Σr² + λ·Σ_h w_hᵀPen w_h (tổng, không phạt bias)",,,0.3722137085667534,0.6891871785282991,0.5646986651686867,0.2690896022489888,0.3815927615681186,0.40405947712491647,0,True,0.010340599998016842,closed_form,,,,16,float64,NVIDIA GeForce RTX 5060 Ti,2.14.0+cu130,bf57cffaee60,2026-09-30T18:44:20
ETTh1,96,Linear,MSE,100000.0,"Σr² + λ·Σ_h w_hᵀPen w_h (tổng, không phạt bias)",,,0.38535159375192446,0.7050250043284654,0.5733613801591986,0.27497626625591826,0.38825237234357224,0.4091655395191632,0,True,0.009184199996525422,closed_form,,,,16,float64,NVIDIA GeForce RTX 5060 Ti,2.14.0+cu130,bf57cffaee60,2026-09-30T18:44:20
ETTh1,96,DLinear,MSE,0.0,"Σr² + λ·Σ_h w_hᵀPen w_h (tổng, không phạt bias)",,25,0.3297278362322018,0.6516299666743923,0.5425573242331387,0.2547234964545393,0.37023527067813916,0.3915381623525754,0,True,0,closed_form,Linear,,,16,float64,NVIDIA GeForce RTX 5060 Ti,2.14.0+cu130,bf57cffaee60,2026-09-30T18:44:20
ETTh1,96,DLinear,MSE,0.01,"Σr² + λ·Σ_h w_hᵀPen w_h (tổng, không phạt bias)",,25,0.3297278550697482,0.6516299627733272,0.5425573215255687,0.2547234949451572,0.3702352594351584,0.39153815649089957,0,True,0.007224199995107483,closed_form,,,,16,float64,NVIDIA GeForce RTX 5060 Ti,2.14.0+cu130,bf57cffaee60,2026-09-30T18:44:20
ETTh1,96,DLinear,MSE,0.0158489,"Σr² + λ·Σ_h w_hᵀPen w_h (tổng, không phạt bias)",,25,0.3297278660876195,0.6516299604916918,0.5425573199419588,0.2547234940623583,0.3702352528593058,0.3915381530624859,0,True,0.009263100000680424,closed_form,,,,16,float64,NVIDIA GeForce RTX 5060 Ti,2.14.0+cu130,bf57cffaee60,2026-09-30T18:44:21
ETTh1,96,DLinear,MSE,0.0251189,"Σr² + λ·Σ_h w_hᵀPen w_h (tổng, không phạt bias)",,25,0.3297278835499594,0.6516299568755857,0.5425573174321057,0.25472349266323396,0.37023524243723127,0.39153814762879463,0,True,0.011087400001997594,closed_form,,,,16,float64,NVIDIA GeForce RTX 5060 Ti,2.14.0+cu130,bf57cffaee60,2026-09-30T18:44:21
ETTh1,96,DLinear,MSE,0.0398107,"Σr² + λ·Σ_h w_hᵀPen w_h (tổng, không phạt bias)",,25,0.3297279112255214,0.6516299511447289,0.5425573134543785,0.2547234904458849,0.3702352259197431,0.3915381390174078,0,True,0.010985000000800937,closed_form,,,,16,float64,NVIDIA GeForce RTX 5060 Ti,2.14.0+cu130,bf57cffaee60,2026-09-30T18:44:21
ETTh1,96,DLinear,MSE,0.0630957,"Σr² + λ·Σ_h w_hᵀPen w_h (tổng, không phạt bias)",,25,0.32972795508825403,0.6516299420624657,0.5425573071502858,0.2547234869318379,0.3702351997417338,0.39153812536945964,0,True,0.011147400000481866,closed_form,,,,16,float64,NVIDIA GeForce RTX 5060 Ti,2.14.0+cu130,bf57cffaee60,2026-09-30T18:44:21
ETTh1,96,DLinear,MSE,0.1,"Σr² + λ·Σ_h w_hᵀPen w_h (tổng, không phạt bias)",,25,0.32972802460560996,0.6516299276694283,0.5425572971594522,0.2547234813630031,0.3702351582536207,0.3915381037398437,0,True,0.01171289999911096,closed_form,,,,16,float64,NVIDIA GeForce RTX 5060 Ti,2.14.0+cu130,bf57cffaee60,2026-09-30T18:44:21
ETTh1,96,DLinear,MSE,0.158489,"Σr² + λ·Σ_h w_hᵀPen w_h (tổng, không phạt bias)",,25,0.3297281347812157,0.6516299048616729,0.5425572813263977,0.2547234725384672,0.3702350925030916,0.3915380694634929,0,True,0.03485190000355942,closed_form,,,,16,float64,NVIDIA GeForce RTX 5060 Ti,2.14.0+cu130,bf57cffaee60,2026-09-30T18:44:22
ETTh1,96,DLinear,MSE,0.251189,"Σr² + λ·Σ_h w_hᵀPen w_h (tổng, không phạt bias)",,25,0.3297283093968095,0.6516298687222115,0.5425572562358489,0.25472345855589856,0.3702349883024322,0.39153801514385167,0,True,0.028249199996935204,closed_form,,,,16,float64,NVIDIA GeForce RTX 5060 Ti,2.14.0+cu130,bf57cffaee60,2026-09-30T18:44:22
ETTh1,96,DLinear,MSE,0.398107,"Σr² + λ·Σ_h w_hᵀPen w_h (tổng, không phạt bias)",,25,0.3297285861328258,0.6516298114678876,0.5425572164874265,0.2547234364041937,0.3702348231779957,0.39153792908208834,0,True,0.02425089999451302,closed_form,,,,16,float64,NVIDIA GeForce RTX 5060 Ti,2.14.0+cu130,bf57cffaee60,2026-09-30T18:44:22
ETTh1,96,DLinear,MSE,0.630957,"Σr² + λ·Σ_h w_hᵀPen w_h (tổng, không phạt bias)",,25,0.32972902471091425,0.6516297207814875,0.5425571535193062,0.25472340131843646,0.37023456152459344,0.3915377927268193,0,True,0.010992299998179078,closed_form,,,,16,float64,NVIDIA GeForce RTX 5060 Ti,2.14.0+cu130,bf57cffaee60,2026-09-30T18:44:22
ETTh1,96,DLinear,MSE,1.0,"Σr² + λ·Σ_h w_hᵀPen w_h (tổng, không phạt bias)",,25,0.3297297197608153,0.6516295771931999,0.5425570538147961,0.2547233457674767,0.37023414696160534,0.3915375767808771,0,True,0.011392199994588736,closed_form,,,,16,float64,NVIDIA GeForce RTX 5060 Ti,2.14.0+cu130,bf57cffaee60,2026-09-30T18:44:22
ETTh1,96,DLinear,MSE,1.58489,"Σr² + λ·Σ_h w_hᵀPen w_h (tổng, không phạt bias)",,25,0.3297308212063487,0.6516293499744813,0.5425568960130881,0.25472325786703964,0.370233490255086,0.39153723486631464,0,True,0.018906500001321547,closed_form,,,,16,float64,NVIDIA GeForce RTX 5060 Ti,2.14.0+cu130,bf57cffaee60,2026-09-30T18:44:22
ETTh1,96,DLinear,MSE,2.51189,"Σr² + λ·Σ_h w_hᵀPen w_h (tổng, không phạt bias)",,25,0.3297325665826248,0.6516289907354403,0.5425566465608215,0.2547231189070596,0.37023245025349844,0.3915366938087043,0,True,0.011773500002163928,closed_form,,,,16,float64,NVIDIA GeForce RTX 5060 Ti,2.14.0+cu130,bf57cffaee60,2026-09-30T18:44:23
ETTh1,96,DLinear,MSE,3.98107,"Σr² + λ·Σ_h w_hᵀPen w_h (tổng, không phạt bias)",,25,0.3297353319857738,0.6516284235997478,0.5425562527029152,0.2547228995617216,0.37023080403969766,0.39153583834656536,0,True,0.010277100001985673,closed_form,,,,16,float64,NVIDIA GeForce RTX 5060 Ti,2.14.0+cu130,bf57cffaee60,2026-09-30T18:44:23
ETTh1,96,DLinear,MSE,6.30957,"Σr² + λ·Σ_h w_hᵀPen w_h (tổng, không phạt bias)",,25,0.329739712856369,0.6516275302913088,0.5425556316974706,0.25472255414804024,0.37022820011915086,0.3915344871095614,0,True,0.009686400000646245,closed_form,,,,16,float64,NVIDIA GeForce RTX 5060 Ti,2.14.0+cu130,bf57cffaee60,2026-09-30T18:44:23
ETTh1,96,DLinear,MSE,10.0,"Σr² + λ·Σ_h w_hᵀPen w_h (tổng, không phạt bias)",,25,0.32974665104316025,0.6516261283491324,0.5425546569361279,0.2547220122684529,0.3702240860827584,0.3915323568736626,0,True,0.014775599993299693,closed_form,,,,16,float64,NVIDIA GeForce RTX 5060 Ti,2.14.0+cu130,bf57cffaee60,2026-09-30T18:44:23
ETTh1,96,DLinear,MSE,15.8489,"Σr² + λ·Σ_h w_hᵀPen w_h (tổng, không phạt bias)",,25,0.3297576346585312,0.6516239409841611,0.542553135736558,0.2547211673254204,0.3702175980196556,0.39152900755392195,0,True,0.008582900001783855,closed_form,,,,16,float64,NVIDIA GeForce RTX 5060 Ti,2.14.0+cu130,bf57cffaee60,2026-09-30T18:44:23
ETTh1,96,DLinear,MSE,25.1189,"Σr² + λ·Σ_h w_hᵀPen w_h (tổng, không phạt bias)",,25,0.3297750112960437,0.6516205599592093,0.5425507831143487,0.2547198625951459,0.37020739504677364,0.3915237620021628,0,True,0.014215199997124728,closed_form,,,,16,float64,NVIDIA GeForce RTX 5060 Ti,2.14.0+cu130,bf57cffaee60,2026-09-30T18:44:23
ETTh1,96,DLinear,MSE,39.8107,"Σr² + λ·Σ_h w_hᵀPen w_h (tổng, không phạt bias)",,25,0.3298024729448835,0.65161541287233,0.5425472002414214,0.2547178796265136,0.3701914223591685,0.3915156073583154,0,True,0.012011200000415556,closed_form,,,,16,float64,NVIDIA GeForce RTX 5060 Ti,2.14.0+cu130,bf57cffaee60,2026-09-30T18:44:24
ETTh1,96,DLinear,MSE,63.0957,"Σr² + λ·Σ_h w_hᵀPen w_h (tổng, không phạt bias)",,25,0.3298458036531348,0.6516077709693331,0.5425418757163716,0.2547149437800294,0.3701665913121589,0.39150308137581796,0,True,0.008435800002189353,closed_form,,,,16,float64,NVIDIA GeForce RTX 5060 Ti,2.14.0+cu130,bf57cffaee60,2026-09-30T18:44:24
ETTh1,96,DLinear,MSE,100.0,"Σr² + λ·Σ_h w_hᵀPen w_h (tổng, không phạt bias)",,25,0.32991400507460783,0.6515968968939039,0.5425342810100985,0.2547107871906638,0.3701284044562868,0.39148421416241996,0,True,0.00872749999689404,closed_form,,,,16,float64,NVIDIA GeForce RTX 5060 Ti,2.14.0+cu130,bf57cffaee60,2026-09-30T18:44:24
ETTh1,96,DLinear,MSE,158.489,"Σr² + λ·Σ_h w_hᵀPen w_h (tổng, không phạt bias)",,25,0.3300209527757376,0.6515825598495463,0.5425241934431266,0.25470536079852296,0.37007063948739155,0.3914565945824808,0,True,0.009562400002323557,closed_form,,,,16,float64,NVIDIA GeForce RTX 5060 Ti,2.14.0+cu130,bf57cffaee60,2026-09-30T18:44:24
ETTh1,96,DLinear,MSE,251.189,"Σr² + λ·Σ_h w_hᵀPen w_h (tổng, không phạt bias)",,25,0.33018774676336504,0.6515663751801937,0.5425126146083605,0.254699378601239,0.36998539001114916,0.3914177666009535,0,True,0.02588159999868367,closed_form,,,,16,float64,NVIDIA GeForce RTX 5060 Ti,2.14.0+cu130,bf57cffaee60,2026-09-30T18:44:24
ETTh1,96,DLinear,MSE,398.107,"Σr² + λ·Σ_h w_hᵀPen w_h (tổng, không phạt bias)",,25,0.330445857384388,0.6515547271079685,0.5425036143490793,0.25469549595798785,0.369864051433286,0.3913672315074416,0,True,0.00833260000217706,closed_form,,,,16,float64,NVIDIA GeForce RTX 5060 Ti,2.14.0+cu130,bf57cffaee60,2026-09-30T18:44:25
ETTh1,96,DLinear,MSE,630.957,"Σr² + λ·Σ_h w_hᵀPen w_h (tổng, không phạt bias)",,25,0.3308411122099729,0.6515641883817994,0.5425079246961123,0.2547004792665127,0.3697000460119707,0.3913090498681696,0,True,0.012121399995521642,closed_form,,,,16,float64,NVIDIA GeForce RTX 5060 Ti,2.14.0+cu130,bf57cffaee60,2026-09-30T18:44:25
ETTh1,96,DLinear,MSE,1000.0,"Σr² + λ·Σ_h w_hᵀPen w_h (tổng, không phạt bias)",,25,0.3314383392763374,0.6516299901148007,0.5425486054787997,0.2547285697063957,0.3694939698489954,0.3912566164578879,0,True,0.010148399996978696,closed_form,,,,16,float64,NVIDIA GeForce RTX 5060 Ti,2.14.0+cu130,bf57cffaee60,2026-09-30T18:44:25
ETTh1,96,DLinear,MSE,1584.89,"Σr² + λ·Σ_h w_hᵀPen w_h (tổng, không phạt bias)",,25,0.33232644525129285,0.651817123585631,0.5426693815505493,0.2548058360956423,0.36926101786003535,0.3912398620988141,0,True,0.0074428999942028895,closed_form,,,,16,float64,NVIDIA GeForce RTX 5060 Ti,2.14.0+cu130,bf57cffaee60,2026-09-30T18:44:25
ETTh1,96,DLinear,MSE,2511.89,"Σr² + λ·Σ_h w_hᵀPen w_h (tổng, không phạt bias)",,25,0.3336236252031185,0.6522330692176717,0.5429399184715896,0.25497504833345325,0.3690395716058253,0.3913100428562613,0,True,0.00811740000062855,closed_form,,,,16,float64,NVIDIA GeForce RTX 5060 Ti,2.14.0+cu130,bf57cffaee60,2026-09-30T18:44:25
ETTh1,96,DLinear,MSE,3981.07,"Σr² + λ·Σ_h w_hᵀPen w_h (tổng, không phạt bias)",,25,0.335481972483924,0.6530418522777243,0.5434636704877199,0.2553008051983214,0.3688996113309383,0.3915431457882952,0,True,0.01098189999902388,closed_form,,,,16,float64,NVIDIA GeForce RTX 5060 Ti,2.14.0+cu130,bf57cffaee60,2026-09-30T18:44:25
ETTh1,96,DLinear,MSE,6309.57,"Σr² + λ·Σ_h w_hᵀPen w_h (tổng, không phạt bias)",,25,0.33809068449064134,0.6544804732046009,0.5443862110602192,0.2558751099170822,0.3689506289469479,0.39203250772972414,0,True,0.03133420000085607,closed_form,,,,16,float64,NVIDIA GeForce RTX 5060 Ti,2.14.0+cu130,bf57cffaee60,2026-09-30T18:44:26
ETTh1,96,DLinear,MSE,10000.0,"Σr² + λ·Σ_h w_hᵀPen w_h (tổng, không phạt bias)",,25,0.34167606935674344,0.65687856099011,0.5458951428836305,0.2568233733086386,0.3693515788258323,0.3928951505664373,0,True,0.03541440000117291,closed_form,,,,16,float64,NVIDIA GeForce RTX 5060 Ti,2.14.0+cu130,bf57cffaee60,2026-09-30T18:44:26
ETTh1,96,DLinear,MSE,15848.9,"Σr² + λ·Σ_h w_hᵀPen w_h (tổng, không phạt bias)",,25,0.3464978950903659,0.6606792647426931,0.5482361320316469,0.2583101779086839,0.37032617177075333,0.3942664618047557,0,True,0.01316429999860702,closed_form,,,,16,float64,NVIDIA GeForce RTX 5060 Ti,2.14.0+cu130,bf57cffaee60,2026-09-30T18:44:26
ETTh1,96,DLinear,MSE,25118.9,"Σr² + λ·Σ_h w_hᵀPen w_h (tổng, không phạt bias)",,25,0.35284545916688675,0.6664517427213328,0.5517150954606846,0.26054147663424093,0.3721770274781304,0.3963111280066606,0,True,0.032756100001279265,closed_form,,,,16,float64,NVIDIA GeForce RTX 5060 Ti,2.14.0+cu130,bf57cffaee60,2026-09-30T18:44:26
ETTh1,96,DLinear,MSE,39810.7,"Σr² + λ·Σ_h w_hᵀPen w_h (tổng, không phạt bias)",,25,0.36104324439168,0.674883970084278,0.5566657520817756,0.26375907083306277,0.37528077302068064,0.39924668916352,0,True,0.019924199994420633,closed_form,,,,16,float64,NVIDIA GeForce RTX 5060 Ti,2.14.0+cu130,bf57cffaee60,2026-09-30T18:44:26
ETTh1,96,DLinear,MSE,63095.7,"Σr² + λ·Σ_h w_hᵀPen w_h (tổng, không phạt bias)",,25,0.37147828410719963,0.686772244486618,0.5634257352837457,0.26823448307235553,0.38007073693405297,0.4032603250448672,0,True,0.033333900006255135,closed_form,,,,16,float64,NVIDIA GeForce RTX 5060 Ti,2.14.0+cu130,bf57cffaee60,2026-09-30T18:44:27
ETTh1,96,DLinear,MSE,100000.0,"Σr² + λ·Σ_h w_hᵀPen w_h (tổng, không phạt bias)",,25,0.3846381190260545,0.703045120444526,0.5723498100713259,0.2742746466643749,0.38706113939602177,0.40858772580914826,0,True,0.010666800000763033,closed_form,,,,16,float64,NVIDIA GeForce RTX 5060 Ti,2.14.0+cu130,bf57cffaee60,2026-09-30T18:44:27
ETTh1,96,Linear,MAE,0.0,"Σ|r| + λ·Σ_h w_hᵀPen w_h (irls δ = 1e-6, tổng, không phạt bias)",1e-06,,0.39239571080010915,0.6661699682292487,0.539464181707737,0.2552797467155338,0.36533714196291583,0.3833207679790877,466,True,74.21872069999517,ols,,3e-11,1,16,float32,NVIDIA GeForce RTX 5060 Ti,2.14.0+cu130,bf57cffaee60,2026-09-30T18:46:04
ETTh1,96,Linear,MAE,1.0,"Σ|r| + λ·Σ_h w_hᵀPen w_h (irls δ = 1e-6, tổng, không phạt bias)",1e-06,,0.3923982577289751,0.666169991427974,0.5394641829257455,0.2552797507052991,0.36533712751603037,0.383320755250517,1,True,0.1730334000021685,warm,,1e-10,1,16,float32,NVIDIA GeForce RTX 5060 Ti,2.14.0+cu130,bf57cffaee60,2026-09-30T18:46:04
ETTh1,96,Linear,MAE,3.0,"Σ|r| + λ·Σ_h w_hᵀPen w_h (irls δ = 1e-6, tổng, không phạt bias)",1e-06,,0.3924033515183296,0.6661700301722077,0.5394641845398548,0.2552797589156471,0.36533706088368895,0.3833207102578019,2,True,0.3320553000012296,warm,,1e-10,1,16,float32,NVIDIA GeForce RTX 5060 Ti,2.14.0+cu130,bf57cffaee60,2026-09-30T18:46:05
ETTh1,96,Linear,MAE,10.0,"Σ|r| + λ·Σ_h w_hᵀPen w_h (irls δ = 1e-6, tổng, không phạt bias)",1e-06,,0.3924211434139016,0.6661765370993894,0.5394657274374741,0.2552817029825827,0.36532488503066546,0.38331351817726167,203,True,32.43407560000196,warm,,1e-10,1,16,float32,NVIDIA GeForce RTX 5060 Ti,2.14.0+cu130,bf57cffaee60,2026-09-30T18:46:37
ETTh1,96,Linear,MAE,30.0,"Σ|r| + λ·Σ_h w_hᵀPen w_h (irls δ = 1e-6, tổng, không phạt bias)",1e-06,,0.3924717449284701,0.6661807943966489,0.5394686786459265,0.25528447756899597,0.3652847780061966,0.3832934582261819,272,True,43.503489299997455,warm,,1e-10,1,16,float32,NVIDIA GeForce RTX 5060 Ti,2.14.0+cu130,bf57cffaee60,2026-09-30T18:47:21
ETTh1,96,Linear,MAE,100.0,"Σ|r| + λ·Σ_h w_hᵀPen w_h (irls δ = 1e-6, tổng, không phạt bias)",1e-06,,0.39264618148413377,0.6661727442681565,0.5394676601820572,0.2552865845171376,0.36514040954051236,0.383229063468629,265,True,42.42674989999796,warm,,1e-10,1,16,float32,NVIDIA GeForce RTX 5060 Ti,2.14.0+cu130,bf57cffaee60,2026-09-30T18:48:04
ETTh1,96,Linear,MAE,300.0,"Σ|r| + λ·Σ_h w_hᵀPen w_h (irls δ = 1e-6, tổng, không phạt bias)",1e-06,,0.39312400729079444,0.6662484741783498,0.5395350341147799,0.2553327389585446,0.36476665615534853,0.38308917897750777,213,True,34.147449800002505,warm,,1e-10,1,16,float32,NVIDIA GeForce RTX 5060 Ti,2.14.0+cu130,bf57cffaee60,2026-09-30T18:48:38
ETTh1,96,Linear,MAE,1000.0,"Σ|r| + λ·Σ_h w_hᵀPen w_h (irls δ = 1e-6, tổng, không phạt bias)",1e-06,,0.39461679242388475,0.6665934421568317,0.5398837733286895,0.2555402148357512,0.36383617851898165,0.3828423240141343,158,True,25.337379199998395,warm,,1e-10,1,16,float32,NVIDIA GeForce RTX 5060 Ti,2.14.0+cu130,bf57cffaee60,2026-09-30T18:49:04
ETTh1,96,Linear,MAE,3000.0,"Σ|r| + λ·Σ_h w_hᵀPen w_h (irls δ = 1e-6, tổng, không phạt bias)",1e-06,,0.39801442527267206,0.6684383261792217,0.5413717003796704,0.2564357080600041,0.36276287250972544,0.38312878024614244,130,True,20.892385600003763,warm,,1e-10,1,16,float32,NVIDIA GeForce RTX 5060 Ti,2.14.0+cu130,bf57cffaee60,2026-09-30T18:49:25
ETTh1,96,Linear,MAE,10000.0,"Σ|r| + λ·Σ_h w_hᵀPen w_h (irls δ = 1e-6, tổng, không phạt bias)",1e-06,,0.40607033973064394,0.6756212971449961,0.5467069106672601,0.2596954687409361,0.36315962559775133,0.38579961785615136,112,True,17.994001500002923,warm,,1e-10,1,16,float32,NVIDIA GeForce RTX 5060 Ti,2.14.0+cu130,bf57cffaee60,2026-09-30T18:49:43
ETTh1,96,Linear,MAE,0.3333333333333333,"Σ|r| + λ·Σ_h w_hᵀPen w_h (irls δ = 1e-6, tổng, không phạt bias)",1e-06,,0.39239655976984755,0.6661699927170724,0.5394641829991329,0.2552797505656985,0.3653371379105438,0.38332076056142816,1,True,0.17523390000133077,warm,,1e-10,1,16,float32,NVIDIA GeForce RTX 5060 Ti,2.14.0+cu130,bf57cffaee60,2026-09-30T18:49:43
ETTh1,96,Linear,MAE,0.111111,"Σ|r| + λ·Σ_h w_hᵀPen w_h (irls δ = 1e-6, tổng, không phạt bias)",1e-06,,0.3923959937821041,0.6661699931468552,0.5394641830236027,0.2552797505191936,0.36533714137551326,0.38332076233183254,1,True,0.17460970000684028,warm,,1e-10,1,16,float32,NVIDIA GeForce RTX 5060 Ti,2.14.0+cu130,bf57cffaee60,2026-09-30T18:49:44
ETTh1,96,DLinear,MAE,0.0,"Σ|r| + λ·Σ_h w_hᵀPen w_h (irls δ = 1e-6, tổng, không phạt bias)",1e-06,25,0.39239571080010915,0.6661699682292487,0.539464181707737,0.2552797467155338,0.36533714196291583,0.3833207679790877,466,True,0,ols,Linear,3e-11,1,16,float32,NVIDIA GeForce RTX 5060 Ti,2.14.0+cu130,bf57cffaee60,2026-09-30T18:49:44
ETTh1,96,DLinear,MAE,1.0,"Σ|r| + λ·Σ_h w_hᵀPen w_h (irls δ = 1e-6, tổng, không phạt bias)",1e-06,25,0.39239797892398404,0.6661699874963122,0.5394641816043068,0.25527974961246097,0.3653371250527218,0.3833207550087196,1,True,0.1757151999991038,warm,,1e-10,1,16,float32,NVIDIA GeForce RTX 5060 Ti,2.14.0+cu130,bf57cffaee60,2026-09-30T18:49:44
ETTh1,96,DLinear,MAE,3.0,"Σ|r| + λ·Σ_h w_hᵀPen w_h (irls δ = 1e-6, tổng, không phạt bias)",1e-06,25,0.39240251515289165,0.6661699964417978,0.5394641789984159,0.25527975096892463,0.36533707837976215,0.3833207284846633,1,True,0.1739367999980459,warm,,1e-10,1,16,float32,NVIDIA GeForce RTX 5060 Ti,2.14.0+cu130,bf57cffaee60,2026-09-30T18:49:45
ETTh1,96,DLinear,MAE,10.0,"Σ|r| + λ·Σ_h w_hᵀPen w_h (irls δ = 1e-6, tổng, không phạt bias)",1e-06,25,0.392418364729605,0.6661722575398517,0.5394642533962307,0.2552805177399714,0.36532346649715275,0.3833137403372568,194,True,31.01585439999326,warm,,1e-10,1,16,float32,NVIDIA GeForce RTX 5060 Ti,2.14.0+cu130,bf57cffaee60,2026-09-30T18:50:16
ETTh1,96,DLinear,MAE,30.0,"Σ|r| + λ·Σ_h w_hᵀPen w_h (irls δ = 1e-6, tổng, không phạt bias)",1e-06,25,0.39246346354757977,0.6661622332427054,0.5394626038354975,0.25527934725996176,0.3652819953785393,0.38329539061438483,262,True,41.9499491999959,warm,,1e-10,1,16,float32,NVIDIA GeForce RTX 5060 Ti,2.14.0+cu130,bf57cffaee60,2026-09-30T18:50:58
ETTh1,96,DLinear,MAE,100.0,"Σ|r| + λ·Σ_h w_hᵀPen w_h (irls δ = 1e-6, tổng, không phạt bias)",1e-06,25,0.3926192256736817,0.6661177461797382,0.539449973480659,0.2552710211438285,0.3651231133452151,0.38322945738522224,265,True,42.41005790000054,warm,,1e-10,1,16,float32,NVIDIA GeForce RTX 5060 Ti,2.14.0+cu130,bf57cffaee60,2026-09-30T18:51:41
ETTh1,96,DLinear,MAE,300.0,"Σ|r| + λ·Σ_h w_hᵀPen w_h (irls δ = 1e-6, tổng, không phạt bias)",1e-06,25,0.3930484197870772,0.6660779291064419,0.5394702149308221,0.25528068516844715,0.3647135384236555,0.3830841855435482,212,True,33.98984210000344,warm,,1e-10,1,16,float32,NVIDIA GeForce RTX 5060 Ti,2.14.0+cu130,bf57cffaee60,2026-09-30T18:52:15
ETTh1,96,DLinear,MAE,1000.0,"Σ|r| + λ·Σ_h w_hᵀPen w_h (irls δ = 1e-6, tổng, không phạt bias)",1e-06,25,0.39441111535980505,0.6660925593487228,0.5396709657425705,0.25538672164236537,0.36366270778810245,0.3828193449381749,157,True,25.20458480000525,warm,,1e-10,1,16,float32,NVIDIA GeForce RTX 5060 Ti,2.14.0+cu130,bf57cffaee60,2026-09-30T18:52:40
ETTh1,96,DLinear,MAE,3000.0,"Σ|r| + λ·Σ_h w_hᵀPen w_h (irls δ = 1e-6, tổng, không phạt bias)",1e-06,25,0.3976147132529449,0.6672064704685972,0.5408286371114905,0.2560564554481372,0.3622094563696066,0.38294341417589045,129,True,20.73765899999853,warm,,1e-10,1,16,float32,NVIDIA GeForce RTX 5060 Ti,2.14.0+cu130,bf57cffaee60,2026-09-30T18:53:01
ETTh1,96,DLinear,MAE,10000.0,"Σ|r| + λ·Σ_h w_hᵀPen w_h (irls δ = 1e-6, tổng, không phạt bias)",1e-06,25,0.40552652662487915,0.6733525388658377,0.5455686481882132,0.2589504558057722,0.3619936341923698,0.3852850446763532,109,True,17.54669589999685,warm,,1e-10,1,16,float32,NVIDIA GeForce RTX 5060 Ti,2.14.0+cu130,bf57cffaee60,2026-09-30T18:53:19
ETTh1,96,Linear,Huber,0.0,"Σρ_δ(r)/δ + λ·Σ_h w_hᵀPen w_h, δ = 1, ρ = r²/2 trong ngưỡng (tổng, không phạt bias)",1.0,,0.14688852475560235,0.654766877907601,0.540526696706441,0.2541602486907047,0.367799727846951,0.38798892113045325,7,True,1.1169687000001431,ols,,1e-09,1,16,float32,NVIDIA GeForce RTX 5060 Ti,2.14.0+cu130,bf57cffaee60,2026-09-30T18:58:15
ETTh1,96,Linear,Huber,1.0,"Σρ_δ(r)/δ + λ·Σ_h w_hᵀPen w_h, δ = 1, ρ = r²/2 trong ngưỡng (tổng, không phạt bias)",1.0,,0.1468908138912667,0.6547667270465761,0.5405264140808215,0.2541601595490685,0.3677968888767214,0.38798739411143457,2,True,0.3303559999985737,warm,,1e-09,1,16,float32,NVIDIA GeForce RTX 5060 Ti,2.14.0+cu130,bf57cffaee60,2026-09-30T18:58:15
ETTh1,96,Linear,Huber,3.0,"Σρ_δ(r)/δ + λ·Σ_h w_hᵀPen w_h, δ = 1, ρ = r²/2 trong ngưỡng (tổng, không phạt bias)",1.0,,0.14689538752168116,0.6547667722965911,0.5405260650270772,0.2541601316454939,0.3677911436612632,0.3879844043956471,2,True,0.3304922999959672,warm,,1e-09,1,16,float32,NVIDIA GeForce RTX 5060 Ti,2.14.0+cu130,bf57cffaee60,2026-09-30T18:58:16
ETTh1,96,Linear,Huber,10.0,"Σρ_δ(r)/δ + λ·Σ_h w_hᵀPen w_h, δ = 1, ρ = r²/2 trong ngưỡng (tổng, không phạt bias)",1.0,,0.1469113467696124,0.6547674657489326,0.5405251357783428,0.25416023871166465,0.3677708921664766,0.38797397035454384,3,True,0.4922316000011051,warm,,1e-09,1,16,float32,NVIDIA GeForce RTX 5060 Ti,2.14.0+cu130,bf57cffaee60,2026-09-30T18:58:17
ETTh1,96,Linear,Huber,30.0,"Σρ_δ(r)/δ + λ·Σ_h w_hᵀPen w_h, δ = 1, ρ = r²/2 trong ngưỡng (tổng, không phạt bias)",1.0,,0.14695653868098574,0.654771281280398,0.5405238177134116,0.2541613067524811,0.3677151690691837,0.3879458662171162,4,True,0.6502769000071567,warm,,1e-09,1,16,float32,NVIDIA GeForce RTX 5060 Ti,2.14.0+cu130,bf57cffaee60,2026-09-30T18:58:17
ETTh1,96,Linear,Huber,100.0,"Σρ_δ(r)/δ + λ·Σ_h w_hᵀPen w_h, δ = 1, ρ = r²/2 trong ngưỡng (tổng, không phạt bias)",1.0,,0.14711030493290184,0.6548026390007374,0.5405327894024113,0.254172614986554,0.3675415396902804,0.38786492615673446,4,True,0.6454369999992196,warm,,1e-09,1,16,float32,NVIDIA GeForce RTX 5060 Ti,2.14.0+cu130,bf57cffaee60,2026-09-30T18:58:18
ETTh1,96,Linear,Huber,300.0,"Σρ_δ(r)/δ + λ·Σ_h w_hᵀPen w_h, δ = 1, ρ = r²/2 trong ngưỡng (tổng, không phạt bias)",1.0,,0.14751842328604364,0.6550000489971277,0.5406382688669212,0.25425028022130747,0.3671771802124498,0.38773786543018945,5,True,0.8026829000009457,warm,,1e-09,1,16,float32,NVIDIA GeForce RTX 5060 Ti,2.14.0+cu130,bf57cffaee60,2026-09-30T18:58:19
ETTh1,96,Linear,Huber,1000.0,"Σρ_δ(r)/δ + λ·Σ_h w_hᵀPen w_h, δ = 1, ρ = r²/2 trong ngưỡng (tổng, không phạt bias)",1.0,,0.1487174156085492,0.6561608125100953,0.541378381748087,0.25472283625551984,0.3666400829151963,0.3878337440517395,6,True,0.9637946000002557,warm,,1e-09,1,16,float32,NVIDIA GeForce RTX 5060 Ti,2.14.0+cu130,bf57cffaee60,2026-09-30T18:58:21
ETTh1,96,Linear,Huber,3000.0,"Σρ_δ(r)/δ + λ·Σ_h w_hᵀPen w_h, δ = 1, ρ = r²/2 trong ngưỡng (tổng, không phạt bias)",1.0,,0.15126064433096986,0.6599669883100308,0.5439087289531216,0.25628504393778667,0.3668470930697493,0.3891019518647929,6,True,0.9652222000004258,warm,,1e-09,1,16,float32,NVIDIA GeForce RTX 5060 Ti,2.14.0+cu130,bf57cffaee60,2026-09-30T18:58:22
ETTh1,96,Linear,Huber,10000.0,"Σρ_δ(r)/δ + λ·Σ_h w_hᵀPen w_h, δ = 1, ρ = r²/2 trong ngưỡng (tổng, không phạt bias)",1.0,,0.15701292845208883,0.671591371067242,0.551332160806971,0.26097019331558113,0.3701860170240875,0.3936186023830111,6,True,0.956601400001091,warm,,1e-09,1,16,float32,NVIDIA GeForce RTX 5060 Ti,2.14.0+cu130,bf57cffaee60,2026-09-30T18:58:23
ETTh1,96,DLinear,Huber,0.0,"Σρ_δ(r)/δ + λ·Σ_h w_hᵀPen w_h, δ = 1, ρ = r²/2 trong ngưỡng (tổng, không phạt bias)",1.0,25,0.14688852475560235,0.654766877907601,0.540526696706441,0.2541602486907047,0.367799727846951,0.38798892113045325,7,True,0,ols,Linear,1e-09,1,16,float32,NVIDIA GeForce RTX 5060 Ti,2.14.0+cu130,bf57cffaee60,2026-09-30T18:58:23
ETTh1,96,DLinear,Huber,1.0,"Σρ_δ(r)/δ + λ·Σ_h w_hᵀPen w_h, δ = 1, ρ = r²/2 trong ngưỡng (tổng, không phạt bias)",1.0,25,0.14689049688037312,0.6547656869569785,0.5405260617500214,0.254159861286359,0.36779674277100366,0.3879875384548186,2,True,0.33240269999805605,warm,,1e-09,1,16,float32,NVIDIA GeForce RTX 5060 Ti,2.14.0+cu130,bf57cffaee60,2026-09-30T18:58:23
ETTh1,96,DLinear,Huber,3.0,"Σρ_δ(r)/δ + λ·Σ_h w_hᵀPen w_h, δ = 1, ρ = r²/2 trong ngưỡng (tổng, không phạt bias)",1.0,25,0.1468944378734035,0.6547636202172854,0.5405249943914279,0.2541592272981076,0.36779069583576074,0.38798483616267065,2,True,0.3282564999972237,warm,,1e-09,1,16,float32,NVIDIA GeForce RTX 5060 Ti,2.14.0+cu130,bf57cffaee60,2026-09-30T18:58:24
ETTh1,96,DLinear,Huber,10.0,"Σρ_δ(r)/δ + λ·Σ_h w_hᵀPen w_h, δ = 1, ρ = r²/2 trong ngưỡng (tổng, không phạt bias)",1.0,25,0.14690819730831667,0.654756777150183,0.5405214825742984,0.25415716576644404,0.3677693263653677,0.3879753829258289,3,True,0.4898216999936267,warm,,1e-09,1,16,float32,NVIDIA GeForce RTX 5060 Ti,2.14.0+cu130,bf57cffaee60,2026-09-30T18:58:25
ETTh1,96,DLinear,Huber,30.0,"Σρ_δ(r)/δ + λ·Σ_h w_hᵀPen w_h, δ = 1, ρ = r²/2 trong ngưỡng (tổng, không phạt bias)",1.0,25,0.14694722477728595,0.6547388470409702,0.5405125500237873,0.25415190639690133,0.3677103940611317,0.38794983457613164,3,True,0.49032209999859333,warm,,1e-09,1,16,float32,NVIDIA GeForce RTX 5060 Ti,2.14.0+cu130,bf57cffaee60,2026-09-30T18:58:25
ETTh1,96,DLinear,Huber,100.0,"Σρ_δ(r)/δ + λ·Σ_h w_hᵀPen w_h, δ = 1, ρ = r²/2 trong ngưỡng (tổng, không phạt bias)",1.0,25,0.1470807231567783,0.6546949061325416,0.5404935361566741,0.2541408378509252,0.36752112925151464,0.38787383681600923,4,True,0.6446465999979409,warm,,1e-09,1,16,float32,NVIDIA GeForce RTX 5060 Ti,2.14.0+cu130,bf57cffaee60,2026-09-30T18:58:26
ETTh1,96,DLinear,Huber,300.0,"Σρ_δ(r)/δ + λ·Σ_h w_hᵀPen w_h, δ = 1, ρ = r²/2 trong ngưỡng (tổng, không phạt bias)",1.0,25,0.14744008332215497,0.6546809771724428,0.5405109240269567,0.25415261811153245,0.3670963155965394,0.38774167471892296,5,True,0.8045599999968545,warm,,1e-09,1,16,float32,NVIDIA GeForce RTX 5060 Ti,2.14.0+cu130,bf57cffaee60,2026-09-30T18:58:27
ETTh1,96,DLinear,Huber,1000.0,"Σρ_δ(r)/δ + λ·Σ_h w_hᵀPen w_h, δ = 1, ρ = r²/2 trong ngưỡng (tổng, không phạt bias)",1.0,25,0.14853147049523974,0.6552217254134183,0.540949989361839,0.25441923115382864,0.3663016541656735,0.387739890257204,6,True,0.9608210000005784,warm,,1e-09,1,16,float32,NVIDIA GeForce RTX 5060 Ti,2.14.0+cu130,bf57cffaee60,2026-09-30T18:58:29
ETTh1,96,DLinear,Huber,3000.0,"Σρ_δ(r)/δ + λ·Σ_h w_hᵀPen w_h, δ = 1, ρ = r²/2 trong ngưỡng (tổng, không phạt bias)",1.0,25,0.1509612322383134,0.658031667224278,0.542938601396736,0.2556331182736699,0.3659414261624488,0.38872514247550777,6,True,0.9640400000062073,warm,,1e-09,1,16,float32,NVIDIA GeForce RTX 5060 Ti,2.14.0+cu130,bf57cffaee60,2026-09-30T18:58:30
ETTh1,96,DLinear,Huber,10000.0,"Σρ_δ(r)/δ + λ·Σ_h w_hᵀPen w_h, δ = 1, ρ = r²/2 trong ngưỡng (tổng, không phạt bias)",1.0,25,0.15668198578464346,0.6689093697367118,0.5499009883666884,0.26004109882487436,0.36861392191725023,0.39283321152372014,6,True,0.9649634999950649,warm,,1e-09,1,16,float32,NVIDIA GeForce RTX 5060 Ti,2.14.0+cu130,bf57cffaee60,2026-09-30T18:58:31
ETTh1,96,NLinear,MSE,0.0,"Σr² + λ·Σ_h w_hᵀPen w_h (tổng, không phạt bias)",,,0.3328100422544875,0.6703660830079021,0.5492046337916504,0.26025532166107745,0.3701986328402697,0.3915062350533726,0,True,0.15084680000290973,closed_form,,,,16,float64,NVIDIA GeForce RTX 5060 Ti,2.14.0+cu130,d2490a50ad44,2026-09-30T19:08:20
ETTh1,96,NLinear,MSE,0.01,"Σr² + λ·Σ_h w_hᵀPen w_h (tổng, không phạt bias)",,,0.3328100576921816,0.6703660761224788,0.5492046304522511,0.2602553193187742,0.37019862337179726,0.39150623018799174,0,True,0.013370400003623217,closed_form,,,,16,float64,NVIDIA GeForce RTX 5060 Ti,2.14.0+cu130,d2490a50ad44,2026-09-30T19:08:20
ETTh1,96,NLinear,MSE,0.0158489,"Σr² + λ·Σ_h w_hᵀPen w_h (tổng, không phạt bias)",,,0.33281006672151475,0.6703660720953193,0.5492046284990887,0.2602553179488066,0.3701986178338349,0.3915062273423015,0,True,0.12112709999928484,closed_form,,,,16,float64,NVIDIA GeForce RTX 5060 Ti,2.14.0+cu130,d2490a50ad44,2026-09-30T19:08:21
ETTh1,96,NLinear,MSE,0.0251189,"Σr² + λ·Σ_h w_hᵀPen w_h (tổng, không phạt bias)",,,0.33281008103219617,0.6703660657127041,0.5492046254035242,0.2602553157775601,0.37019860905672364,0.39150622283216263,0,True,0.01246510000055423,closed_form,,,,16,float64,NVIDIA GeForce RTX 5060 Ti,2.14.0+cu130,d2490a50ad44,2026-09-30T19:08:21
ETTh1,96,NLinear,MSE,0.0398107,"Σr² + λ·Σ_h w_hᵀPen w_h (tổng, không phạt bias)",,,0.33281010371277614,0.6703660555972618,0.54920462049751,0.260255312336488,0.3701985951462907,0.39150621568423694,0,True,0.008764000005612615,closed_form,,,,16,float64,NVIDIA GeForce RTX 5060 Ti,2.14.0+cu130,d2490a50ad44,2026-09-30T19:08:21
ETTh1,96,NLinear,MSE,0.0630957,"Σr² + λ·Σ_h w_hᵀPen w_h (tổng, không phạt bias)",,,0.3328101396589874,0.6703660395658512,0.5492046127221597,0.26025530688295223,0.37019857310017856,0.3915062043557191,0,True,0.013816300001053605,closed_form,,,,16,float64,NVIDIA GeForce RTX 5060 Ti,2.14.0+cu130,d2490a50ad44,2026-09-30T19:08:21
ETTh1,96,NLinear,MSE,0.1,"Σr² + λ·Σ_h w_hᵀPen w_h (tổng, không phạt bias)",,,0.33281019662951716,0.6703660141590669,0.5492046003995964,0.2602552982401971,0.3701985381606457,0.39150618640173357,0,True,0.03363540000282228,closed_form,,,,16,float64,NVIDIA GeForce RTX 5060 Ti,2.14.0+cu130,d2490a50ad44,2026-09-30T19:08:21
ETTh1,96,NLinear,MSE,0.158489,"Σr² + λ·Σ_h w_hᵀPen w_h (tổng, không phạt bias)",,,0.33281028691996045,0.6703659738956306,0.5492045808709559,0.2602552845437751,0.37019848278873346,0.39150615795015314,0,True,0.023477099995943718,closed_form,,,,16,float64,NVIDIA GeForce RTX 5060 Ti,2.14.0+cu130,d2490a50ad44,2026-09-30T19:08:21
ETTh1,96,NLinear,MSE,0.251189,"Σr² + λ·Σ_h w_hᵀPen w_h (tổng, không phạt bias)",,,0.3328104300195194,0.6703659100899741,0.5492045499231096,0.2602552628394832,0.37019839503698876,0.3915061128696038,0,True,0.009956599998986349,closed_form,,,,16,float64,NVIDIA GeForce RTX 5060 Ti,2.14.0+cu130,d2490a50ad44,2026-09-30T19:08:22
ETTh1,96,NLinear,MSE,0.398107,"Σr² + λ·Σ_h w_hᵀPen w_h (tổng, không phạt bias)",,,0.33281065680709626,0.6703658089870279,0.5492045008895236,0.26025522844928833,0.370198255981303,0.391506041454761,0,True,0.021617599995806813,closed_form,,,,16,float64,NVIDIA GeForce RTX 5060 Ti,2.14.0+cu130,d2490a50ad44,2026-09-30T19:08:22
ETTh1,96,NLinear,MSE,0.630957,"Σr² + λ·Σ_h w_hᵀPen w_h (tổng, không phạt bias)",,,0.3328110162234404,0.6703656488021955,0.5492044232322695,0.26025517396547937,0.3701980356423481,0.39150592831219255,0,True,0.006638200000452343,closed_form,,,,16,float64,NVIDIA GeForce RTX 5060 Ti,2.14.0+cu130,d2490a50ad44,2026-09-30T19:08:22
ETTh1,96,NLinear,MSE,1.0,"Σr² + λ·Σ_h w_hᵀPen w_h (tổng, không phạt bias)",,,0.3328115858137937,0.670365395058969,0.5492043002782917,0.26025508766737065,0.3701976865537963,0.3915057491304601,0,True,0.009802599997783545,closed_form,,,,16,float64,NVIDIA GeForce RTX 5060 Ti,2.14.0+cu130,d2490a50ad44,2026-09-30T19:08:22
ETTh1,96,NLinear,MSE,1.58489,"Σr² + λ·Σ_h w_hᵀPen w_h (tổng, không phạt bias)",,,0.3328124884295875,0.6703649932395725,0.5492041055931818,0.26025495102812035,0.37019713360489653,0.3915054654795346,0,True,0.006473599998571444,closed_form,,,,16,float64,NVIDIA GeForce RTX 5060 Ti,2.14.0+cu130,d2490a50ad44,2026-09-30T19:08:22
ETTh1,96,NLinear,MSE,2.51189,"Σr² + λ·Σ_h w_hᵀPen w_h (tổng, không phạt bias)",,,0.3328139187004775,0.6703643572284425,0.5492037974923465,0.2602547348008147,0.3701962580207513,0.39150501657482156,0,True,0.009456200001295656,closed_form,,,,16,float64,NVIDIA GeForce RTX 5060 Ti,2.14.0+cu130,d2490a50ad44,2026-09-30T19:08:22
ETTh1,96,NLinear,MSE,3.98107,"Σr² + λ·Σ_h w_hᵀPen w_h (tổng, không phạt bias)",,,0.332816184757258,0.6703633513300796,0.5492033106573757,0.2602543929448464,0.37019487231436665,0.39150430646970774,0,True,0.011851399998704437,closed_form,,,,16,float64,NVIDIA GeForce RTX 5060 Ti,2.14.0+cu130,d2490a50ad44,2026-09-30T19:08:23
ETTh1,96,NLinear,MSE,6.30957,"Σr² + λ·Σ_h w_hᵀPen w_h (tổng, không phạt bias)",,,0.3328197743569736,0.670361762343741,0.5492025427789511,0.26025385323522404,0.3701926810860204,0.39150318488838853,0,True,0.012782600002537947,closed_form,,,,16,float64,NVIDIA GeForce RTX 5060 Ti,2.14.0+cu130,d2490a50ad44,2026-09-30T19:08:23
ETTh1,96,NLinear,MSE,10.0,"Σr² + λ·Σ_h w_hᵀPen w_h (tổng, không phạt bias)",,,0.33282545881825,0.6703592571132811,0.549201334450899,0.2602530030934846,0.3701892206582981,0.3915014174981645,0,True,0.011133799998788163,closed_form,,,,16,float64,NVIDIA GeForce RTX 5060 Ti,2.14.0+cu130,d2490a50ad44,2026-09-30T19:08:23
ETTh1,96,NLinear,MSE,15.8489,"Σr² + λ·Σ_h w_hᵀPen w_h (tổng, không phạt bias)",,,0.33283445631921404,0.6703553193866946,0.54919944200774,0.26025166878258577,0.3701837673201627,0.3914986427105483,0,True,0.02454530000250088,closed_form,,,,16,float64,NVIDIA GeForce RTX 5060 Ti,2.14.0+cu130,d2490a50ad44,2026-09-30T19:08:23
ETTh1,96,NLinear,MSE,25.1189,"Σr² + λ·Σ_h w_hᵀPen w_h (tổng, không phạt bias)",,,0.33284868737750534,0.6703491597532414,0.5491964918994605,0.26024958642995416,0.3701752013655281,0.3914943132123106,0,True,0.026927200000500306,closed_form,,,,16,float64,NVIDIA GeForce RTX 5060 Ti,2.14.0+cu130,d2490a50ad44,2026-09-30T19:08:23
ETTh1,96,NLinear,MSE,39.8107,"Σr² + λ·Σ_h w_hᵀPen w_h (tổng, không phạt bias)",,,0.33287116927931437,0.6703395978930882,0.5491919467589635,0.26024636601580936,0.3701618158001947,0.3914876061103171,0,True,0.00995889999467181,closed_form,,,,16,float64,NVIDIA GeForce RTX 5060 Ti,2.14.0+cu130,d2490a50ad44,2026-09-30T19:08:24
ETTh1,96,NLinear,MSE,63.0957,"Σr² + λ·Σ_h w_hᵀPen w_h (tổng, không phạt bias)",,,0.3329066215970463,0.6703249318059707,0.5491850675347576,0.2602414565665734,0.3701410666752915,0.391477364265325,0,True,0.026092699998116586,closed_form,,,,16,float64,NVIDIA GeForce RTX 5060 Ti,2.14.0+cu130,d2490a50ad44,2026-09-30T19:08:24
ETTh1,96,NLinear,MSE,100.0,"Σr² + λ·Σ_h w_hᵀPen w_h (tổng, không phạt bias)",,,0.3329623714378649,0.6703028585460232,0.5491749362210346,0.26023414172032894,0.37010930324430547,0.39146206165916553,0,True,0.00933009999425849,closed_form,,,,16,float64,NVIDIA GeForce RTX 5060 Ti,2.14.0+cu130,d2490a50ad44,2026-09-30T19:08:24
ETTh1,96,NLinear,MSE,158.489,"Σr² + λ·Σ_h w_hᵀPen w_h (tổng, không phạt bias)",,,0.3330496711715565,0.6702706115259723,0.5491606264394872,0.26022363672300786,0.37006160403810484,0.3914399370529853,0,True,0.010058699997898657,closed_form,,,,16,float64,NVIDIA GeForce RTX 5060 Ti,2.14.0+cu130,d2490a50ad44,2026-09-30T19:08:24
ETTh1,96,NLinear,MSE,251.189,"Σr² + λ·Σ_h w_hᵀPen w_h (tổng, không phạt bias)",,,0.33318553722646427,0.6702256618609035,0.5491418135867239,0.2602094324590195,0.36999202384284546,0.3914097752753621,0,True,0.008200899996154476,closed_form,,,,16,float64,NVIDIA GeForce RTX 5060 Ti,2.14.0+cu130,d2490a50ad44,2026-09-30T19:08:24
ETTh1,96,NLinear,MSE,398.107,"Σr² + λ·Σ_h w_hᵀPen w_h (tổng, không phạt bias)",,,0.33339514822900984,0.670167556040819,0.5491202601864946,0.2601921216453157,0.36989482186593703,0.3913726915205963,0,True,0.03014880000409903,closed_form,,,,16,float64,NVIDIA GeForce RTX 5060 Ti,2.14.0+cu130,d2490a50ad44,2026-09-30T19:08:24
ETTh1,96,NLinear,MSE,630.957,"Σr² + λ·Σ_h w_hᵀPen w_h (tổng, không phạt bias)",,,0.33371477848831693,0.6701014810332302,0.5491023429759435,0.260174947508387,0.3697673898741576,0.39133466910005726,0,True,0.006600399996386841,closed_form,,,,16,float64,NVIDIA GeForce RTX 5060 Ti,2.14.0+cu130,d2490a50ad44,2026-09-30T19:08:25
ETTh1,96,NLinear,MSE,1000.0,"Σr² + λ·Σ_h w_hᵀPen w_h (tổng, không phạt bias)",,,0.33419507326634806,0.670043640203527,0.5491028894463454,0.2601661001649189,0.369615358526768,0.39131256341119947,0,True,0.010414500000479165,closed_form,,,,16,float64,NVIDIA GeForce RTX 5060 Ti,2.14.0+cu130,d2490a50ad44,2026-09-30T19:08:25
ETTh1,96,NLinear,MSE,1584.89,"Σr² + λ·Σ_h w_hᵀPen w_h (tổng, không phạt bias)",,,0.3349045489080149,0.6700274363082451,0.549149406130403,0.2601813406958809,0.3694593936905046,0.3913377747598178,0,True,0.01342550000117626,closed_form,,,,16,float64,NVIDIA GeForce RTX 5060 Ti,2.14.0+cu130,d2490a50ad44,2026-09-30T19:08:25
ETTh1,96,NLinear,MSE,2511.89,"Σr² + λ·Σ_h w_hᵀPen w_h (tổng, không phạt bias)",,,0.3359333459438164,0.6701090360136573,0.5492874514454746,0.2602463258622314,0.3693422020982157,0.39146056123814804,0,True,0.00841480000235606,closed_form,,,,16,float64,NVIDIA GeForce RTX 5060 Ti,2.14.0+cu130,d2490a50ad44,2026-09-30T19:08:25
ETTh1,96,NLinear,MSE,3981.07,"Σr² + λ·Σ_h w_hᵀPen w_h (tổng, không phạt bias)",,,0.3373971374399556,0.6703722803425864,0.5495811678139706,0.2603985381605794,0.36933424762873107,0.3917502520068933,0,True,0.00734760000341339,closed_form,,,,16,float64,NVIDIA GeForce RTX 5060 Ti,2.14.0+cu130,d2490a50ad44,2026-09-30T19:08:25
ETTh1,96,NLinear,MSE,6309.57,"Σr² + λ·Σ_h w_hᵀPen w_h (tổng, không phạt bias)",,,0.33944105864700147,0.6709351975614937,0.5501137607173525,0.2606895366653076,0.36953790912423173,0.39229487583796857,0,True,0.010526199999731034,closed_form,,,,16,float64,NVIDIA GeForce RTX 5060 Ti,2.14.0+cu130,d2490a50ad44,2026-09-30T19:08:25
ETTh1,96,NLinear,MSE,10000.0,"Σr² + λ·Σ_h w_hᵀPen w_h (tổng, không phạt bias)",,,0.3422423779093757,0.6719617092374016,0.5509938599314501,0.26118868668111805,0.3700927227477836,0.3931991106515037,0,True,0.007492400000046473,closed_form,,,,16,float64,NVIDIA GeForce RTX 5060 Ti,2.14.0+cu130,d2490a50ad44,2026-09-30T19:08:26
ETTh1,96,NLinear,MSE,15848.9,"Σr² + λ·Σ_h w_hᵀPen w_h (tổng, không phạt bias)",,,0.34601080100852466,0.6736809224657805,0.5523636105327134,0.26198920809370657,0.3711872146029159,0.3945850790385309,0,True,0.007981499999004882,closed_form,,,,16,float64,NVIDIA GeForce RTX 5060 Ti,2.14.0+cu130,d2490a50ad44,2026-09-30T19:08:26
ETTh1,96,NLinear,MSE,25118.9,"Σr² + λ·Σ_h w_hᵀPen w_h (tổng, không phạt bias)",,,0.3509872461403922,0.6764086855365607,0.5544051445974875,0.2632150520576177,0.3730773555714784,0.3965930074844761,0,True,0.0103575000030105,closed_form,,,,16,float64,NVIDIA GeForce RTX 5060 Ti,2.14.0+cu130,d2490a50ad44,2026-09-30T19:08:26
ETTh1,96,NLinear,MSE,39810.7,"Σr² + λ·Σ_h w_hᵀPen w_h (tổng, không phạt bias)",,,0.35744739601547015,0.6805572568833804,0.5573520555310907,0.2650233382143061,0.3760966336927314,0.3993920230011811,0,True,0.011914100003195927,closed_form,,,,16,float64,NVIDIA GeForce RTX 5060 Ti,2.14.0+cu130,d2490a50ad44,2026-09-30T19:08:26
ETTh1,96,NLinear,MSE,63095.7,"Σr² + λ·Σ_h w_hᵀPen w_h (tổng, không phạt bias)",,,0.36572118373471874,0.6866359987451948,0.5614697060605999,0.267602955418269,0.38065201940781695,0.4031294945734098,0,True,0.008575899999414105,closed_form,,,,16,float64,NVIDIA GeForce RTX 5060 Ti,2.14.0+cu130,d2490a50ad44,2026-09-30T19:08:26
ETTh1,96,NLinear,MSE,100000.0,"Σr² + λ·Σ_h w_hᵀPen w_h (tổng, không phạt bias)",,,0.37622285106126635,0.6952827247673674,0.567043991242038,0.27118453138564663,0.3872501299626289,0.40794310766850417,0,True,0.018057599998428486,closed_form,,,,16,float64,NVIDIA GeForce RTX 5060 Ti,2.14.0+cu130,d2490a50ad44,2026-09-30T19:08:26
ETTh1,96,NLinear,MAE,0.0,"Σ|r| + λ·Σ_h w_hᵀPen w_h (irls δ = 1e-6, tổng, không phạt bias)",1e-06,,0.3931396473460572,0.6767405410068169,0.5426515413213486,0.25801387771869944,0.36624489420951734,0.384065500085822,473,True,75.73033779999969,ols,,3e-11,1,16,float32,NVIDIA GeForce RTX 5060 Ti,2.14.0+cu130,d2490a50ad44,2026-09-30T19:09:43
ETTh1,96,NLinear,MAE,1.0,"Σ|r| + λ·Σ_h w_hᵀPen w_h (irls δ = 1e-6, tổng, không phạt bias)",1e-06,,0.3931415391567993,0.6767405452829444,0.5426515354984676,0.258013875492574,0.3662448838299381,0.38406549071301527,1,True,0.17499400000087917,warm,,1e-10,1,16,float32,NVIDIA GeForce RTX 5060 Ti,2.14.0+cu130,d2490a50ad44,2026-09-30T19:09:44
ETTh1,96,NLinear,MAE,3.0,"Σ|r| + λ·Σ_h w_hᵀPen w_h (irls δ = 1e-6, tổng, không phạt bias)",1e-06,,0.39314532276148234,0.676740530188886,0.5426515235804955,0.2580138679921544,0.3662448494990863,0.3840654713171363,1,True,0.17750830000295537,warm,,1e-10,1,16,float32,NVIDIA GeForce RTX 5060 Ti,2.14.0+cu130,d2490a50ad44,2026-09-30T19:09:44
ETTh1,96,NLinear,MAE,10.0,"Σ|r| + λ·Σ_h w_hᵀPen w_h (irls δ = 1e-6, tổng, không phạt bias)",1e-06,,0.39315853899128556,0.6767360035627042,0.5426489064954866,0.2580120567185515,0.3662333279092405,0.38406012711579474,190,True,30.492692199994053,warm,,1e-10,1,16,float32,NVIDIA GeForce RTX 5060 Ti,2.14.0+cu130,d2490a50ad44,2026-09-30T19:10:15
ETTh1,96,NLinear,MAE,30.0,"Σ|r| + λ·Σ_h w_hᵀPen w_h (irls δ = 1e-6, tổng, không phạt bias)",1e-06,,0.39319612206673304,0.6767163891762585,0.5426423021490858,0.25800698312605874,0.36619162164212066,0.3840435604228712,261,True,41.93652960000327,warm,,1e-10,1,16,float32,NVIDIA GeForce RTX 5060 Ti,2.14.0+cu130,d2490a50ad44,2026-09-30T19:10:57
ETTh1,96,NLinear,MAE,100.0,"Σ|r| + λ·Σ_h w_hᵀPen w_h (irls δ = 1e-6, tổng, không phạt bias)",1e-06,,0.39332575798807407,0.6766487223313623,0.5426239879603294,0.2579906966372654,0.366061877470189,0.38399530552494815,266,True,42.73147890000109,warm,,1e-10,1,16,float32,NVIDIA GeForce RTX 5060 Ti,2.14.0+cu130,d2490a50ad44,2026-09-30T19:11:40
ETTh1,96,NLinear,MAE,300.0,"Σ|r| + λ·Σ_h w_hᵀPen w_h (irls δ = 1e-6, tổng, không phạt bias)",1e-06,,0.3936813670453663,0.6764627325665974,0.54258539466843,0.2579516147263217,0.36573234807276545,0.3838850564802539,210,True,33.756922000000486,warm,,1e-10,1,16,float32,NVIDIA GeForce RTX 5060 Ti,2.14.0+cu130,d2490a50ad44,2026-09-30T19:12:14
ETTh1,96,NLinear,MAE,1000.0,"Σ|r| + λ·Σ_h w_hᵀPen w_h (irls δ = 1e-6, tổng, không phạt bias)",1e-06,,0.394799423073473,0.6762040735380364,0.5426544693453614,0.2579472726729056,0.36491799667741426,0.3837152722928546,155,True,24.945038000005297,warm,,1e-10,1,16,float32,NVIDIA GeForce RTX 5060 Ti,2.14.0+cu130,d2490a50ad44,2026-09-30T19:12:39
ETTh1,96,NLinear,MAE,3000.0,"Σ|r| + λ·Σ_h w_hᵀPen w_h (irls δ = 1e-6, tổng, không phạt bias)",1e-06,,0.39738720061815347,0.6761619974314855,0.5432925028573103,0.258216475730845,0.3637792613619934,0.3839649769520223,127,True,20.48259539999708,warm,,1e-10,1,16,float32,NVIDIA GeForce RTX 5060 Ti,2.14.0+cu130,d2490a50ad44,2026-09-30T19:13:00
ETTh1,96,NLinear,MAE,10000.0,"Σ|r| + λ·Σ_h w_hᵀPen w_h (irls δ = 1e-6, tổng, không phạt bias)",1e-06,,0.4036964894425093,0.6784423361580733,0.5462094953854081,0.25977359628563546,0.3637349528171382,0.3862951992363386,110,True,17.74709989999974,warm,,1e-10,1,16,float32,NVIDIA GeForce RTX 5060 Ti,2.14.0+cu130,d2490a50ad44,2026-09-30T19:13:18
ETTh1,96,NLinear,Huber,0.0,"Σρ_δ(r)/δ + λ·Σ_h w_hᵀPen w_h, δ = 1, ρ = r²/2 trong ngưỡng (tổng, không phạt bias)",1.0,,0.14766299460823673,0.6698410833716982,0.5456985044341132,0.25844751018654954,0.3685299855618115,0.3887359789150816,7,True,1.140355899995484,ols,,1e-09,1,16,float32,NVIDIA GeForce RTX 5060 Ti,2.14.0+cu130,d2490a50ad44,2026-09-30T19:13:19
ETTh1,96,NLinear,Huber,1.0,"Σρ_δ(r)/δ + λ·Σ_h w_hᵀPen w_h, δ = 1, ρ = r²/2 trong ngưỡng (tổng, không phạt bias)",1.0,,0.14766460864514633,0.6698391756321794,0.5456976736640414,0.2584469130532475,0.36852744740653687,0.3887348405576882,2,True,0.34085879999474855,warm,,1e-09,1,16,float32,NVIDIA GeForce RTX 5060 Ti,2.14.0+cu130,d2490a50ad44,2026-09-30T19:13:20
ETTh1,96,NLinear,Huber,3.0,"Σρ_δ(r)/δ + λ·Σ_h w_hᵀPen w_h, δ = 1, ρ = r²/2 trong ngưỡng (tổng, không phạt bias)",1.0,,0.14766783370409853,0.6698356882994897,0.5456962112771486,0.25844586077025766,0.3685222768469715,0.3887326127562758,2,True,0.3338657999993302,warm,,1e-09,1,16,float32,NVIDIA GeForce RTX 5060 Ti,2.14.0+cu130,d2490a50ad44,2026-09-30T19:13:20
ETTh1,96,NLinear,Huber,10.0,"Σρ_δ(r)/δ + λ·Σ_h w_hᵀPen w_h, δ = 1, ρ = r²/2 trong ngưỡng (tổng, không phạt bias)",1.0,,0.14767908989942657,0.6698237122159242,0.5456912573163476,0.25844228537602454,0.3685040193113757,0.3887248584317234,3,True,0.5056493999945815,warm,,1e-09,1,16,float32,NVIDIA GeForce RTX 5060 Ti,2.14.0+cu130,d2490a50ad44,2026-09-30T19:13:21
ETTh1,96,NLinear,Huber,30.0,"Σρ_δ(r)/δ + λ·Σ_h w_hᵀPen w_h, δ = 1, ρ = r²/2 trong ngưỡng (tổng, không phạt bias)",1.0,,0.14771098674273161,0.6697911718261708,0.5456781747580464,0.2584327034249952,0.3684538366160866,0.3887041065624886,3,True,0.513109200001054,warm,,1e-09,1,16,float32,NVIDIA GeForce RTX 5060 Ti,2.14.0+cu130,d2490a50ad44,2026-09-30T19:13:22
ETTh1,96,NLinear,Huber,100.0,"Σρ_δ(r)/δ + λ·Σ_h w_hᵀPen w_h, δ = 1, ρ = r²/2 trong ngưỡng (tổng, không phạt bias)",1.0,,0.14781977214354053,0.6696945518965273,0.5456431006088875,0.2584059035370375,0.3682944729646305,0.38864440575247816,4,True,0.6690869000012754,warm,,1e-09,1,16,float32,NVIDIA GeForce RTX 5060 Ti,2.14.0+cu130,d2490a50ad44,2026-09-30T19:13:23
ETTh1,96,NLinear,Huber,300.0,"Σρ_δ(r)/δ + λ·Σ_h w_hᵀPen w_h, δ = 1, ρ = r²/2 trong ngưỡng (tổng, không phạt bias)",1.0,,0.14811047716113598,0.6695227660378952,0.5456070918185872,0.2583694679613414,0.3679480402220849,0.3885542181896433,5,True,0.8227409000028274,warm,,1e-09,1,16,float32,NVIDIA GeForce RTX 5060 Ti,2.14.0+cu130,d2490a50ad44,2026-09-30T19:13:24
ETTh1,96,NLinear,Huber,1000.0,"Σρ_δ(r)/δ + λ·Σ_h w_hᵀPen w_h, δ = 1, ρ = r²/2 trong ngưỡng (tổng, không phạt bias)",1.0,,0.14898054403188182,0.6694604901376063,0.5458083228119427,0.25844481372235567,0.36736337355240983,0.38865645293376755,6,True,0.9819843000004767,warm,,1e-09,1,16,float32,NVIDIA GeForce RTX 5060 Ti,2.14.0+cu130,d2490a50ad44,2026-09-30T19:13:25
ETTh1,96,NLinear,Huber,3000.0,"Σρ_δ(r)/δ + λ·Σ_h w_hᵀPen w_h, δ = 1, ρ = r²/2 trong ngưỡng (tổng, không phạt bias)",1.0,,0.1508876551709987,0.6704181843255792,0.546968857900934,0.25905056825842254,0.3673121828244525,0.3897484291401215,6,True,0.9867391000007046,warm,,1e-09,1,16,float32,NVIDIA GeForce RTX 5060 Ti,2.14.0+cu130,d2490a50ad44,2026-09-30T19:13:26
ETTh1,96,NLinear,Huber,10000.0,"Σρ_δ(r)/δ + λ·Σ_h w_hᵀPen w_h, δ = 1, ρ = r²/2 trong ngưỡng (tổng, không phạt bias)",1.0,,0.15536290417591853,0.6752125836384179,0.55108512231779,0.26143268752258164,0.37008716728158125,0.39378898132109297,6,True,0.9671082000058959,warm,,1e-09,1,16,float32,NVIDIA GeForce RTX 5060 Ti,2.14.0+cu130,d2490a50ad44,2026-09-30T19:13:27
ETTh1,192,Linear,MSE,0.0,"Σr² + λ·Σ_h w_hᵀPen w_h (tổng, không phạt bias)",,,0.38215568796578214,0.8707775276993802,0.6282816880034293,0.32283945781061063,0.404151393954191,0.41268114817043006,0,True,0.18450790000497364,closed_form,,,,16,float64,NVIDIA GeForce RTX 5060 Ti,2.14.0+cu130,0c39bb9363fb,2026-09-30T19:21:27
ETTh1,192,Linear,MSE,0.01,"Σr² + λ·Σ_h w_hᵀPen w_h (tổng, không phạt bias)",,,0.3821557059409924,0.8707775256846598,0.6282816867591122,0.32283945695666444,0.40415138460587857,0.41268114297146125,0,True,0.030525099995429628,closed_form,,,,16,float64,NVIDIA GeForce RTX 5060 Ti,2.14.0+cu130,0c39bb9363fb,2026-09-30T19:21:27
ETTh1,192,Linear,MSE,0.0158489,"Σr² + λ·Σ_h w_hᵀPen w_h (tổng, không phạt bias)",,,0.3821557164544888,0.8707775245063224,0.6282816860313373,0.32283945645722084,0.4041513791382008,0.4126811399306571,0,True,0.0202045000041835,closed_form,,,,16,float64,NVIDIA GeForce RTX 5060 Ti,2.14.0+cu130,0c39bb9363fb,2026-09-30T19:21:27
ETTh1,192,Linear,MSE,0.0251189,"Σr² + λ·Σ_h w_hᵀPen w_h (tổng, không phạt bias)",,,0.38215573311743356,0.8707775226388385,0.6282816848778972,0.32283945566567757,0.4041513704724911,0.41268113511127724,0,True,0.029487600004358683,closed_form,,,,16,float64,NVIDIA GeForce RTX 5060 Ti,2.14.0+cu130,0c39bb9363fb,2026-09-30T19:21:28
ETTh1,192,Linear,MSE,0.0398107,"Σr² + λ·Σ_h w_hᵀPen w_h (tổng, không phạt bias)",,,0.3821557595260415,0.8707775196793066,0.6282816830498894,0.3228394544112594,0.40415135673863184,0.41268112747332175,0,True,0.028209600000991486,closed_form,,,,16,float64,NVIDIA GeForce RTX 5060 Ti,2.14.0+cu130,0c39bb9363fb,2026-09-30T19:21:28
ETTh1,192,Linear,MSE,0.0630957,"Σr² + λ·Σ_h w_hᵀPen w_h (tổng, không phạt bias)",,,0.38215580138075206,0.8707775149892503,0.6282816801536668,0.32283945242333506,0.4041513349724115,0.41268111536902763,0,True,0.0394012999968254,closed_form,,,,16,float64,NVIDIA GeForce RTX 5060 Ti,2.14.0+cu130,0c39bb9363fb,2026-09-30T19:21:28
ETTh1,192,Linear,MSE,0.1,"Σr² + λ·Σ_h w_hᵀPen w_h (tổng, không phạt bias)",,,0.38215586771552795,0.8707775075572518,0.6282816755655357,0.32283944927318453,0.4041513004765798,0.41268109618598703,0,True,0.03465130000404315,closed_form,,,,16,float64,NVIDIA GeForce RTX 5060 Ti,2.14.0+cu130,0c39bb9363fb,2026-09-30T19:21:29
ETTh1,192,Linear,MSE,0.158489,"Σr² + λ·Σ_h w_hᵀPen w_h (tổng, không phạt bias)",,,0.38215597284693,0.8707774957815498,0.6282816682974207,0.3228394442818264,0.4041512458081378,0.41268106578538,0,True,0.036070800000743475,closed_form,,,,16,float64,NVIDIA GeForce RTX 5060 Ti,2.14.0+cu130,0c39bb9363fb,2026-09-30T19:21:29
ETTh1,192,Linear,MSE,0.251189,"Σr² + λ·Σ_h w_hᵀPen w_h (tổng, không phạt bias)",,,0.3821561394674294,0.8707774771259839,0.628281656782582,0.32283943637412604,0.40415115917197464,0.4126810176131427,0,True,0.03822310000396101,closed_form,,,,16,float64,NVIDIA GeForce RTX 5060 Ti,2.14.0+cu130,0c39bb9363fb,2026-09-30T19:21:29
ETTh1,192,Linear,MSE,0.398107,"Σr² + λ·Σ_h w_hᵀPen w_h (tổng, không phạt bias)",,,0.3821564035310364,0.8707774475790707,0.6282816385419109,0.32283942384936304,0.40415102188596,0.41268094128609273,0,True,0.021679099998436868,closed_form,,,,16,float64,NVIDIA GeForce RTX 5060 Ti,2.14.0+cu130,0c39bb9363fb,2026-09-30T19:21:30
ETTh1,192,Linear,MSE,0.630957,"Σr² + λ·Σ_h w_hᵀPen w_h (tổng, không phạt bias)",,,0.38215682202169815,0.8707774008000665,0.6282816096626833,0.3228394040188856,0.40415080435580275,0.41268082036149384,0,True,0.026421599999594036,closed_form,,,,16,float64,NVIDIA GeForce RTX 5060 Ti,2.14.0+cu130,0c39bb9363fb,2026-09-30T19:21:30
ETTh1,192,Linear,MSE,1.0,"Σr² + λ·Σ_h w_hᵀPen w_h (tổng, không phạt bias)",,,0.3821574852277008,0.8707773267853202,0.6282815639657757,0.3228393726398319,0.40415045972906843,0.4126806288135046,0,True,0.019135399998049252,closed_form,,,,16,float64,NVIDIA GeForce RTX 5060 Ti,2.14.0+cu130,0c39bb9363fb,2026-09-30T19:21:30
ETTh1,192,Linear,MSE,1.58489,"Σr² + λ·Σ_h w_hᵀPen w_h (tổng, không phạt bias)",,,0.38215853618575285,0.8707772097945814,0.628281491752318,0.32283932303366086,0.40414991387713906,0.41268032547331485,0,True,0.027997299999697134,closed_form,,,,16,float64,NVIDIA GeForce RTX 5060 Ti,2.14.0+cu130,0c39bb9363fb,2026-09-30T19:21:30
ETTh1,192,Linear,MSE,2.51189,"Σr² + λ·Σ_h w_hᵀPen w_h (tổng, không phạt bias)",,,0.38216020149699126,0.8707770251620421,0.6282813779599439,0.32283924472815895,0.40414904960506126,0.412679845438216,0,True,0.029104500004905276,closed_form,,,,16,float64,NVIDIA GeForce RTX 5060 Ti,2.14.0+cu130,0c39bb9363fb,2026-09-30T19:21:31
ETTh1,192,Linear,MSE,3.98107,"Σr² + λ·Σ_h w_hᵀPen w_h (tổng, không phạt bias)",,,0.3821628398896982,0.870776734516686,0.6282811987929231,0.3228391214156979,0.4041476819872287,0.41267908640804185,0,True,0.034764100004395004,closed_form,,,,16,float64,NVIDIA GeForce RTX 5060 Ti,2.14.0+cu130,0c39bb9363fb,2026-09-30T19:21:31
ETTh1,192,Linear,MSE,6.30957,"Σr² + λ·Σ_h w_hᵀPen w_h (tổng, không phạt bias)",,,0.38216701916768847,0.8707762788163272,0.6282809182839009,0.3228389279609866,0.4041455198285668,0.4126778876383465,0,True,0.024897100003727246,closed_form,,,,16,float64,NVIDIA GeForce RTX 5060 Ti,2.14.0+cu130,0c39bb9363fb,2026-09-30T19:21:31
ETTh1,192,Linear,MSE,10.0,"Σr² + λ·Σ_h w_hᵀPen w_h (tổng, không phạt bias)",,,0.3821736371148484,0.8707755689293775,0.6282804825860393,0.32283862631025134,0.4041421064748583,0.4126759990455523,0,True,0.01985209999838844,closed_form,,,,16,float64,NVIDIA GeForce RTX 5060 Ti,2.14.0+cu130,0c39bb9363fb,2026-09-30T19:21:32
ETTh1,192,Linear,MSE,15.8489,"Σr² + λ·Σ_h w_hᵀPen w_h (tổng, không phạt bias)",,,0.3821841113472338,0.8707744746078446,0.6282798118357888,0.3228381605723395,0.40413673023520363,0.4126730340438658,0,True,0.02411729999585077,closed_form,,,,16,float64,NVIDIA GeForce RTX 5060 Ti,2.14.0+cu130,0c39bb9363fb,2026-09-30T19:21:32
ETTh1,192,Linear,MSE,25.1189,"Σr² + λ·Σ_h w_hᵀPen w_h (tổng, không phạt bias)",,,0.3822006760687968,0.8707728164779769,0.628278798206452,0.32283745302095473,0.40412829263891603,0.41266840534941013,0,True,0.02196669999830192,closed_form,,,,16,float64,NVIDIA GeForce RTX 5060 Ti,2.14.0+cu130,0c39bb9363fb,2026-09-30T19:21:32
ETTh1,192,Linear,MSE,39.8107,"Σr² + λ·Σ_h w_hᵀPen w_h (tổng, không phạt bias)",,,0.3822268395465295,0.8707703762194228,0.6282773108279809,0.3228364069453919,0.40411512561852075,0.4126612471075531,0,True,0.031700999999884516,closed_form,,,,16,float64,NVIDIA GeForce RTX 5060 Ti,2.14.0+cu130,0c39bb9363fb,2026-09-30T19:21:33
ETTh1,192,Linear,MSE,63.0957,"Σr² + λ·Σ_h w_hᵀPen w_h (tổng, không phạt bias)",,,0.3822680847321453,0.8707669650199918,0.6282752390394905,0.3228349321686524,0.40409475940308853,0.41265030617847137,0,True,0.03730429999995977,closed_form,,,,16,float64,NVIDIA GeForce RTX 5060 Ti,2.14.0+cu130,0c39bb9363fb,2026-09-30T19:21:33
ETTh1,192,Linear,MSE,100.0,"Σr² + λ·Σ_h w_hᵀPen w_h (tổng, không phạt bias)",,,0.3823329124440866,0.8707626483483445,0.628272669054942,0.32283303225977295,0.4040636892497288,0.412633914575712,0,True,0.03278080000018235,closed_form,,,,16,float64,NVIDIA GeForce RTX 5060 Ti,2.14.0+cu130,0c39bb9363fb,2026-09-30T19:21:33
ETTh1,192,Linear,MSE,158.489,"Σr² + λ·Σ_h w_hᵀPen w_h (tổng, không phạt bias)",,,0.38243434940014254,0.8707583377705308,0.628270206649818,0.3228310375407045,0.40401728615475035,0.41261021410392096,0,True,0.03476619999855757,closed_form,,,,16,float64,NVIDIA GeForce RTX 5060 Ti,2.14.0+cu130,0c39bb9363fb,2026-09-30T19:21:34
ETTh1,192,Linear,MSE,251.189,"Σr² + λ·Σ_h w_hᵀPen w_h (tổng, không phạt bias)",,,0.38259202707249734,0.8707571448302976,0.628269990764612,0.32283014214250744,0.4039501868961344,0.4125779278601399,0,True,0.05068169999867678,closed_form,,,,16,float64,NVIDIA GeForce RTX 5060 Ti,2.14.0+cu130,0c39bb9363fb,2026-09-30T19:21:34
ETTh1,192,Linear,MSE,398.107,"Σr² + λ·Σ_h w_hᵀPen w_h (tổng, không phạt bias)",,,0.38283483250300776,0.8707670817612443,0.6282772712544571,0.32283348094003167,0.40385776242095733,0.41253803472044465,0,True,0.038746799997170456,closed_form,,,,16,float64,NVIDIA GeForce RTX 5060 Ti,2.14.0+cu130,0c39bb9363fb,2026-09-30T19:21:34
ETTh1,192,Linear,MSE,630.957,"Σr² + λ·Σ_h w_hᵀPen w_h (tổng, không phạt bias)",,,0.38320402092522654,0.8708056246116654,0.6283038399372751,0.32284795840881375,0.4037393518473626,0.4124969632446779,0,True,0.038490699997055344,closed_form,,,,16,float64,NVIDIA GeForce RTX 5060 Ti,2.14.0+cu130,0c39bb9363fb,2026-09-30T19:21:35
ETTh1,192,Linear,MSE,1000.0,"Σr² + λ·Σ_h w_hᵀPen w_h (tổng, không phạt bias)",,,0.38375644040192125,0.8709059087266421,0.628371199454642,0.32288674709060344,0.4036035056854522,0.41247152668499215,0,True,0.034950900000694674,closed_form,,,,16,float64,NVIDIA GeForce RTX 5060 Ti,2.14.0+cu130,0c39bb9363fb,2026-09-30T19:21:35
ETTh1,192,Linear,MSE,1584.89,"Σr² + λ·Σ_h w_hᵀPen w_h (tổng, không phạt bias)",,,0.38456761807915013,0.8711229818184352,0.6285171719752248,0.32297183034028826,0.4034741643733787,0.41249386537960614,0,True,0.034909599999082275,closed_form,,,,16,float64,NVIDIA GeForce RTX 5060 Ti,2.14.0+cu130,0c39bb9363fb,2026-09-30T19:21:35
ETTh1,192,Linear,MSE,2511.89,"Σr² + λ·Σ_h w_hᵀPen w_h (tổng, không phạt bias)",,,0.38573479247951303,0.8715380749069908,0.6287947338299906,0.32313575337589795,0.4033955242148507,0.4126148332457873,0,True,0.024655799999891315,closed_form,,,,16,float64,NVIDIA GeForce RTX 5060 Ti,2.14.0+cu130,0c39bb9363fb,2026-09-30T19:21:36
ETTh1,192,Linear,MSE,3981.07,"Σr² + λ·Σ_h w_hᵀPen w_h (tổng, không phạt bias)",,,0.38738019183792377,0.8722608157381747,0.6292769925670959,0.3234224582785517,0.4034339644149234,0.4129031360555015,0,True,0.03067410000221571,closed_form,,,,16,float64,NVIDIA GeForce RTX 5060 Ti,2.14.0+cu130,0c39bb9363fb,2026-09-30T19:21:36
ETTh1,192,Linear,MSE,6309.57,"Σr² + λ·Σ_h w_hᵀPen w_h (tổng, không phạt bias)",,,0.38965516255061555,0.8734328985178333,0.6300572255776802,0.3238883956409606,0.4036782125086661,0.41344199116783853,0,True,0.03280010000162292,closed_form,,,,16,float64,NVIDIA GeForce RTX 5060 Ti,2.14.0+cu130,0c39bb9363fb,2026-09-30T19:21:36
ETTh1,192,Linear,MSE,10000.0,"Σr² + λ·Σ_h w_hᵀPen w_h (tổng, không phạt bias)",,,0.39274453675082305,0.8752385483568261,0.6312493289659181,0.32460568485923935,0.4042427907807217,0.4143311319352504,0,True,0.029591500002425164,closed_form,,,,16,float64,NVIDIA GeForce RTX 5060 Ti,2.14.0+cu130,0c39bb9363fb,2026-09-30T19:21:37
ETTh1,192,Linear,MSE,15848.9,"Σr² + λ·Σ_h w_hᵀPen w_h (tổng, không phạt bias)",,,0.3968707025396926,0.877925292819501,0.6329939601072472,0.3256685661650576,0.4052813078239309,0.4156750589598336,0,True,0.03374169999733567,closed_form,,,,16,float64,NVIDIA GeForce RTX 5060 Ti,2.14.0+cu130,0c39bb9363fb,2026-09-30T19:21:37
ETTh1,192,Linear,MSE,25118.9,"Σr² + λ·Σ_h w_hᵀPen w_h (tổng, không phạt bias)",,,0.40229858351025716,0.8818298143925154,0.6354746895506518,0.32720134173821014,0.4070085710085238,0.417616839339525,0,True,0.03337759999703849,closed_form,,,,16,float64,NVIDIA GeForce RTX 5060 Ti,2.14.0+cu130,0c39bb9363fb,2026-09-30T19:21:37
ETTh1,192,Linear,MSE,39810.7,"Σr² + λ·Σ_h w_hᵀPen w_h (tổng, không phạt bias)",,,0.40934738169598667,0.8873952918315133,0.6389197326191522,0.3293627834284068,0.40971706257543755,0.4203341790961778,0,True,0.033026600001903716,closed_form,,,,16,float64,NVIDIA GeForce RTX 5060 Ti,2.14.0+cu130,0c39bb9363fb,2026-09-30T19:21:38
ETTh1,192,Linear,MSE,63095.7,"Σr² + λ·Σ_h w_hᵀPen w_h (tổng, không phạt bias)",,,0.4184180895219097,0.8951835253597953,0.6435826263663812,0.33234740981666633,0.41378585847260213,0.42399136985528446,0,True,0.01968269999633776,closed_form,,,,16,float64,NVIDIA GeForce RTX 5060 Ti,2.14.0+cu130,0c39bb9363fb,2026-09-30T19:21:38
ETTh1,192,Linear,MSE,100000.0,"Σr² + λ·Σ_h w_hᵀPen w_h (tổng, không phạt bias)",,,0.4300275657487572,0.905914849927864,0.649760161565218,0.3363965445604611,0.41972456184273793,0.42877268347554365,0,True,0.026946699996187817,closed_form,,,,16,float64,NVIDIA GeForce RTX 5060 Ti,2.14.0+cu130,0c39bb9363fb,2026-09-30T19:21:38
ETTh1,192,DLinear,MSE,0.0,"Σr² + λ·Σ_h w_hᵀPen w_h (tổng, không phạt bias)",,25,0.38215568796578214,0.8707775276993802,0.6282816880034293,0.32283945781061063,0.404151393954191,0.41268114817043006,0,True,0,closed_form,Linear,,,16,float64,NVIDIA GeForce RTX 5060 Ti,2.14.0+cu130,0c39bb9363fb,2026-09-30T19:21:38
ETTh1,192,DLinear,MSE,0.01,"Σr² + λ·Σ_h w_hᵀPen w_h (tổng, không phạt bias)",,25,0.3821557038879929,0.8707775221072362,0.6282816856015072,0.3228394559467279,0.4041513846212085,0.4126811437088282,0,True,0.02306279999902472,closed_form,,,,16,float64,NVIDIA GeForce RTX 5060 Ti,2.14.0+cu130,0c39bb9363fb,2026-09-30T19:21:38
ETTh1,192,DLinear,MSE,0.0158489,"Σr² + λ·Σ_h w_hᵀPen w_h (tổng, không phạt bias)",,25,0.38215571320071656,0.8707775188364989,0.6282816841966623,0.32283945485658094,0.40415137916248856,0.4126811410993,0,True,0.021744700003182516,closed_form,,,,16,float64,NVIDIA GeForce RTX 5060 Ti,2.14.0+cu130,0c39bb9363fb,2026-09-30T19:21:39
ETTh1,192,DLinear,MSE,0.0251189,"Σr² + λ·Σ_h w_hᵀPen w_h (tổng, không phạt bias)",,25,0.3821557279605497,0.8707775136527413,0.6282816819701283,0.3228394531288219,0.404151370510963,0.4126811369634514,0,True,0.0364423999999417,closed_form,,,,16,float64,NVIDIA GeForce RTX 5060 Ti,2.14.0+cu130,0c39bb9363fb,2026-09-30T19:21:39
ETTh1,192,DLinear,MSE,0.0398107,"Σr² + λ·Σ_h w_hᵀPen w_h (tổng, không phạt bias)",,25,0.3821557513529852,0.8707775054373248,0.6282816784414066,0.3228394503906122,0.4041513567995512,0.41268113040871357,0,True,0.030747899996640626,closed_form,,,,16,float64,NVIDIA GeForce RTX 5060 Ti,2.14.0+cu130,0c39bb9363fb,2026-09-30T19:21:39
ETTh1,192,DLinear,MSE,0.0630957,"Σr² + λ·Σ_h w_hᵀPen w_h (tổng, không phạt bias)",,25,0.38215578842742903,0.8707774924172228,0.6282816728495685,0.32283944605101556,0.40415133506882606,0.4126811200206046,0,True,0.017695599999569822,closed_form,,,,16,float64,NVIDIA GeForce RTX 5060 Ti,2.14.0+cu130,0c39bb9363fb,2026-09-30T19:21:40
ETTh1,192,DLinear,MSE,0.1,"Σr² + λ·Σ_h w_hᵀPen w_h (tổng, không phạt bias)",,25,0.3821558471861263,0.8707774717829544,0.6282816639880103,0.3228394391736736,0.4041513006290444,0.41268110355792786,0,True,0.02415589999873191,closed_form,,,,16,float64,NVIDIA GeForce RTX 5060 Ti,2.14.0+cu130,0c39bb9363fb,2026-09-30T19:21:40
ETTh1,192,DLinear,MSE,0.158489,"Σr² + λ·Σ_h w_hᵀPen w_h (tổng, không phạt bias)",,25,0.3821559403106975,0.8707774390831596,0.6282816499445215,0.3228394282750627,0.4041512460489179,0.41268107746872046,0,True,0.029557299996668007,closed_form,,,,16,float64,NVIDIA GeForce RTX 5060 Ti,2.14.0+cu130,0c39bb9363fb,2026-09-30T19:21:40
ETTh1,192,DLinear,MSE,0.251189,"Σr² + λ·Σ_h w_hᵀPen w_h (tổng, không phạt bias)",,25,0.3821560879023332,0.8707773872646227,0.6282816276931181,0.32283941100465197,0.40415115955142794,0.41268103612423285,0,True,0.024930500003392808,closed_form,,,,16,float64,NVIDIA GeForce RTX 5060 Ti,2.14.0+cu130,0c39bb9363fb,2026-09-30T19:21:41
ETTh1,192,DLinear,MSE,0.398107,"Σr² + λ·Σ_h w_hᵀPen w_h (tổng, không phạt bias)",,25,0.3821563218098713,0.8707773051582736,0.6282815924392177,0.3228393836405863,0.40415102248193013,0.4126809706078195,0,True,0.03107550000277115,closed_form,,,,16,float64,NVIDIA GeForce RTX 5060 Ti,2.14.0+cu130,0c39bb9363fb,2026-09-30T19:21:41
ETTh1,192,DLinear,MSE,0.630957,"Σr² + λ·Σ_h w_hᵀPen w_h (tổng, không phạt bias)",,25,0.38215669251207374,0.8707771750773367,0.6282815365878321,0.32283934028990563,0.40415080528673664,0.4126808668047876,0,True,0.03588280000258237,closed_form,,,,16,float64,NVIDIA GeForce RTX 5060 Ti,2.14.0+cu130,0c39bb9363fb,2026-09-30T19:21:41
ETTh1,192,DLinear,MSE,1.0,"Σr² + λ·Σ_h w_hᵀPen w_h (tổng, không phạt bias)",,25,0.38215727999297316,0.870776969036193,0.6282814481483603,0.32283927163020004,0.4041504611703157,0.4126807023864551,0,True,0.054555200003960636,closed_form,,,,16,float64,NVIDIA GeForce RTX 5060 Ti,2.14.0+cu130,0c39bb9363fb,2026-09-30T19:21:42
ETTh1,192,DLinear,MSE,1.58489,"Σr² + λ·Σ_h w_hᵀPen w_h (tổng, không phạt bias)",,25,0.38215821097231845,0.8707766427952921,0.628281308158549,0.3228391629295807,0.4041499160755502,0.4126804420088841,0,True,0.028461399997468106,closed_form,,,,16,float64,NVIDIA GeForce RTX 5060 Ti,2.14.0+cu130,0c39bb9363fb,2026-09-30T19:21:42
ETTh1,192,DLinear,MSE,2.51189,"Σr² + λ·Σ_h w_hᵀPen w_h (tổng, không phạt bias)",,25,0.38215968621988833,0.8707761265100333,0.6282810867595064,0.32283899094201446,0.40414905287401465,0.4126800298979994,0,True,0.023607800001627766,closed_form,,,,16,float64,NVIDIA GeForce RTX 5060 Ti,2.14.0+cu130,0c39bb9363fb,2026-09-30T19:21:42
ETTh1,192,DLinear,MSE,3.98107,"Σr² + λ·Σ_h w_hᵀPen w_h (tổng, không phạt bias)",,25,0.3821620236165794,0.8707753102132771,0.6282807369364427,0.3228387190988828,0.4041476866282823,0.4126793782767659,0,True,0.02618879999499768,closed_form,,,,16,float64,NVIDIA GeForce RTX 5060 Ti,2.14.0+cu130,0c39bb9363fb,2026-09-30T19:21:42
ETTh1,192,DLinear,MSE,6.30957,"Σr² + λ·Σ_h w_hᵀPen w_h (tổng, không phạt bias)",,25,0.38216572642672386,0.8707740213533146,0.6282801853362231,0.3228382900980321,0.40414552583174296,0.41267834905093664,0,True,0.03718219999427674,closed_form,,,,16,float64,NVIDIA GeForce RTX 5060 Ti,2.14.0+cu130,0c39bb9363fb,2026-09-30T19:21:43
ETTh1,192,DLinear,MSE,10.0,"Σr² + λ·Σ_h w_hᵀPen w_h (tổng, không phạt bias)",,25,0.38217159067500617,0.8707719908619279,0.6282793181235504,0.3228376147828395,0.4041421126069243,0.4126767267807691,0,True,0.03245990000141319,closed_form,,,,16,float64,NVIDIA GeForce RTX 5060 Ti,2.14.0+cu130,0c39bb9363fb,2026-09-30T19:21:43
ETTh1,192,DLinear,MSE,15.8489,"Σr² + λ·Σ_h w_hᵀPen w_h (tổng, không phạt bias)",,25,0.3821808740168763,0.870768803230498,0.628277962137688,0.3228365559705061,0.4041367315161408,0.4126741786199643,0,True,0.0252427000013995,closed_form,,,,16,float64,NVIDIA GeForce RTX 5060 Ti,2.14.0+cu130,0c39bb9363fb,2026-09-30T19:21:43
ETTh1,192,DLinear,MSE,25.1189,"Σr² + λ·Σ_h w_hᵀPen w_h (tổng, không phạt bias)",,25,0.3821955603464539,0.8707638267273715,0.6282758597793844,0.322834906346371,0.40412827370331655,0.4126701955759673,0,True,0.027196499999263324,closed_form,,,,16,float64,NVIDIA GeForce RTX 5060 Ti,2.14.0+cu130,0c39bb9363fb,2026-09-30T19:21:44
ETTh1,192,DLinear,MSE,39.8107,"Σr² + λ·Σ_h w_hᵀPen w_h (tổng, không phạt bias)",,25,0.3822187693351447,0.8707561260354406,0.6282726327507158,0.32283236215244826,0.40411504384010644,0.41266401948826636,0,True,0.04160350000165636,closed_form,,,,16,float64,NVIDIA GeForce RTX 5060 Ti,2.14.0+cu130,0c39bb9363fb,2026-09-30T19:21:44
ETTh1,192,DLinear,MSE,63.0957,"Σr² + λ·Σ_h w_hᵀPen w_h (tổng, không phạt bias)",,25,0.3822553875978722,0.8707443761552829,0.6282677751063319,0.3228285012079171,0.4040945032194026,0.4126545704307983,0,True,0.030013699994015042,closed_form,,,,16,float64,NVIDIA GeForce RTX 5060 Ti,2.14.0+cu130,0c39bb9363fb,2026-09-30T19:21:44
ETTh1,192,DLinear,MSE,100.0,"Σr² + λ·Σ_h w_hᵀPen w_h (tổng, không phạt bias)",,25,0.38231301822263014,0.8707268460532789,0.6282607212519492,0.3228227930879423,0.40406297844378886,0.41264037799448156,0,True,0.02558349999890197,closed_form,,,,16,float64,NVIDIA GeForce RTX 5060 Ti,2.14.0+cu130,0c39bb9363fb,2026-09-30T19:21:45
ETTh1,192,DLinear,MSE,158.489,"Σr² + λ·Σ_h w_hᵀPen w_h (tổng, không phạt bias)",,25,0.3824033767031423,0.87070162190017,0.62825099543946,0.3228147084126363,0.4040154427929866,0.412619737822896,0,True,0.02106840000487864,closed_form,,,,16,float64,NVIDIA GeForce RTX 5060 Ti,2.14.0+cu130,0c39bb9363fb,2026-09-30T19:21:45
ETTh1,192,DLinear,MSE,251.189,"Σr² + λ·Σ_h w_hᵀPen w_h (tổng, không phạt bias)",,25,0.3825442693886979,0.8706674271497726,0.6282389203798886,0.32280406533644235,0.4039456386481044,0.41259125859852647,0,True,0.03943230000004405,closed_form,,,,16,float64,NVIDIA GeForce RTX 5060 Ti,2.14.0+cu130,0c39bb9363fb,2026-09-30T19:21:45
ETTh1,192,DLinear,MSE,398.107,"Σr² + λ·Σ_h w_hᵀPen w_h (tổng, không phạt bias)",,25,0.3827622374464908,0.8706256484373482,0.6282269163448336,0.3227918447748338,0.40384705381564756,0.41255527885631527,0,True,0.028983500000322238,closed_form,,,,16,float64,NVIDIA GeForce RTX 5060 Ti,2.14.0+cu130,0c39bb9363fb,2026-09-30T19:21:46
ETTh1,192,DLinear,MSE,630.957,"Σr² + λ·Σ_h w_hᵀPen w_h (tổng, không phạt bias)",,25,0.3830959049865443,0.8705842959622468,0.6282219994360141,0.3227817466805548,0.403715409972768,0.41251648858248735,0,True,0.022265899999183603,closed_form,,,,16,float64,NVIDIA GeForce RTX 5060 Ti,2.14.0+cu130,0c39bb9363fb,2026-09-30T19:21:46
ETTh1,192,DLinear,MSE,1000.0,"Σr² + λ·Σ_h w_hᵀPen w_h (tổng, không phạt bias)",,25,0.38359988758876346,0.8705643287830719,0.628239297691458,0.3227826382170844,0.40355313362142575,0.4124876745650465,0,True,0.02336180000565946,closed_form,,,,16,float64,NVIDIA GeForce RTX 5060 Ti,2.14.0+cu130,0c39bb9363fb,2026-09-30T19:21:46
ETTh1,192,DLinear,MSE,1584.89,"Σr² + λ·Σ_h w_hᵀPen w_h (tổng, không phạt bias)",,25,0.3843491181143786,0.8706079345361822,0.6283079223760764,0.32281172628081367,0.4033754243584731,0.4124950475804637,0,True,0.022497899997688364,closed_form,,,,16,float64,NVIDIA GeForce RTX 5060 Ti,2.14.0+cu130,0c39bb9363fb,2026-09-30T19:21:47
ETTh1,192,DLinear,MSE,2511.89,"Σr² + λ·Σ_h w_hᵀPen w_h (tổng, không phạt bias)",,25,0.38544343727630626,0.870787811169193,0.6284761482550598,0.32289807675369203,0.40321662363162325,0.4125829296447972,0,True,0.03875750000588596,closed_form,,,,16,float64,NVIDIA GeForce RTX 5060 Ti,2.14.0+cu130,0c39bb9363fb,2026-09-30T19:21:47
ETTh1,192,DLinear,MSE,3981.07,"Σr² + λ·Σ_h w_hᵀPen w_h (tổng, không phạt bias)",,25,0.387012016430607,0.8712170572727296,0.6288169095480493,0.3230862822675594,0.40313567023664454,0.4128144198021431,0,True,0.025102500003413297,closed_form,,,,16,float64,NVIDIA GeForce RTX 5060 Ti,2.14.0+cu130,0c39bb9363fb,2026-09-30T19:21:47
ETTh1,192,DLinear,MSE,6309.57,"Σr² + λ·Σ_h w_hᵀPen w_h (tổng, không phạt bias)",,25,0.3892171711451518,0.8720605306041693,0.6294341308481599,0.3234404791116395,0.4032212150899074,0.41327140987362376,0,True,0.02201249999779975,closed_form,,,,16,float64,NVIDIA GeForce RTX 5060 Ti,2.14.0+cu130,0c39bb9363fb,2026-09-30T19:21:47
ETTh1,192,DLinear,MSE,10000.0,"Σr² + λ·Σ_h w_hᵀPen w_h (tổng, không phạt bias)",,25,0.39225620211227463,0.8735490038397329,0.6304629621624833,0.32404899835377865,0.40360065489749863,0.4140560561735499,0,True,0.020195099998090882,closed_form,,,,16,float64,NVIDIA GeForce RTX 5060 Ti,2.14.0+cu130,0c39bb9363fb,2026-09-30T19:21:48
ETTh1,192,DLinear,MSE,15848.9,"Σr² + λ·Σ_h w_hᵀPen w_h (tổng, không phạt bias)",,25,0.3963607866329418,0.8759949957667943,0.6320824853381166,0.325029094000504,0.40445808282301277,0.4152939806423485,0,True,0.03479009999864502,closed_form,,,,16,float64,NVIDIA GeForce RTX 5060 Ti,2.14.0+cu130,0c39bb9363fb,2026-09-30T19:21:48
ETTh1,192,DLinear,MSE,25118.9,"Σr² + λ·Σ_h w_hᵀPen w_h (tổng, không phạt bias)",,25,0.4017966692280419,0.879801139685328,0.6345142854710116,0.32652851319718473,0.40605496238655886,0.41715170048757394,0,True,0.022976300002483185,closed_form,,,,16,float64,NVIDIA GeForce RTX 5060 Ti,2.14.0+cu130,0c39bb9363fb,2026-09-30T19:21:48
ETTh1,192,DLinear,MSE,39810.7,"Σr² + λ·Σ_h w_hᵀPen w_h (tổng, không phạt bias)",,25,0.4088723963358091,0.885450391106915,0.6380109918255461,0.32871988277980035,0.40873437002039414,0.41984066963067906,0,True,0.03535909999482101,closed_form,,,,16,float64,NVIDIA GeForce RTX 5060 Ti,2.14.0+cu130,0c39bb9363fb,2026-09-30T19:21:49
ETTh1,192,DLinear,MSE,63095.7,"Σr² + λ·Σ_h w_hᵀPen w_h (tổng, không phạt bias)",,25,0.4179676756633459,0.8934963423613718,0.6428189711465216,0.33179490704894193,0.4129127274982699,0.4235590628801301,0,True,0.04449899999599438,closed_form,,,,16,float64,NVIDIA GeForce RTX 5060 Ti,2.14.0+cu130,0c39bb9363fb,2026-09-30T19:21:49
ETTh1,192,DLinear,MSE,100000.0,"Σr² + λ·Σ_h w_hᵀPen w_h (tổng, không phạt bias)",,25,0.42956991257113064,0.9045980661166209,0.6492030282298719,0.33597358269197175,0.41910758216693667,0.42850737408232653,0,True,0.04714319999766303,closed_form,,,,16,float64,NVIDIA GeForce RTX 5060 Ti,2.14.0+cu130,0c39bb9363fb,2026-09-30T19:21:49
ETTh1,192,NLinear,MSE,0.0,"Σr² + λ·Σ_h w_hᵀPen w_h (tổng, không phạt bias)",,,0.38909276167285284,0.9159674225674191,0.6420029556329294,0.335321525373399,0.4034475536404629,0.41117073463072595,0,True,0.2195486999989953,closed_form,,,,16,float64,NVIDIA GeForce RTX 5060 Ti,2.14.0+cu130,0c39bb9363fb,2026-09-30T19:21:50
ETTh1,192,NLinear,MSE,0.01,"Σr² + λ·Σ_h w_hᵀPen w_h (tổng, không phạt bias)",,,0.38909277546851107,0.915967415205865,0.6420029528847109,0.3353215230709269,0.40344754553409196,0.4111707307367325,0,True,0.0320173000000068,closed_form,,,,16,float64,NVIDIA GeForce RTX 5060 Ti,2.14.0+cu130,0c39bb9363fb,2026-09-30T19:21:50
ETTh1,192,NLinear,MSE,0.0158489,"Σr² + λ·Σ_h w_hᵀPen w_h (tổng, không phạt bias)",,,0.3890927835374363,0.9159674109002147,0.6420029512773378,0.33532152172425245,0.40344754079280337,0.4111707284592216,0,True,0.023191699998278636,closed_form,,,,16,float64,NVIDIA GeForce RTX 5060 Ti,2.14.0+cu130,0c39bb9363fb,2026-09-30T19:21:51
ETTh1,192,NLinear,MSE,0.0251189,"Σr² + λ·Σ_h w_hᵀPen w_h (tổng, không phạt bias)",,,0.38909279632595817,0.9159674040762058,0.6420029487298123,0.3353215195899177,0.4034475332783424,0.41117072484963746,0,True,0.022940399998333305,closed_form,,,,16,float64,NVIDIA GeForce RTX 5060 Ti,2.14.0+cu130,0c39bb9363fb,2026-09-30T19:21:51
ETTh1,192,NLinear,MSE,0.0398107,"Σr² + λ·Σ_h w_hᵀPen w_h (tổng, không phạt bias)",,,0.3890928165941136,0.9159673932611846,0.642002944692355,0.3353215162073316,0.40344752136903134,0.41117071912909875,0,True,0.02048320000176318,closed_form,,,,16,float64,NVIDIA GeForce RTX 5060 Ti,2.14.0+cu130,0c39bb9363fb,2026-09-30T19:21:51
ETTh1,192,NLinear,MSE,0.0630957,"Σr² + λ·Σ_h w_hᵀPen w_h (tổng, không phạt bias)",,,0.38909284871690253,0.91596737612095,0.6420029382935353,0.33532151084645356,0.4034475024944379,0.41117071006289363,0,True,0.031713399999716785,closed_form,,,,16,float64,NVIDIA GeForce RTX 5060 Ti,2.14.0+cu130,0c39bb9363fb,2026-09-30T19:21:52
ETTh1,192,NLinear,MSE,0.1,"Σr² + λ·Σ_h w_hᵀPen w_h (tổng, không phạt bias)",,,0.3890928996277657,0.915967348956638,0.6420029281524169,0.33532150235046004,0.40344747258129354,0.41117069569450976,0,True,0.029688299997360446,closed_form,,,,16,float64,NVIDIA GeForce RTX 5060 Ti,2.14.0+cu130,0c39bb9363fb,2026-09-30T19:21:52
ETTh1,192,NLinear,MSE,0.158489,"Σr² + λ·Σ_h w_hᵀPen w_h (tổng, không phạt bias)",,,0.3890929803144964,0.9159673059073308,0.6420029120807951,0.3353214888864077,0.4034474251752718,0.41117067292427956,0,True,0.041253200004575774,closed_form,,,,16,float64,NVIDIA GeForce RTX 5060 Ti,2.14.0+cu130,0c39bb9363fb,2026-09-30T19:21:52
ETTh1,192,NLinear,MSE,0.251189,"Σr² + λ·Σ_h w_hᵀPen w_h (tổng, không phạt bias)",,,0.3890931081933793,0.9159672376853174,0.6420028866128992,0.33532146754982395,0.4034473500479015,0.41117063684123845,0,True,0.03206789999967441,closed_form,,,,16,float64,NVIDIA GeForce RTX 5060 Ti,2.14.0+cu130,0c39bb9363fb,2026-09-30T19:21:52
ETTh1,192,NLinear,MSE,0.398107,"Σr² + λ·Σ_h w_hᵀPen w_h (tổng, không phạt bias)",,,0.38909331085901994,0.9159671295805015,0.642002846263251,0.33532143374094986,0.403447230998092,0.4111705796705793,0,True,0.0339760999995633,closed_form,,,,16,float64,NVIDIA GeForce RTX 5060 Ti,2.14.0+cu130,0c39bb9363fb,2026-09-30T19:21:53
ETTh1,192,NLinear,MSE,0.630957,"Σr² + λ·Σ_h w_hᵀPen w_h (tổng, không phạt bias)",,,0.38909363204694086,0.9159669582921637,0.6420027823372136,0.33532138017483104,0.4034470423609022,0.4111704891013515,0,True,0.03933189999952447,closed_form,,,,16,float64,NVIDIA GeForce RTX 5060 Ti,2.14.0+cu130,0c39bb9363fb,2026-09-30T19:21:53
ETTh1,192,NLinear,MSE,1.0,"Σr² + λ·Σ_h w_hᵀPen w_h (tổng, không phạt bias)",,,0.38909414105519624,0.9159666869353263,0.642002681067972,0.33532129532201777,0.4034467435025308,0.4111703456612856,0,True,0.03796880000300007,closed_form,,,,16,float64,NVIDIA GeForce RTX 5060 Ti,2.14.0+cu130,0c39bb9363fb,2026-09-30T19:21:53
ETTh1,192,NLinear,MSE,1.58489,"Σr² + λ·Σ_h w_hᵀPen w_h (tổng, không phạt bias)",,,0.3890949476704425,0.9159662571609867,0.6420025206959382,0.3353211609504322,0.403446270127912,0.4111701185329391,0,True,0.02901959999871906,closed_form,,,,16,float64,NVIDIA GeForce RTX 5060 Ti,2.14.0+cu130,0c39bb9363fb,2026-09-30T19:21:54
ETTh1,192,NLinear,MSE,2.51189,"Σr² + λ·Σ_h w_hᵀPen w_h (tổng, không phạt bias)",,,0.3890962258264133,0.9159655767447823,0.6420022669552987,0.33532094825958036,0.4034455205750791,0.4111697590496917,0,True,0.03447069999674568,closed_form,,,,16,float64,NVIDIA GeForce RTX 5060 Ti,2.14.0+cu130,0c39bb9363fb,2026-09-30T19:21:54
ETTh1,192,NLinear,MSE,3.98107,"Σr² + λ·Σ_h w_hᵀPen w_h (tổng, không phạt bias)",,,0.38909825089434713,0.9159645002219774,0.6420018658948057,0.33532061186407147,0.4034443343944169,0.4111691908588259,0,True,0.036784500000067055,closed_form,,,,16,float64,NVIDIA GeForce RTX 5060 Ti,2.14.0+cu130,0c39bb9363fb,2026-09-30T19:21:54
ETTh1,192,NLinear,MSE,6.30957,"Σr² + λ·Σ_h w_hᵀPen w_h (tổng, không phạt bias)",,,0.3891014587881692,0.9159627986825432,0.6420012328868542,0.33532008044722267,0.4034424588469955,0.41116829375043623,0,True,0.02944969999953173,closed_form,,,,16,float64,NVIDIA GeForce RTX 5060 Ti,2.14.0+cu130,0c39bb9363fb,2026-09-30T19:21:55
ETTh1,192,NLinear,MSE,10.0,"Σr² + λ·Σ_h w_hᵀPen w_h (tổng, không phạt bias)",,,0.38910653887844454,0.9159601135167774,0.6420002362798145,0.3353192425452642,0.40343949737214346,0.4111668801054185,0,True,0.03239539999776753,closed_form,,,,16,float64,NVIDIA GeForce RTX 5060 Ti,2.14.0+cu130,0c39bb9363fb,2026-09-30T19:21:55
ETTh1,192,NLinear,MSE,15.8489,"Σr² + λ·Σ_h w_hᵀPen w_h (tổng, không phạt bias)",,,0.3891145800052082,0.9159558867528312,0.6419986723485991,0.335317925382026,0.40343483139943703,0.41116466167921795,0,True,0.03105640000285348,closed_form,,,,16,float64,NVIDIA GeForce RTX 5060 Ti,2.14.0+cu130,0c39bb9363fb,2026-09-30T19:21:55
ETTh1,192,NLinear,MSE,25.1189,"Σr² + λ·Σ_h w_hᵀPen w_h (tổng, không phạt bias)",,,0.3891272989928303,0.9159492594527561,0.6419962326914886,0.33531586462508045,0.40342750485129636,0.4111611979377318,0,True,0.03642869999748655,closed_form,,,,16,float64,NVIDIA GeForce RTX 5060 Ti,2.14.0+cu130,0c39bb9363fb,2026-09-30T19:21:56
ETTh1,192,NLinear,MSE,39.8107,"Σr² + λ·Σ_h w_hᵀPen w_h (tổng, không phạt bias)",,,0.38914739364129164,0.9159389328767826,0.6419924659230543,0.33531266469739995,0.4034160625638697,0.41115584248703524,0,True,0.052999799998360686,closed_form,,,,16,float64,NVIDIA GeForce RTX 5060 Ti,2.14.0+cu130,0c39bb9363fb,2026-09-30T19:21:56
ETTh1,192,NLinear,MSE,63.0957,"Σr² + λ·Σ_h w_hᵀPen w_h (tổng, không phạt bias)",,,0.3891790850981919,0.915922997666547,0.6419867341393337,0.33530775428747533,0.40339834175766576,0.4111476762341328,0,True,0.01840920000540791,closed_form,,,,16,float64,NVIDIA GeForce RTX 5060 Ti,2.14.0+cu130,0c39bb9363fb,2026-09-30T19:21:57
ETTh1,192,NLinear,MSE,100.0,"Σr² + λ·Σ_h w_hᵀPen w_h (tổng, không phạt bias)",,,0.38922892985037016,0.9158987768565501,0.6419782321147568,0.3353003580344234,0.40337125303655064,0.41113552455195523,0,True,0.032903700004681014,closed_form,,,,16,float64,NVIDIA GeForce RTX 5060 Ti,2.14.0+cu130,0c39bb9363fb,2026-09-30T19:21:57
ETTh1,192,NLinear,MSE,158.489,"Σr² + λ·Σ_h w_hᵀPen w_h (tổng, không phạt bias)",,,0.3893070043990611,0.9158628112270981,0.6419661126256304,0.33528953830288716,0.40333066637582926,0.4111180897677513,0,True,0.04455529999540886,closed_form,,,,16,float64,NVIDIA GeForce RTX 5060 Ti,2.14.0+cu130,0c39bb9363fb,2026-09-30T19:21:57
ETTh1,192,NLinear,MSE,251.189,"Σr² + λ·Σ_h w_hᵀPen w_h (tổng, không phạt bias)",,,0.38942856453445834,0.9158112705121527,0.6419499318440225,0.33527442082109804,0.4032716758173455,0.4110945453699971,0,True,0.04181860000244342,closed_form,,,,16,float64,NVIDIA GeForce RTX 5060 Ti,2.14.0+cu130,0c39bb9363fb,2026-09-30T19:21:58
ETTh1,192,NLinear,MSE,398.107,"Σr² + λ·Σ_h w_hᵀPen w_h (tổng, không phạt bias)",,,0.3896162227003487,0.9157412726879993,0.6419308348550543,0.33525479227471705,0.4031897453387101,0.41106603918234436,0,True,0.017784800002118573,closed_form,,,,16,float64,NVIDIA GeForce RTX 5060 Ti,2.14.0+cu130,0c39bb9363fb,2026-09-30T19:21:58
ETTh1,192,NLinear,MSE,630.957,"Σr² + λ·Σ_h w_hᵀPen w_h (tổng, không phạt bias)",,,0.38990263716118445,0.9156536219903187,0.641913211435654,0.3352322656857933,0.40308334835037773,0.41103852481911285,0,True,0.03321020000294084,closed_form,,,,16,float64,NVIDIA GeForce RTX 5060 Ti,2.14.0+cu130,0c39bb9363fb,2026-09-30T19:21:58
ETTh1,192,NLinear,MSE,1000.0,"Σr² + λ·Σ_h w_hᵀPen w_h (tổng, không phạt bias)",,,0.39033355907177125,0.9155570801498539,0.6419075231571647,0.33521205221126105,0.40295844358911415,0.4110265614772705,0,True,0.036501499998848885,closed_form,,,,16,float64,NVIDIA GeForce RTX 5060 Ti,2.14.0+cu130,0c39bb9363fb,2026-09-30T19:21:58
ETTh1,192,NLinear,MSE,1584.89,"Σr² + λ·Σ_h w_hᵀPen w_h (tổng, không phạt bias)",,,0.3909711493692874,0.9154733737003122,0.6419345260458372,0.3352050328053699,0.40283418732414406,0.4110574266040824,0,True,0.023167499995906837,closed_form,,,,16,float64,NVIDIA GeForce RTX 5060 Ti,2.14.0+cu130,0c39bb9363fb,2026-09-30T19:21:59
ETTh1,192,NLinear,MSE,2511.89,"Σr² + λ·Σ_h w_hᵀPen w_h (tổng, không phạt bias)",,,0.3918976020897832,0.9154417219544476,0.6420278467599344,0.3352296618389782,0.4027483632006713,0.4111753736000305,0,True,0.022194699995452538,closed_form,,,,16,float64,NVIDIA GeForce RTX 5060 Ti,2.14.0+cu130,0c39bb9363fb,2026-09-30T19:21:59
ETTh1,192,NLinear,MSE,3981.07,"Σr² + λ·Σ_h w_hᵀPen w_h (tổng, không phạt bias)",,,0.3932190120131349,0.9155227065860894,0.6422359852722942,0.3353136065903056,0.4027612259460722,0.4114398595724308,0,True,0.02290039999934379,closed_form,,,,16,float64,NVIDIA GeForce RTX 5060 Ti,2.14.0+cu130,0c39bb9363fb,2026-09-30T19:21:59
ETTh1,192,NLinear,MSE,6309.57,"Σr² + λ·Σ_h w_hᵀPen w_h (tổng, không phạt bias)",,,0.39506943928197946,0.9158031943224404,0.6426240888729086,0.33549567009781345,0.4029582669796348,0.4119278292702412,0,True,0.02544530000159284,closed_form,,,,16,float64,NVIDIA GeForce RTX 5060 Ti,2.14.0+cu130,0c39bb9363fb,2026-09-30T19:22:00
ETTh1,192,NLinear,MSE,10000.0,"Σr² + λ·Σ_h w_hᵀPen w_h (tổng, không phạt bias)",,,0.3976141448502172,0.9164055126320539,0.643277843787403,0.33582898197650324,0.4034557665609516,0.41273058788050226,0,True,0.029915999999502674,closed_form,,,,16,float64,NVIDIA GeForce RTX 5060 Ti,2.14.0+cu130,0c39bb9363fb,2026-09-30T19:22:00
ETTh1,192,NLinear,MSE,15848.9,"Σr² + λ·Σ_h w_hᵀPen w_h (tổng, không phạt bias)",,,0.40105123145343613,0.9175030437598217,0.6443119773134475,0.33638604116974535,0.40441500616595333,0.41396197794464357,0,True,0.021224299998721108,closed_form,,,,16,float64,NVIDIA GeForce RTX 5060 Ti,2.14.0+cu130,0c39bb9363fb,2026-09-30T19:22:00
ETTh1,192,NLinear,MSE,25118.9,"Σr² + λ·Σ_h w_hᵀPen w_h (tổng, không phạt bias)",,,0.4056129754026847,0.9193373941886275,0.6458747586091157,0.3372639669288168,0.40606386255738824,0.41576731927418786,0,True,0.024052400003711227,closed_form,,,,16,float64,NVIDIA GeForce RTX 5060 Ti,2.14.0+cu130,0c39bb9363fb,2026-09-30T19:22:01
ETTh1,192,NLinear,MSE,39810.7,"Σr² + λ·Σ_h w_hᵀPen w_h (tổng, không phạt bias)",,,0.4115731821104376,0.9222265106807989,0.6481514344703815,0.3385859196404777,0.40871049823169486,0.4183150742025567,0,True,0.021548800003074575,closed_form,,,,16,float64,NVIDIA GeForce RTX 5060 Ti,2.14.0+cu130,0c39bb9363fb,2026-09-30T19:22:01
ETTh1,192,NLinear,MSE,63095.7,"Σr² + λ·Σ_h w_hᵀPen w_h (tổng, không phạt bias)",,,0.41927019425307943,0.9265728187210864,0.6513561713826787,0.3405015428393133,0.41274555955132164,0.42176232390875223,0,True,0.034283000000868924,closed_form,,,,16,float64,NVIDIA GeForce RTX 5060 Ti,2.14.0+cu130,0c39bb9363fb,2026-09-30T19:22:01
ETTh1,192,NLinear,MSE,100000.0,"Σr² + λ·Σ_h w_hᵀPen w_h (tổng, không phạt bias)",,,0.42913807283194305,0.9329141708587073,0.6557268870240716,0.3432018405979504,0.41867438375949684,0.426246251603644,0,True,0.05185979999805568,closed_form,,,,16,float64,NVIDIA GeForce RTX 5060 Ti,2.14.0+cu130,0c39bb9363fb,2026-09-30T19:22:02
ETTh1,192,Linear,MAE,0.0,"Σ|r| + λ·Σ_h w_hᵀPen w_h (irls δ = 1e-6, tổng, không phạt bias)",1e-06,,0.42539058507773647,0.9057559372268537,0.6318236880896556,0.3294503136612722,0.40470494529085993,0.4076795076760251,470,True,143.12867729999562,ols,,3e-11,1,16,float32,NVIDIA GeForce RTX 5060 Ti,2.14.0+cu130,0c39bb9363fb,2026-09-30T19:24:26
ETTh1,192,Linear,MAE,1.0,"Σ|r| + λ·Σ_h w_hᵀPen w_h (irls δ = 1e-6, tổng, không phạt bias)",1e-06,,0.42539269890300024,0.9057559737203916,0.6318236928079435,0.3294503206226798,0.4047049380598998,0.4076795004309476,1,True,0.33147620000090683,warm,,1e-10,1,16,float32,NVIDIA GeForce RTX 5060 Ti,2.14.0+cu130,0c39bb9363fb,2026-09-30T19:24:27
ETTh1,192,Linear,MAE,3.0,"Σ|r| + λ·Σ_h w_hᵀPen w_h (irls δ = 1e-6, tổng, không phạt bias)",1e-06,,0.42539692649789035,0.9057560238515832,0.6318236989703262,0.3294503300044005,0.40470487811931466,0.40767946388983195,2,True,0.6354223000016646,warm,,1e-10,1,16,float32,NVIDIA GeForce RTX 5060 Ti,2.14.0+cu130,0c39bb9363fb,2026-09-30T19:24:28
ETTh1,192,Linear,MAE,10.0,"Σ|r| + λ·Σ_h w_hᵀPen w_h (irls δ = 1e-6, tổng, không phạt bias)",1e-06,,0.4254116912687446,0.9057568522433762,0.6318233471077306,0.32945023552435954,0.40469141375327167,0.40767220655356656,194,True,59.17771820000053,warm,,1e-10,1,16,float32,NVIDIA GeForce RTX 5060 Ti,2.14.0+cu130,0c39bb9363fb,2026-09-30T19:25:28
ETTh1,192,Linear,MAE,30.0,"Σ|r| + λ·Σ_h w_hᵀPen w_h (irls δ = 1e-6, tổng, không phạt bias)",1e-06,,0.4254536589077111,0.90573385864205,0.6318167951166919,0.3294446294594589,0.40464303349802794,0.40764807140169923,265,True,80.91927489999944,warm,,1e-10,1,16,float32,NVIDIA GeForce RTX 5060 Ti,2.14.0+cu130,0c39bb9363fb,2026-09-30T19:26:49
ETTh1,192,Linear,MAE,100.0,"Σ|r| + λ·Σ_h w_hᵀPen w_h (irls δ = 1e-6, tổng, không phạt bias)",1e-06,,0.4255981678653615,0.9056323453224405,0.6317936378930874,0.3294216618213339,0.4044767411040824,0.4075712746372393,264,True,80.64477339999576,warm,,1e-10,1,16,float32,NVIDIA GeForce RTX 5060 Ti,2.14.0+cu130,0c39bb9363fb,2026-09-30T19:28:10
ETTh1,192,Linear,MAE,300.0,"Σ|r| + λ·Σ_h w_hᵀPen w_h (irls δ = 1e-6, tổng, không phạt bias)",1e-06,,0.4259927144502495,0.9054134481591984,0.6317740893307462,0.32938436272115806,0.40408208608776874,0.40740234443587897,208,True,63.45165979999729,warm,,1e-10,1,16,float32,NVIDIA GeForce RTX 5060 Ti,2.14.0+cu130,0c39bb9363fb,2026-09-30T19:29:14
ETTh1,192,Linear,MAE,1000.0,"Σ|r| + λ·Σ_h w_hᵀPen w_h (irls δ = 1e-6, tổng, không phạt bias)",1e-06,,0.42721767881048556,0.9051575438243983,0.6319371160801512,0.329417649423368,0.4030864494593374,0.40708592586240777,154,True,47.02349910000339,warm,,1e-10,1,16,float32,NVIDIA GeForce RTX 5060 Ti,2.14.0+cu130,0c39bb9363fb,2026-09-30T19:30:02
ETTh1,192,Linear,MAE,3000.0,"Σ|r| + λ·Σ_h w_hᵀPen w_h (irls δ = 1e-6, tổng, không phạt bias)",1e-06,,0.42999224850804096,0.9054329520803751,0.6328118429563627,0.32981770777239555,0.40176674389204303,0.40711444927069146,127,True,38.81720259999565,warm,,1e-10,1,16,float32,NVIDIA GeForce RTX 5060 Ti,2.14.0+cu130,0c39bb9363fb,2026-09-30T19:30:41
ETTh1,192,Linear,MAE,10000.0,"Σ|r| + λ·Σ_h w_hᵀPen w_h (irls δ = 1e-6, tổng, không phạt bias)",1e-06,,0.43660238158688736,0.908504379193159,0.6362793691878152,0.3316718920951818,0.40131379748832663,0.40898910687392337,110,True,33.63116420000006,warm,,1e-10,1,16,float32,NVIDIA GeForce RTX 5060 Ti,2.14.0+cu130,0c39bb9363fb,2026-09-30T19:31:15
ETTh1,192,DLinear,MAE,0.0,"Σ|r| + λ·Σ_h w_hᵀPen w_h (irls δ = 1e-6, tổng, không phạt bias)",1e-06,25,0.42539058507773647,0.9057559372268537,0.6318236880896556,0.3294503136612722,0.40470494529085993,0.4076795076760251,470,True,0,ols,Linear,3e-11,1,16,float32,NVIDIA GeForce RTX 5060 Ti,2.14.0+cu130,0c39bb9363fb,2026-09-30T19:31:15
ETTh1,192,DLinear,MAE,1.0,"Σ|r| + λ·Σ_h w_hᵀPen w_h (irls δ = 1e-6, tổng, không phạt bias)",1e-06,25,0.4253925350233384,0.9057559696398951,0.6318236914517681,0.3294503195083039,0.40470493721775824,0.4076795006638697,1,True,0.33084560000133933,warm,,1e-10,1,16,float32,NVIDIA GeForce RTX 5060 Ti,2.14.0+cu130,0c39bb9363fb,2026-09-30T19:31:16
ETTh1,192,DLinear,MAE,3.0,"Σ|r| + λ·Σ_h w_hᵀPen w_h (irls δ = 1e-6, tổng, không phạt bias)",1e-06,25,0.42539643489873774,0.9057559802645585,0.6318236900869345,0.3294503204387452,0.40470489788040614,0.40767947963942003,1,True,0.3310579000026337,warm,,1e-10,1,16,float32,NVIDIA GeForce RTX 5060 Ti,2.14.0+cu130,0c39bb9363fb,2026-09-30T19:31:17
ETTh1,192,DLinear,MAE,10.0,"Σ|r| + λ·Σ_h w_hᵀPen w_h (irls δ = 1e-6, tổng, không phạt bias)",1e-06,25,0.4254100581119574,0.9057535275073261,0.6318222979395138,0.329449363415533,0.40469150200339127,0.4076727169411737,183,True,55.7380376000001,warm,,1e-10,1,16,float32,NVIDIA GeForce RTX 5060 Ti,2.14.0+cu130,0c39bb9363fb,2026-09-30T19:32:13
ETTh1,192,DLinear,MAE,30.0,"Σ|r| + λ·Σ_h w_hᵀPen w_h (irls δ = 1e-6, tổng, không phạt bias)",1e-06,25,0.42544879690467347,0.9057193733525686,0.6318126934402908,0.32944089827877515,0.4046397471124012,0.40764858433974716,263,True,80.12482939999609,warm,,1e-10,1,16,float32,NVIDIA GeForce RTX 5060 Ti,2.14.0+cu130,0c39bb9363fb,2026-09-30T19:33:33
ETTh1,192,DLinear,MAE,100.0,"Σ|r| + λ·Σ_h w_hᵀPen w_h (irls δ = 1e-6, tổng, không phạt bias)",1e-06,25,0.42558235414874074,0.9055863001475688,0.6317815258097134,0.3294094809503956,0.4044706075459181,0.40757410947119715,262,True,80.16679470000236,warm,,1e-10,1,16,float32,NVIDIA GeForce RTX 5060 Ti,2.14.0+cu130,0c39bb9363fb,2026-09-30T19:34:54
ETTh1,192,DLinear,MAE,300.0,"Σ|r| + λ·Σ_h w_hᵀPen w_h (irls δ = 1e-6, tổng, không phạt bias)",1e-06,25,0.4259485529088381,0.9053058744159815,0.6317366347399913,0.32935365551030293,0.40405223358103554,0.40740787017682367,210,True,64.1777321000045,warm,,1e-10,1,16,float32,NVIDIA GeForce RTX 5060 Ti,2.14.0+cu130,0c39bb9363fb,2026-09-30T19:35:58
ETTh1,192,DLinear,MAE,1000.0,"Σ|r| + λ·Σ_h w_hᵀPen w_h (irls δ = 1e-6, tổng, không phạt bias)",1e-06,25,0.42709904119560305,0.9047706640726143,0.6317939237987037,0.32930517058508485,0.40298368983879906,0.40708132045750894,154,True,47.10929439999745,warm,,1e-10,1,16,float32,NVIDIA GeForce RTX 5060 Ti,2.14.0+cu130,0c39bb9363fb,2026-09-30T19:36:46
ETTh1,192,DLinear,MAE,3000.0,"Σ|r| + λ·Σ_h w_hᵀPen w_h (irls δ = 1e-6, tổng, không phạt bias)",1e-06,25,0.4297650831865388,0.9045805724381434,0.6324653038508316,0.32956250546363985,0.4014433676033063,0.40701555288875296,127,True,38.896355500000936,warm,,1e-10,1,16,float32,NVIDIA GeForce RTX 5060 Ti,2.14.0+cu130,0c39bb9363fb,2026-09-30T19:37:25
ETTh1,192,DLinear,MAE,10000.0,"Σ|r| + λ·Σ_h w_hᵀPen w_h (irls δ = 1e-6, tổng, không phạt bias)",1e-06,25,0.4362955538974227,0.9068982033887161,0.6355796451999939,0.33117451747014137,0.4006050252607737,0.4086865617784385,107,True,32.795920299999125,warm,,1e-10,1,16,float32,NVIDIA GeForce RTX 5060 Ti,2.14.0+cu130,0c39bb9363fb,2026-09-30T19:37:58
ETTh1,192,NLinear,MAE,0.0,"Σ|r| + λ·Σ_h w_hᵀPen w_h (irls δ = 1e-6, tổng, không phạt bias)",1e-06,,0.42806973688397004,0.9401294493975453,0.6412712909158891,0.3381282095636528,0.40636505114555216,0.4080018035797361,470,True,144.7576526999983,ols,,3e-11,1,16,float32,NVIDIA GeForce RTX 5060 Ti,2.14.0+cu130,0c39bb9363fb,2026-09-30T19:40:23
ETTh1,192,NLinear,MAE,1.0,"Σ|r| + λ·Σ_h w_hᵀPen w_h (irls δ = 1e-6, tổng, không phạt bias)",1e-06,,0.428071468897336,0.9401294708076083,0.641271290018156,0.3381282117137245,0.40636504484292496,0.4080017957697966,1,True,0.33417500000359723,warm,,1e-10,1,16,float32,NVIDIA GeForce RTX 5060 Ti,2.14.0+cu130,0c39bb9363fb,2026-09-30T19:40:24
ETTh1,192,NLinear,MAE,3.0,"Σ|r| + λ·Σ_h w_hᵀPen w_h (irls δ = 1e-6, tổng, không phạt bias)",1e-06,,0.42807493290974025,0.9401294636137113,0.6412712813297333,0.3381282067966416,0.4063650115169526,0.40800177559615436,1,True,0.33425240000360645,warm,,1e-10,1,16,float32,NVIDIA GeForce RTX 5060 Ti,2.14.0+cu130,0c39bb9363fb,2026-09-30T19:40:25
ETTh1,192,NLinear,MAE,10.0,"Σ|r| + λ·Σ_h w_hᵀPen w_h (irls δ = 1e-6, tổng, không phạt bias)",1e-06,,0.42808703037872436,0.940125857288949,0.6412686594958831,0.3381265891011756,0.4063531376325674,0.4079952515306884,187,True,57.42163949999667,warm,,1e-10,1,16,float32,NVIDIA GeForce RTX 5060 Ti,2.14.0+cu130,0c39bb9363fb,2026-09-30T19:41:23
ETTh1,192,NLinear,MAE,30.0,"Σ|r| + λ·Σ_h w_hᵀPen w_h (irls δ = 1e-6, tổng, không phạt bias)",1e-06,,0.42812141100208245,0.9400878244970279,0.6412592397405469,0.33811734655468506,0.4063044218745428,0.4079727494908496,269,True,82.89965449999727,warm,,1e-10,1,16,float32,NVIDIA GeForce RTX 5060 Ti,2.14.0+cu130,0c39bb9363fb,2026-09-30T19:42:46
ETTh1,192,NLinear,MAE,100.0,"Σ|r| + λ·Σ_h w_hᵀPen w_h (irls δ = 1e-6, tổng, không phạt bias)",1e-06,,0.4282397596308473,0.9399769386852922,0.6412349952832025,0.3380915175118217,0.4061529749753613,0.4079078956561648,261,True,80.11622270000225,warm,,1e-10,1,16,float32,NVIDIA GeForce RTX 5060 Ti,2.14.0+cu130,0c39bb9363fb,2026-09-30T19:44:07
ETTh1,192,NLinear,MAE,300.0,"Σ|r| + λ·Σ_h w_hᵀPen w_h (irls δ = 1e-6, tổng, không phạt bias)",1e-06,,0.4285630241150977,0.9396881940919863,0.6411824332697489,0.33802863755129803,0.4057761284035376,0.4077630948872389,207,True,63.57213720000436,warm,,1e-10,1,16,float32,NVIDIA GeForce RTX 5060 Ti,2.14.0+cu130,0c39bb9363fb,2026-09-30T19:45:11
ETTh1,192,NLinear,MAE,1000.0,"Σ|r| + λ·Σ_h w_hᵀPen w_h (irls δ = 1e-6, tổng, không phạt bias)",1e-06,,0.4295702967170725,0.9389436466500232,0.6411475343641916,0.33790869474124474,0.40480796656581175,0.40749308408627577,154,True,47.35449079999671,warm,,1e-10,1,16,float32,NVIDIA GeForce RTX 5060 Ti,2.14.0+cu130,0c39bb9363fb,2026-09-30T19:45:58
ETTh1,192,NLinear,MAE,3000.0,"Σ|r| + λ·Σ_h w_hᵀPen w_h (irls δ = 1e-6, tổng, không phạt bias)",1e-06,,0.4318770825616668,0.9380357109665624,0.6415214145244194,0.33793237262781417,0.403427759763003,0.4074930193183312,126,True,38.804668899996614,warm,,1e-10,1,16,float32,NVIDIA GeForce RTX 5060 Ti,2.14.0+cu130,0c39bb9363fb,2026-09-30T19:46:38
ETTh1,192,NLinear,MAE,10000.0,"Σ|r| + λ·Σ_h w_hᵀPen w_h (irls δ = 1e-6, tổng, không phạt bias)",1e-06,,0.4374636993585127,0.9380228143030891,0.643594516758199,0.33877623856005845,0.40259745538921815,0.4090975628037952,109,True,33.59204540000064,warm,,1e-10,1,16,float32,NVIDIA GeForce RTX 5060 Ti,2.14.0+cu130,0c39bb9363fb,2026-09-30T19:47:11
ETTh1,192,NLinear,MAE,30000.0,"Σ|r| + λ·Σ_h w_hᵀPen w_h (irls δ = 1e-6, tổng, không phạt bias)",1e-06,,0.4473834377843481,0.9407232352715061,0.6484646551778186,0.3411934147120914,0.405785099037098,0.41403692488519467,98,True,30.212483100003737,warm,,1e-10,1,16,float32,NVIDIA GeForce RTX 5060 Ti,2.14.0+cu130,0c39bb9363fb,2026-09-30T19:47:42
ETTh1,192,Linear,Huber,0.0,"Σρ_δ(r)/δ + λ·Σ_h w_hᵀPen w_h, δ = 1, ρ = r²/2 trong ngưỡng (tổng, không phạt bias)",1.0,,0.16803443578495297,0.8852420427748185,0.6296398357368131,0.32550214954999723,0.40280469369556166,0.40954673963089266,7,True,2.15542799999821,ols,,1e-09,1,16,float32,NVIDIA GeForce RTX 5060 Ti,2.14.0+cu130,0c39bb9363fb,2026-09-30T19:47:45
ETTh1,192,Linear,Huber,1.0,"Σρ_δ(r)/δ + λ·Σ_h w_hᵀPen w_h, δ = 1, ρ = r²/2 trong ngưỡng (tổng, không phạt bias)",1.0,,0.16803629105043175,0.8852412548466663,0.6296394551991823,0.325501868526676,0.402802216568909,0.40954547283454085,2,True,0.6361335999972653,warm,,1e-09,1,16,float32,NVIDIA GeForce RTX 5060 Ti,2.14.0+cu130,0c39bb9363fb,2026-09-30T19:47:46
ETTh1,192,Linear,Huber,3.0,"Σρ_δ(r)/δ + λ·Σ_h w_hᵀPen w_h, δ = 1, ρ = r²/2 trong ngưỡng (tổng, không phạt bias)",1.0,,0.16803999787826052,0.8852397537371108,0.6296389189125092,0.32550142061551296,0.40279701764415804,0.40954293478404585,2,True,0.6344418000007863,warm,,1e-09,1,16,float32,NVIDIA GeForce RTX 5060 Ti,2.14.0+cu130,0c39bb9363fb,2026-09-30T19:47:47
ETTh1,192,Linear,Huber,10.0,"Σρ_δ(r)/δ + λ·Σ_h w_hᵀPen w_h, δ = 1, ρ = r²/2 trong ngưỡng (tổng, không phạt bias)",1.0,,0.16805293305849536,0.8852349013173306,0.629637277570649,0.32550001732342426,0.40277864120406043,0.4095340589825522,3,True,0.9382788999937475,warm,,1e-09,1,16,float32,NVIDIA GeForce RTX 5060 Ti,2.14.0+cu130,0c39bb9363fb,2026-09-30T19:47:48
ETTh1,192,Linear,Huber,30.0,"Σρ_δ(r)/δ + λ·Σ_h w_hᵀPen w_h, δ = 1, ρ = r²/2 trong ngưỡng (tổng, không phạt bias)",1.0,,0.16808956657444846,0.8852224339775564,0.6296334432054465,0.32549655595154725,0.4027282887934473,0.4095102807921659,3,True,0.9390857000034885,warm,,1e-09,1,16,float32,NVIDIA GeForce RTX 5060 Ti,2.14.0+cu130,0c39bb9363fb,2026-09-30T19:47:49
ETTh1,192,Linear,Huber,100.0,"Σρ_δ(r)/δ + λ·Σ_h w_hᵀPen w_h, δ = 1, ρ = r²/2 trong ngưỡng (tổng, không phạt bias)",1.0,,0.16821427252338408,0.8851957355206815,0.6296304503200645,0.32549102865343704,0.4025697797566748,0.4094413917485074,4,True,1.2428923000043142,warm,,1e-09,1,16,float32,NVIDIA GeForce RTX 5060 Ti,2.14.0+cu130,0c39bb9363fb,2026-09-30T19:47:51
ETTh1,192,Linear,Huber,300.0,"Σρ_δ(r)/δ + λ·Σ_h w_hᵀPen w_h, δ = 1, ρ = r²/2 trong ngưỡng (tổng, không phạt bias)",1.0,,0.16854578775979792,0.8852142621018829,0.6296812973271165,0.32551230354588256,0.40223369605761744,0.4093322541293305,5,True,1.546364200003154,warm,,1e-09,1,16,float32,NVIDIA GeForce RTX 5060 Ti,2.14.0+cu130,0c39bb9363fb,2026-09-30T19:47:53
ETTh1,192,Linear,Huber,1000.0,"Σρ_δ(r)/δ + λ·Σ_h w_hᵀPen w_h, δ = 1, ρ = r²/2 trong ngưỡng (tổng, không phạt bias)",1.0,,0.1695247581142296,0.8857219014203149,0.6301371652116992,0.32575912172427873,0.4017042061789673,0.4093984589994666,5,True,1.5462127999999211,warm,,1e-09,1,16,float32,NVIDIA GeForce RTX 5060 Ti,2.14.0+cu130,0c39bb9363fb,2026-09-30T19:47:55
ETTh1,192,Linear,Huber,3000.0,"Σρ_δ(r)/δ + λ·Σ_h w_hᵀPen w_h, δ = 1, ρ = r²/2 trong ngưỡng (tổng, không phạt bias)",1.0,,0.17162391899576443,0.8878475274572958,0.6318091113610034,0.3267101987509909,0.4017251953588473,0.4104244648628305,6,True,1.8493467000007513,warm,,1e-09,1,16,float32,NVIDIA GeForce RTX 5060 Ti,2.14.0+cu130,0c39bb9363fb,2026-09-30T19:47:57
ETTh1,192,Linear,Huber,10000.0,"Σρ_δ(r)/δ + λ·Σ_h w_hᵀPen w_h, δ = 1, ρ = r²/2 trong ngưỡng (tổng, không phạt bias)",1.0,,0.17645538106776973,0.894951905588696,0.6369164394182883,0.3297460845943824,0.404291495110357,0.41428424731288693,6,True,1.8520234000025084,warm,,1e-09,1,16,float32,NVIDIA GeForce RTX 5060 Ti,2.14.0+cu130,0c39bb9363fb,2026-09-30T19:47:59
ETTh1,192,DLinear,Huber,0.0,"Σρ_δ(r)/δ + λ·Σ_h w_hᵀPen w_h, δ = 1, ρ = r²/2 trong ngưỡng (tổng, không phạt bias)",1.0,25,0.16803443578495297,0.8852420427748185,0.6296398357368131,0.32550214954999723,0.40280469369556166,0.40954673963089266,7,True,0,ols,Linear,1e-09,1,16,float32,NVIDIA GeForce RTX 5060 Ti,2.14.0+cu130,0c39bb9363fb,2026-09-30T19:47:59
ETTh1,192,DLinear,Huber,1.0,"Σρ_δ(r)/δ + λ·Σ_h w_hᵀPen w_h, δ = 1, ρ = r²/2 trong ngưỡng (tổng, không phạt bias)",1.0,25,0.16803609852923865,0.8852403886057258,0.6296391737602965,0.3255016250774732,0.40280217731218165,0.40954560947673035,2,True,0.635529500003031,warm,,1e-09,1,16,float32,NVIDIA GeForce RTX 5060 Ti,2.14.0+cu130,0c39bb9363fb,2026-09-30T19:48:00
ETTh1,192,DLinear,Huber,3.0,"Σρ_δ(r)/δ + λ·Σ_h w_hᵀPen w_h, δ = 1, ρ = r²/2 trong ngưỡng (tổng, không phạt bias)",1.0,25,0.1680394211826827,0.8852371271763634,0.6296380657114716,0.3255006821201188,0.40279689461746154,0.4095433453029385,2,True,0.6345002000016393,warm,,1e-09,1,16,float32,NVIDIA GeForce RTX 5060 Ti,2.14.0+cu130,0c39bb9363fb,2026-09-30T19:48:01
ETTh1,192,DLinear,Huber,10.0,"Σρ_δ(r)/δ + λ·Σ_h w_hᵀPen w_h, δ = 1, ρ = r²/2 trong ngưỡng (tổng, không phạt bias)",1.0,25,0.16805102079153966,0.8852259915397068,0.6296343757356695,0.32549750800736815,0.4027781867873861,0.4095354125698508,3,True,0.9386266000001342,warm,,1e-09,1,16,float32,NVIDIA GeForce RTX 5060 Ti,2.14.0+cu130,0c39bb9363fb,2026-09-30T19:48:02
ETTh1,192,DLinear,Huber,30.0,"Σρ_δ(r)/δ + λ·Σ_h w_hᵀPen w_h, δ = 1, ρ = r²/2 trong ngưỡng (tổng, không phạt bias)",1.0,25,0.16808391403098163,0.885195740782509,0.629624655256493,0.32548900145486875,0.402726676775094,0.4095140567057656,3,True,0.9380220000020927,warm,,1e-09,1,16,float32,NVIDIA GeForce RTX 5060 Ti,2.14.0+cu130,0c39bb9363fb,2026-09-30T19:48:04
ETTh1,192,DLinear,Huber,100.0,"Σρ_δ(r)/δ + λ·Σ_h w_hᵀPen w_h, δ = 1, ρ = r²/2 trong ngưỡng (tổng, không phạt bias)",1.0,25,0.16819634646506604,0.8851071666947794,0.6296001465623733,0.3254655896458618,0.4025618303514137,0.4094512410086578,4,True,1.2426954999973532,warm,,1e-09,1,16,float32,NVIDIA GeForce RTX 5060 Ti,2.14.0+cu130,0c39bb9363fb,2026-09-30T19:48:05
ETTh1,192,DLinear,Huber,300.0,"Σρ_δ(r)/δ + λ·Σ_h w_hᵀPen w_h, δ = 1, ρ = r²/2 trong ngưỡng (tổng, không phạt bias)",1.0,25,0.16849848660766698,0.8849576213168047,0.6295872337834775,0.3254363959324045,0.40219519165290457,0.4093455425675254,5,True,1.5458832000003895,warm,,1e-09,1,16,float32,NVIDIA GeForce RTX 5060 Ti,2.14.0+cu130,0c39bb9363fb,2026-09-30T19:48:07
ETTh1,192,DLinear,Huber,1000.0,"Σρ_δ(r)/δ + λ·Σ_h w_hᵀPen w_h, δ = 1, ρ = r²/2 trong ngưỡng (tổng, không phạt bias)",1.0,25,0.1694134287884981,0.8849933527408717,0.6298390070714474,0.32553377740164824,0.4015192588775872,0.4093650776302204,5,True,1.5463564999954542,warm,,1e-09,1,16,float32,NVIDIA GeForce RTX 5060 Ti,2.14.0+cu130,0c39bb9363fb,2026-09-30T19:48:09
ETTh1,192,DLinear,Huber,3000.0,"Σρ_δ(r)/δ + λ·Σ_h w_hᵀPen w_h, δ = 1, ρ = r²/2 trong ngưỡng (tổng, không phạt bias)",1.0,25,0.17144692812625162,0.8863965510942157,0.6311635282919724,0.32624571447298406,0.40120194475179044,0.4102287427663552,6,True,1.8495289999991655,warm,,1e-09,1,16,float32,NVIDIA GeForce RTX 5060 Ti,2.14.0+cu130,0c39bb9363fb,2026-09-30T19:48:12
ETTh1,192,DLinear,Huber,10000.0,"Σρ_δ(r)/δ + λ·Σ_h w_hᵀPen w_h, δ = 1, ρ = r²/2 trong ngưỡng (tổng, không phạt bias)",1.0,25,0.17626330132710794,0.8930132448660406,0.6360034353194631,0.32911301372305973,0.40336645634654944,0.4138383334006281,6,True,1.8504756999973324,warm,,1e-09,1,16,float32,NVIDIA GeForce RTX 5060 Ti,2.14.0+cu130,0c39bb9363fb,2026-09-30T19:48:14
ETTh1,192,NLinear,Huber,0.0,"Σρ_δ(r)/δ + λ·Σ_h w_hᵀPen w_h, δ = 1, ρ = r²/2 trong ngưỡng (tổng, không phạt bias)",1.0,,0.16995870134304927,0.9236624946688398,0.6410683244775623,0.3357988087272433,0.4035533907112031,0.4095882736950903,7,True,2.168192500001169,ols,,1e-09,1,16,float32,NVIDIA GeForce RTX 5060 Ti,2.14.0+cu130,0c39bb9363fb,2026-09-30T19:48:16
ETTh1,192,NLinear,Huber,1.0,"Σρ_δ(r)/δ + λ·Σ_h w_hᵀPen w_h, δ = 1, ρ = r²/2 trong ngưỡng (tổng, không phạt bias)",1.0,,0.1699601363049451,0.9236603868736607,0.6410675507761578,0.33579816116637656,0.4035512035030235,0.40958729022250573,2,True,0.638241200002085,warm,,1e-09,1,16,float32,NVIDIA GeForce RTX 5060 Ti,2.14.0+cu130,0c39bb9363fb,2026-09-30T19:48:17
ETTh1,192,NLinear,Huber,3.0,"Σρ_δ(r)/δ + λ·Σ_h w_hᵀPen w_h, δ = 1, ρ = r²/2 trong ngưỡng (tổng, không phạt bias)",1.0,,0.16996300355710467,0.9236562193974761,0.6410662168648609,0.3357969810601547,0.4035465556125322,0.40958530405485755,2,True,0.639340199995786,warm,,1e-09,1,16,float32,NVIDIA GeForce RTX 5060 Ti,2.14.0+cu130,0c39bb9363fb,2026-09-30T19:48:18
ETTh1,192,NLinear,Huber,10.0,"Σρ_δ(r)/δ + λ·Σ_h w_hᵀPen w_h, δ = 1, ρ = r²/2 trong ngưỡng (tổng, không phạt bias)",1.0,,0.1699730109948174,0.9236417604759988,0.6410616897371123,0.33579293528753623,0.40353010910046844,0.4095783596663398,3,True,0.9446718999970471,warm,,1e-09,1,16,float32,NVIDIA GeForce RTX 5060 Ti,2.14.0+cu130,0c39bb9363fb,2026-09-30T19:48:20
ETTh1,192,NLinear,Huber,30.0,"Σρ_δ(r)/δ + λ·Σ_h w_hᵀPen w_h, δ = 1, ρ = r²/2 trong ngưỡng (tổng, không phạt bias)",1.0,,0.1700013698794767,0.9236020779506129,0.6410495828390337,0.33578194111600324,0.4034849550014045,0.4095597599451956,3,True,0.9425134000048274,warm,,1e-09,1,16,float32,NVIDIA GeForce RTX 5060 Ti,2.14.0+cu130,0c39bb9363fb,2026-09-30T19:48:21
ETTh1,192,NLinear,Huber,100.0,"Σρ_δ(r)/δ + λ·Σ_h w_hᵀPen w_h, δ = 1, ρ = r²/2 trong ngưỡng (tổng, không phạt bias)",1.0,,0.17009809827904515,0.9234792179486085,0.6410160651041571,0.33574932425237747,0.4033418423677222,0.40950608404823047,4,True,1.2487424999999348,warm,,1e-09,1,16,float32,NVIDIA GeForce RTX 5060 Ti,2.14.0+cu130,0c39bb9363fb,2026-09-30T19:48:23
ETTh1,192,NLinear,Huber,300.0,"Σρ_δ(r)/δ + λ·Σ_h w_hᵀPen w_h, δ = 1, ρ = r²/2 trong ngưỡng (tổng, không phạt bias)",1.0,,0.17035667982757785,0.9232261985348774,0.640972578780278,0.3356913267919772,0.4030319636869703,0.4094240249861806,5,True,1.555178300004627,warm,,1e-09,1,16,float32,NVIDIA GeForce RTX 5060 Ti,2.14.0+cu130,0c39bb9363fb,2026-09-30T19:48:24
ETTh1,192,NLinear,Huber,1000.0,"Σρ_δ(r)/δ + λ·Σ_h w_hᵀPen w_h, δ = 1, ρ = r²/2 trong ngưỡng (tổng, không phạt bias)",1.0,,0.1711316100151793,0.9228626712725341,0.6410834127554378,0.33567069049493203,0.40250834433197746,0.40950491747117596,5,True,1.5545085999983712,warm,,1e-09,1,16,float32,NVIDIA GeForce RTX 5060 Ti,2.14.0+cu130,0c39bb9363fb,2026-09-30T19:48:26
ETTh1,192,NLinear,Huber,3000.0,"Σρ_δ(r)/δ + λ·Σ_h w_hᵀPen w_h, δ = 1, ρ = r²/2 trong ngưỡng (tổng, không phạt bias)",1.0,,0.17283546592354046,0.9230316001245662,0.6419013927842564,0.33599779671950075,0.4024198980640847,0.4104321008253577,6,True,1.860862100002123,warm,,1e-09,1,16,float32,NVIDIA GeForce RTX 5060 Ti,2.14.0+cu130,0c39bb9363fb,2026-09-30T19:48:29
ETTh1,192,NLinear,Huber,10000.0,"Σρ_δ(r)/δ + λ·Σ_h w_hᵀPen w_h, δ = 1, ρ = r²/2 trong ngưỡng (tổng, không phạt bias)",1.0,,0.1768657650984392,0.9256435697347478,0.6449680466805001,0.3375826287557036,0.404679055808247,0.4139512145220286,6,True,1.8607993999976316,warm,,1e-09,1,16,float32,NVIDIA GeForce RTX 5060 Ti,2.14.0+cu130,0c39bb9363fb,2026-09-30T19:48:31
ETTh1,336,Linear,MSE,0.0,"Σr² + λ·Σ_h w_hᵀPen w_h (tổng, không phạt bias)",,,0.4322595488821029,1.0635404269326776,0.7031562362906805,0.3824115342442743,0.43344729721092895,0.4341896172567285,0,True,0.1862974000032409,closed_form,,,,16,float64,NVIDIA GeForce RTX 5060 Ti,2.14.0+cu130,0c39bb9363fb,2026-09-30T19:48:32
ETTh1,336,Linear,MSE,0.01,"Σr² + λ·Σ_h w_hᵀPen w_h (tổng, không phạt bias)",,,0.4322595644769263,1.0635404199447187,0.7031562333312421,0.3824115318914581,0.43344728658961734,0.4341896124155779,0,True,0.00854809999873396,closed_form,,,,16,float64,NVIDIA GeForce RTX 5060 Ti,2.14.0+cu130,0c39bb9363fb,2026-09-30T19:48:33
ETTh1,336,Linear,MSE,0.0158489,"Σr² + λ·Σ_h w_hᵀPen w_h (tổng, không phạt bias)",,,0.4322595735981616,1.0635404158575839,0.7031562316003102,0.38241153051533944,0.4334472803773708,0.4341896095840561,0,True,0.00935600000229897,closed_form,,,,16,float64,NVIDIA GeForce RTX 5060 Ti,2.14.0+cu130,0c39bb9363fb,2026-09-30T19:48:33
ETTh1,336,Linear,MSE,0.0251189,"Σr² + λ·Σ_h w_hᵀPen w_h (tổng, không phạt bias)",,,0.4322595880544982,1.0635404093799088,0.7031562288569717,0.3824115283343409,0.4334472705315773,0.43418960509636795,0,True,0.02978340000117896,closed_form,,,,16,float64,NVIDIA GeForce RTX 5060 Ti,2.14.0+cu130,0c39bb9363fb,2026-09-30T19:48:34
ETTh1,336,Linear,MSE,0.0398107,"Σr² + λ·Σ_h w_hᵀPen w_h (tổng, không phạt bias)",,,0.43225961096591864,1.0635403991137973,0.7031562245091758,0.3824115248778048,0.433447254927415,0.4341895979840105,0,True,0.009553299998515286,closed_form,,,,16,float64,NVIDIA GeForce RTX 5060 Ti,2.14.0+cu130,0c39bb9363fb,2026-09-30T19:48:34
ETTh1,336,Linear,MSE,0.0630957,"Σr² + λ·Σ_h w_hᵀPen w_h (tổng, không phạt bias)",,,0.4322596472779766,1.0635403828435628,0.7031562176185399,0.3824115193997396,0.4334472301969143,0.4341895867125235,0,True,0.011646899998595472,closed_form,,,,16,float64,NVIDIA GeForce RTX 5060 Ti,2.14.0+cu130,0c39bb9363fb,2026-09-30T19:48:35
ETTh1,336,Linear,MSE,0.1,"Σr² + λ·Σ_h w_hᵀPen w_h (tổng, không phạt bias)",,,0.4322597048283055,1.063540357058197,0.7031562066980639,0.38241151071805685,0.4334471910029023,0.4341895688501349,0,True,0.010334700004023034,closed_form,,,,16,float64,NVIDIA GeForce RTX 5060 Ti,2.14.0+cu130,0c39bb9363fb,2026-09-30T19:48:35
ETTh1,336,Linear,MSE,0.158489,"Σr² + λ·Σ_h w_hᵀPen w_h (tổng, không phạt bias)",,,0.4322597960375874,1.0635403161945745,0.703156189391415,0.3824114969598101,0.4334471288881318,0.43418954054456776,0,True,0.008747700005187653,closed_form,,,,16,float64,NVIDIA GeForce RTX 5060 Ti,2.14.0+cu130,0c39bb9363fb,2026-09-30T19:48:35
ETTh1,336,Linear,MSE,0.251189,"Σr² + λ·Σ_h w_hᵀPen w_h (tổng, không phạt bias)",,,0.4322599405932374,1.0635402514372265,0.703156161967638,0.3824114751572073,0.4334470304495237,0.4341894956883033,0,True,0.009733999999298248,closed_form,,,,16,float64,NVIDIA GeForce RTX 5060 Ti,2.14.0+cu130,0c39bb9363fb,2026-09-30T19:48:36
ETTh1,336,Linear,MSE,0.398107,"Σr² + λ·Σ_h w_hᵀPen w_h (tổng, không phạt bias)",,,0.43226016968806474,1.0635401488248422,0.7031561185143511,0.38241144061038884,0.4334468744564429,0.4341894246139952,0,True,0.011067100000218488,closed_form,,,,16,float64,NVIDIA GeForce RTX 5060 Ti,2.14.0+cu130,0c39bb9363fb,2026-09-30T19:48:36
ETTh1,336,Linear,MSE,0.630957,"Σr² + λ·Σ_h w_hᵀPen w_h (tổng, không phạt bias)",,,0.432260532759976,1.063539986244876,0.7031560496825955,0.3824113858763051,0.4334466272733435,0.4341893120156437,0,True,0.009872499998891726,closed_form,,,,16,float64,NVIDIA GeForce RTX 5060 Ti,2.14.0+cu130,0c39bb9363fb,2026-09-30T19:48:37
ETTh1,336,Linear,MSE,1.0,"Σr² + λ·Σ_h w_hᵀPen w_h (tổng, không phạt bias)",,,0.4322611081410368,1.0635397286985095,0.7031559406888552,0.3824112991764075,0.43344623563934775,0.43418913367575,0,True,0.008081300002231728,closed_form,,,,16,float64,NVIDIA GeForce RTX 5060 Ti,2.14.0+cu130,0c39bb9363fb,2026-09-30T19:48:37
ETTh1,336,Linear,MSE,1.58489,"Σr² + λ·Σ_h w_hᵀPen w_h (tổng, không phạt bias)",,,0.43226201992693014,1.0635393208337391,0.7031557680981592,0.3824111618874897,0.4334456152602051,0.4341888512836771,0,True,0.017444700002670288,closed_form,,,,16,float64,NVIDIA GeForce RTX 5060 Ti,2.14.0+cu130,0c39bb9363fb,2026-09-30T19:48:38
ETTh1,336,Linear,MSE,2.51189,"Σr² + λ·Σ_h w_hᵀPen w_h (tổng, không phạt bias)",,,0.4322634647128231,1.0635386751964009,0.7031554949591807,0.38241094459818836,0.43344463280319034,0.43418840437955886,0,True,0.00743990000046324,closed_form,,,,16,float64,NVIDIA GeForce RTX 5060 Ti,2.14.0+cu130,0c39bb9363fb,2026-09-30T19:48:38
ETTh1,336,Linear,MSE,3.98107,"Σr² + λ·Σ_h w_hᵀPen w_h (tổng, không phạt bias)",,,0.4322657537268991,1.0635376539291352,0.7031550631891913,0.3824106009779759,0.43344307771194424,0.43418769753258624,0,True,0.00984240000252612,closed_form,,,,16,float64,NVIDIA GeForce RTX 5060 Ti,2.14.0+cu130,0c39bb9363fb,2026-09-30T19:48:39
ETTh1,336,Linear,MSE,6.30957,"Σr² + λ·Σ_h w_hᵀPen w_h (tổng, không phạt bias)",,,0.4322693795933157,1.0635360403019678,0.7031543817614796,0.38241005826881297,0.43344061801365663,0.43418658118889775,0,True,0.009990800004743505,closed_form,,,,16,float64,NVIDIA GeForce RTX 5060 Ti,2.14.0+cu130,0c39bb9363fb,2026-09-30T19:48:39
ETTh1,336,Linear,MSE,10.0,"Σr² + λ·Σ_h w_hᵀPen w_h (tổng, không phạt bias)",,,0.43227512123749007,1.0635334953084459,0.7031533087468651,0.38240920286357305,0.43343673205564404,0.43418482123827773,0,True,0.017360700003337115,closed_form,,,,16,float64,NVIDIA GeForce RTX 5060 Ti,2.14.0+cu130,0c39bb9363fb,2026-09-30T19:48:40
ETTh1,336,Linear,MSE,15.8489,"Σr² + λ·Σ_h w_hᵀPen w_h (tổng, không phạt bias)",,,0.4322842086270624,1.0635294927796268,0.7031516254545555,0.38240785893671514,0.4334306042077502,0.43418205676808563,0,True,0.01528880000114441,closed_form,,,,16,float64,NVIDIA GeForce RTX 5060 Ti,2.14.0+cu130,0c39bb9363fb,2026-09-30T19:48:40
ETTh1,336,Linear,MSE,25.1189,"Σr² + λ·Σ_h w_hᵀPen w_h (tổng, không phạt bias)",,,0.43229858030904234,1.0635232259665075,0.7031490006628496,0.3824057581663874,0.4334209689380848,0.434177735610209,0,True,0.007695899999816902,closed_form,,,,16,float64,NVIDIA GeForce RTX 5060 Ti,2.14.0+cu130,0c39bb9363fb,2026-09-30T19:48:40
ETTh1,336,Linear,MSE,39.8107,"Σr² + λ·Σ_h w_hᵀPen w_h (tổng, không phạt bias)",,,0.43232128051710833,1.0635134830198953,0.7031449487069709,0.38240250067068493,0.43340588779866845,0.4341710323564978,0,True,0.0076214999935473315,closed_form,,,,16,float64,NVIDIA GeForce RTX 5060 Ti,2.14.0+cu130,0c39bb9363fb,2026-09-30T19:48:41
ETTh1,336,Linear,MSE,63.0957,"Σr² + λ·Σ_h w_hᵀPen w_h (tổng, không phạt bias)",,,0.432357067600925,1.0634985018330063,0.7031387803112484,0.3823975129780146,0.433382448683829,0.4341607700799859,0,True,0.008319100001244806,closed_form,,,,16,float64,NVIDIA GeForce RTX 5060 Ti,2.14.0+cu130,0c39bb9363fb,2026-09-30T19:48:41
ETTh1,336,Linear,MSE,100.0,"Σr² + λ·Σ_h w_hᵀPen w_h (tổng, không phạt bias)",,,0.4324133207205311,1.0634758590434368,0.7031296081560661,0.38239002660105037,0.4333464131441463,0.43414539107898675,0,True,0.008757100004004315,closed_form,,,,16,float64,NVIDIA GeForce RTX 5060 Ti,2.14.0+cu130,0c39bb9363fb,2026-09-30T19:48:42
ETTh1,336,Linear,MSE,158.489,"Σr² + λ·Σ_h w_hᵀPen w_h (tổng, không phạt bias)",,,0.4325013529211612,1.0634425355129808,0.7031165099312536,0.38237913566571013,0.4332919142628839,0.4341230423781711,0,True,0.008616600003733765,closed_form,,,,16,float64,NVIDIA GeForce RTX 5060 Ti,2.14.0+cu130,0c39bb9363fb,2026-09-30T19:48:42
ETTh1,336,Linear,MSE,251.189,"Σr² + λ·Σ_h w_hᵀPen w_h (tổng, không phạt bias)",,,0.4326382282666104,1.0633954543029431,0.7030990257914165,0.3823640524743436,0.4332114632720857,0.4340921000999614,0,True,0.03475659999821801,closed_form,,,,16,float64,NVIDIA GeForce RTX 5060 Ti,2.14.0+cu130,0c39bb9363fb,2026-09-30T19:48:43
ETTh1,336,Linear,MSE,398.107,"Σr² + λ·Σ_h w_hᵀPen w_h (tổng, không phạt bias)",,,0.43284909923310294,1.063332955303422,0.7030782906226034,0.3823447457171992,0.43309673998969034,0.4340526574904623,0,True,0.00849930000549648,closed_form,,,,16,float64,NVIDIA GeForce RTX 5060 Ti,2.14.0+cu130,0c39bb9363fb,2026-09-30T19:48:43
ETTh1,336,Linear,MSE,630.957,"Σr² + λ·Σ_h w_hᵀPen w_h (tổng, không phạt bias)",,,0.43317000416958706,1.0632575967447455,0.7030590404865021,0.3823231207565577,0.4329406929373876,0.43400902229627203,0,True,0.012667800001509022,closed_form,,,,16,float64,NVIDIA GeForce RTX 5060 Ti,2.14.0+cu130,0c39bb9363fb,2026-09-30T19:48:44
ETTh1,336,Linear,MSE,1000.0,"Σr² + λ·Σ_h w_hᵀPen w_h (tổng, không phạt bias)",,,0.43365088664048584,1.0631800695124123,0.7030523706951087,0.38230466454821255,0.4327411145403772,0.43397335890850836,0,True,0.008719599994947203,closed_form,,,,16,float64,NVIDIA GeForce RTX 5060 Ti,2.14.0+cu130,0c39bb9363fb,2026-09-30T19:48:44
ETTh1,336,Linear,MSE,1584.89,"Σr² + λ·Σ_h w_hᵀPen w_h (tổng, không phạt bias)",,,0.4343586990486581,1.0631229125349348,0.7030784736981057,0.38230004643124704,0.43250485941265215,0.43397013817963326,0,True,0.008125600004859734,closed_form,,,,16,float64,NVIDIA GeForce RTX 5060 Ti,2.14.0+cu130,0c39bb9363fb,2026-09-30T19:48:44
ETTh1,336,Linear,MSE,2511.89,"Σr² + λ·Σ_h w_hᵀPen w_h (tổng, không phạt bias)",,,0.4353806867346044,1.0631224780259592,0.7031679752929549,0.3823260402507235,0.4322512648291177,0.43403847661499856,0,True,0.008655099998577498,closed_form,,,,16,float64,NVIDIA GeForce RTX 5060 Ti,2.14.0+cu130,0c39bb9363fb,2026-09-30T19:48:45
ETTh1,336,Linear,MSE,3981.07,"Σr² + λ·Σ_h w_hᵀPen w_h (tổng, không phạt bias)",,,0.4368279854668649,1.0632294058849767,0.7033634024854332,0.38240574724561166,0.4320144612623984,0.4342303989128863,0,True,0.007623699995747302,closed_form,,,,16,float64,NVIDIA GeForce RTX 5060 Ti,2.14.0+cu130,0c39bb9363fb,2026-09-30T19:48:45
ETTh1,336,Linear,MSE,6309.57,"Σr² + λ·Σ_h w_hᵀPen w_h (tổng, không phạt bias)",,,0.43883979426908587,1.0635106691363039,0.7037202045309631,0.382569128314035,0.4318470292658842,0.4346151857296191,0,True,0.0792250000013155,closed_form,,,,16,float64,NVIDIA GeForce RTX 5060 Ti,2.14.0+cu130,0c39bb9363fb,2026-09-30T19:48:46
ETTh1,336,Linear,MSE,10000.0,"Σr² + λ·Σ_h w_hᵀPen w_h (tổng, không phạt bias)",,,0.44158737061298564,1.064057745319785,0.7043081133955988,0.38285524389718606,0.4318306732088087,0.4352789431460472,0,True,0.00806649999867659,closed_form,,,,16,float64,NVIDIA GeForce RTX 5060 Ti,2.14.0+cu130,0c39bb9363fb,2026-09-30T19:48:46
ETTh1,336,Linear,MSE,15848.9,"Σr² + λ·Σ_h w_hᵀPen w_h (tổng, không phạt bias)",,,0.4452775060332383,1.0650034318050452,0.7052149507365154,0.3833171280330248,0.43209907105994394,0.43632676435568746,0,True,0.009241600004315842,closed_form,,,,16,float64,NVIDIA GeForce RTX 5060 Ti,2.14.0+cu130,0c39bb9363fb,2026-09-30T19:48:47
ETTh1,336,Linear,MSE,25118.9,"Σr² + λ·Σ_h w_hᵀPen w_h (tổng, không phạt bias)",,,0.4501573106392292,1.0665426075989226,0.7065554423273784,0.38402769680541454,0.4328682817784551,0.4379124038788074,0,True,0.011478400003397837,closed_form,,,,16,float64,NVIDIA GeForce RTX 5060 Ti,2.14.0+cu130,0c39bb9363fb,2026-09-30T19:48:47
ETTh1,336,Linear,MSE,39810.7,"Σr² + λ·Σ_h w_hᵀPen w_h (tổng, không phạt bias)",,,0.4565265598814508,1.068948722191547,0.7084679513013425,0.38508352288074693,0.4344575939690675,0.4402291642460707,0,True,0.00756839999667136,closed_form,,,,16,float64,NVIDIA GeForce RTX 5060 Ti,2.14.0+cu130,0c39bb9363fb,2026-09-30T19:48:48
ETTh1,336,Linear,MSE,63095.7,"Σr² + λ·Σ_h w_hᵀPen w_h (tổng, không phạt bias)",,,0.46476546897185783,1.0725975252613036,0.711119744757431,0.38661016810210913,0.43729860433633067,0.44348049067014855,0,True,0.008187299994460773,closed_form,,,,16,float64,NVIDIA GeForce RTX 5060 Ti,2.14.0+cu130,0c39bb9363fb,2026-09-30T19:48:48
ETTh1,336,Linear,MSE,100000.0,"Σr² + λ·Σ_h w_hᵀPen w_h (tổng, không phạt bias)",,,0.4753669676104391,1.0780354196463073,0.7147130077750076,0.3887831017682284,0.44197319225202897,0.4478944562403726,0,True,0.010390800001914613,closed_form,,,,16,float64,NVIDIA GeForce RTX 5060 Ti,2.14.0+cu130,0c39bb9363fb,2026-09-30T19:48:48
ETTh1,336,DLinear,MSE,0.0,"Σr² + λ·Σ_h w_hᵀPen w_h (tổng, không phạt bias)",,25,0.4322595488821029,1.0635404269326776,0.7031562362906805,0.3824115342442743,0.43344729721092895,0.4341896172567285,0,True,0,closed_form,Linear,,,16,float64,NVIDIA GeForce RTX 5060 Ti,2.14.0+cu130,0c39bb9363fb,2026-09-30T19:48:48
ETTh1,336,DLinear,MSE,0.01,"Σr² + λ·Σ_h w_hᵀPen w_h (tổng, không phạt bias)",,25,0.4322595630683658,1.0635404178424432,0.703156232729625,0.3824115313338517,0.4334472866509047,0.4341896130425882,0,True,0.00903680000192253,closed_form,,,,16,float64,NVIDIA GeForce RTX 5060 Ti,2.14.0+cu130,0c39bb9363fb,2026-09-30T19:48:49
ETTh1,336,DLinear,MSE,0.0158489,"Σr² + λ·Σ_h w_hᵀPen w_h (tổng, không phạt bias)",,25,0.43225957136575255,1.0635404125257075,0.7031562306468186,0.3824115296315933,0.43344728047449815,0.4341896105777963,0,True,0.00847549999889452,closed_form,,,,16,float64,NVIDIA GeForce RTX 5060 Ti,2.14.0+cu130,0c39bb9363fb,2026-09-30T19:48:49
ETTh1,336,DLinear,MSE,0.0251189,"Σr² + λ·Σ_h w_hᵀPen w_h (tổng, không phạt bias)",,25,0.43225958451636654,1.063540404099219,0.7031562273457899,0.3824115269336895,0.4334472706854983,0.43418960667134,0,True,0.008025199997064192,closed_form,,,,16,float64,NVIDIA GeForce RTX 5060 Ti,2.14.0+cu130,0c39bb9363fb,2026-09-30T19:48:50
ETTh1,336,DLinear,MSE,0.0398107,"Σr² + λ·Σ_h w_hᵀPen w_h (tổng, không phạt bias)",,25,0.43225960535839486,1.063540390744475,0.7031562221141247,0.3824115226579178,0.4334472551713229,0.43418960048015487,0,True,0.014249399995605927,closed_form,,,,16,float64,NVIDIA GeForce RTX 5060 Ti,2.14.0+cu130,0c39bb9363fb,2026-09-30T19:48:50
ETTh1,336,DLinear,MSE,0.0630957,"Σr² + λ·Σ_h w_hᵀPen w_h (tổng, không phạt bias)",,25,0.43225963839071835,1.0635403695790615,0.7031562138227097,0.3824115158814356,0.43344723058338136,0.43418959066813395,0,True,0.012125300003390294,closed_form,,,,16,float64,NVIDIA GeForce RTX 5060 Ti,2.14.0+cu130,0c39bb9363fb,2026-09-30T19:48:51
ETTh1,336,DLinear,MSE,0.1,"Σr² + λ·Σ_h w_hᵀPen w_h (tổng, không phạt bias)",,25,0.4322596907431105,1.0635403360353146,0.703156200682094,0.3824115051418658,0.4334471916151582,0.4341895751191931,0,True,0.009698500005470123,closed_form,,,,16,float64,NVIDIA GeForce RTX 5060 Ti,2.14.0+cu130,0c39bb9363fb,2026-09-30T19:48:51
ETTh1,336,DLinear,MSE,0.158489,"Σr² + λ·Σ_h w_hᵀPen w_h (tổng, không phạt bias)",,25,0.4322597737145247,1.0635402828754865,0.7031561798569427,0.38241148812203013,0.43344712985785355,0.4341895504792224,0,True,0.0074251999976695515,closed_form,,,,16,float64,NVIDIA GeForce RTX 5060 Ti,2.14.0+cu130,0c39bb9363fb,2026-09-30T19:48:51
ETTh1,336,DLinear,MSE,0.251189,"Σr² + λ·Σ_h w_hᵀPen w_h (tổng, không phạt bias)",,25,0.4322599052145054,1.0635401986295179,0.7031561468543877,0.3824114611498944,0.43344703198483603,0.43418951143250306,0,True,0.008621799999673385,closed_form,,,,16,float64,NVIDIA GeForce RTX 5060 Ti,2.14.0+cu130,0c39bb9363fb,2026-09-30T19:48:52
ETTh1,336,DLinear,MSE,0.398107,"Σr² + λ·Σ_h w_hᵀPen w_h (tổng, không phạt bias)",,25,0.4322601136193185,1.0635400651295857,0.7031560945589588,0.3824114184095122,0.43344687688573014,0.43418944956191174,0,True,0.008482700002787169,closed_form,,,,16,float64,NVIDIA GeForce RTX 5060 Ti,2.14.0+cu130,0c39bb9363fb,2026-09-30T19:48:52
ETTh1,336,DLinear,MSE,0.630957,"Σr² + λ·Σ_h w_hᵀPen w_h (tổng, không phạt bias)",,25,0.43226044390369656,1.0635398535947596,0.7031560117089896,0.3824113506882254,0.4334466311134228,0.4341893515350434,0,True,0.0072968999957083724,closed_form,,,,16,float64,NVIDIA GeForce RTX 5060 Ti,2.14.0+cu130,0c39bb9363fb,2026-09-30T19:48:53
ETTh1,336,DLinear,MSE,1.0,"Σr² + λ·Σ_h w_hᵀPen w_h (tổng, không phạt bias)",,25,0.4322609673300343,1.063539518456886,0.7031558804735775,0.3824112434018445,0.4334462417001556,0.4341891962650265,0,True,0.008372399999643676,closed_form,,,,16,float64,NVIDIA GeForce RTX 5060 Ti,2.14.0+cu130,0c39bb9363fb,2026-09-30T19:48:53
ETTh1,336,DLinear,MSE,1.58489,"Σr² + λ·Σ_h w_hᵀPen w_h (tổng, không phạt bias)",,25,0.43226179679913157,1.0635389876107544,0.7031556726466964,0.3824110734779349,0.4334456248023851,0.43418895039941546,0,True,0.008403200001339428,closed_form,,,,16,float64,NVIDIA GeForce RTX 5060 Ti,2.14.0+cu130,0c39bb9363fb,2026-09-30T19:48:54
ETTh1,336,DLinear,MSE,2.51189,"Σr² + λ·Σ_h w_hᵀPen w_h (tổng, không phạt bias)",,25,0.432263111183701,1.06353814703886,0.7031553436398482,0.38241080444538983,0.4334446477671627,0.43418856129800953,0,True,0.029293599996890407,closed_form,,,,16,float64,NVIDIA GeForce RTX 5060 Ti,2.14.0+cu130,0c39bb9363fb,2026-09-30T19:48:54
ETTh1,336,DLinear,MSE,3.98107,"Σr² + λ·Σ_h w_hᵀPen w_h (tổng, không phạt bias)",,25,0.43226519368760763,1.0635368167752488,0.7031548232395964,0.38241037876947714,0.4334431010284697,0.4341879458326123,0,True,0.03768880000279751,closed_form,,,,16,float64,NVIDIA GeForce RTX 5060 Ti,2.14.0+cu130,0c39bb9363fb,2026-09-30T19:48:55
ETTh1,336,DLinear,MSE,6.30957,"Σr² + λ·Σ_h w_hᵀPen w_h (tổng, không phạt bias)",,25,0.43226849265710743,1.0635347132981274,0.7031540009529217,0.38240970588784867,0.43344065396655784,0.43418697360420516,0,True,0.010572899998805951,closed_form,,,,16,float64,NVIDIA GeForce RTX 5060 Ti,2.14.0+cu130,0c39bb9363fb,2026-09-30T19:48:55
ETTh1,336,DLinear,MSE,10.0,"Σr² + λ·Σ_h w_hᵀPen w_h (tổng, không phạt bias)",,25,0.43227371720712776,1.063531391641523,0.7031527042563361,0.3824086438676773,0.4334367865330437,0.43418544088977024,0,True,0.009239200000592973,closed_form,,,,16,float64,NVIDIA GeForce RTX 5060 Ti,2.14.0+cu130,0c39bb9363fb,2026-09-30T19:48:55
ETTh1,336,DLinear,MSE,15.8489,"Σr² + λ·Σ_h w_hᵀPen w_h (tổng, không phạt bias)",,25,0.4322819875723325,1.0635261574555444,0.7031506652573183,0.38240697172429655,0.4334306843018669,0.4341830327586151,0,True,0.01034609999624081,closed_form,,,,16,float64,NVIDIA GeForce RTX 5060 Ti,2.14.0+cu130,0c39bb9363fb,2026-09-30T19:48:56
ETTh1,336,DLinear,MSE,25.1189,"Σr² + λ·Σ_h w_hᵀPen w_h (tổng, không phạt bias)",,25,0.43229507060132105,1.063517936805,0.70314747367238,0.38240434890297786,0.4334210803592749,0.4341792664012655,0,True,0.009153300001344178,closed_form,,,,16,float64,NVIDIA GeForce RTX 5060 Ti,2.14.0+cu130,0c39bb9363fb,2026-09-30T19:48:56
ETTh1,336,DLinear,MSE,39.8107,"Σr² + λ·Σ_h w_hᵀPen w_h (tổng, không phạt bias)",,25,0.4323157440071796,1.0635050931540186,0.7031425125678527,0.3824002595246077,0.4334060260734467,0.4341734186208021,0,True,0.008232100000896025,closed_form,,,,16,float64,NVIDIA GeForce RTX 5060 Ti,2.14.0+cu130,0c39bb9363fb,2026-09-30T19:48:57
ETTh1,336,DLinear,MSE,63.0957,"Σr² + λ·Σ_h w_hᵀPen w_h (tổng, không phạt bias)",,25,0.43234835721822373,1.063485188576795,0.7031348795603669,0.38239394272399146,0.43338257417061377,0.4341644470310085,0,True,0.009076200003619306,closed_form,,,,16,float64,NVIDIA GeForce RTX 5060 Ti,2.14.0+cu130,0c39bb9363fb,2026-09-30T19:48:57
ETTh1,336,DLinear,MSE,100.0,"Σr² + λ·Σ_h w_hᵀPen w_h (tổng, không phạt bias)",,25,0.43239967398009804,1.0634547245390695,0.7031233408961892,0.3823843254399944,0.43334638655502183,0.4341509723444286,0,True,0.008902499997930136,closed_form,,,,16,float64,NVIDIA GeForce RTX 5060 Ti,2.14.0+cu130,0c39bb9363fb,2026-09-30T19:48:58
ETTh1,336,DLinear,MSE,158.489,"Σr² + λ·Σ_h w_hᵀPen w_h (tổng, không phạt bias)",,25,0.43248010883837834,1.0634089763172023,0.7031063653743582,0.3823700045558844,0.43329134203394437,0.4341312867538872,0,True,0.010498600000573788,closed_form,,,,16,float64,NVIDIA GeForce RTX 5060 Ti,2.14.0+cu130,0c39bb9363fb,2026-09-30T19:48:58
ETTh1,336,DLinear,MSE,251.189,"Σr² + λ·Σ_h w_hᵀPen w_h (tổng, không phạt bias)",,25,0.43260547589385273,1.0633421874733149,0.703082471050461,0.3823493826158664,0.4332093538604049,0.43410390241748775,0,True,0.013009800000872929,closed_form,,,,16,float64,NVIDIA GeForce RTX 5060 Ti,2.14.0+cu130,0c39bb9363fb,2026-09-30T19:48:58
ETTh1,336,DLinear,MSE,398.107,"Σr² + λ·Σ_h w_hᵀPen w_h (tổng, không phạt bias)",,25,0.43279932191445025,1.063248593424368,0.7030510559118012,0.3823211354347372,0.43309080993065174,0.4340685192850092,0,True,0.006670199996733572,closed_form,,,,16,float64,NVIDIA GeForce RTX 5060 Ti,2.14.0+cu130,0c39bb9363fb,2026-09-30T19:48:59
ETTh1,336,DLinear,MSE,630.957,"Σr² + λ·Σ_h w_hᵀPen w_h (tổng, không phạt bias)",,25,0.43309588435219554,1.0631247871198248,0.7030141217873337,0.38228520370810143,0.43292613971129457,0.434028381430998,0,True,0.007573499999125488,closed_form,,,,16,float64,NVIDIA GeForce RTX 5060 Ti,2.14.0+cu130,0c39bb9363fb,2026-09-30T19:48:59
ETTh1,336,DLinear,MSE,1000.0,"Σr² + λ·Σ_h w_hᵀPen w_h (tổng, không phạt bias)",,25,0.4335435739138036,1.0629736277479842,0.7029785468685588,0.3822443762568042,0.432708830147609,0.4339930800711273,0,True,0.01798179999605054,closed_form,,,,16,float64,NVIDIA GeForce RTX 5060 Ti,2.14.0+cu130,0c39bb9363fb,2026-09-30T19:49:00
ETTh1,336,DLinear,MSE,1584.89,"Σr² + λ·Σ_h w_hᵀPen w_h (tổng, không phạt bias)",,25,0.43420891278982643,1.0628091436139473,0.7029598669378405,0.3822062501471344,0.4324395304582117,0.433982885638822,0,True,0.007168999996792991,closed_form,,,,16,float64,NVIDIA GeForce RTX 5060 Ti,2.14.0+cu130,0c39bb9363fb,2026-09-30T19:49:00
ETTh1,336,DLinear,MSE,2511.89,"Σr² + λ·Σ_h w_hᵀPen w_h (tổng, không phạt bias)",,25,0.43518086339011525,1.0626616315131596,0.7029851841175375,0.38218523598955473,0.4321304399632074,0.4340315784405412,0,True,0.006634400000621099,closed_form,,,,16,float64,NVIDIA GeForce RTX 5060 Ti,2.14.0+cu130,0c39bb9363fb,2026-09-30T19:49:01
ETTh1,336,DLinear,MSE,3981.07,"Σr² + λ·Σ_h w_hᵀPen w_h (tổng, không phạt bias)",,25,0.4365751983223112,1.0625831182730325,0.703096385672771,0.3822045855583044,0.43180993496442427,0.4341873060331046,0,True,0.010151800001040101,closed_form,,,,16,float64,NVIDIA GeForce RTX 5060 Ti,2.14.0+cu130,0c39bb9363fb,2026-09-30T19:49:01
ETTh1,336,DLinear,MSE,6309.57,"Σr² + λ·Σ_h w_hᵀPen w_h (tổng, không phạt bias)",,25,0.4385384918764261,1.0626547188007842,0.7033552667842254,0.3822988470926552,0.4315295955313286,0.43451629726535146,0,True,0.00929290000203764,closed_form,,,,16,float64,NVIDIA GeForce RTX 5060 Ti,2.14.0+cu130,0c39bb9363fb,2026-09-30T19:49:02
ETTh1,336,DLinear,MSE,10000.0,"Σr² + λ·Σ_h w_hᵀPen w_h (tổng, không phạt bias)",,25,0.4412504605737239,1.0629979849379971,0.7038457668268066,0.3825173026000492,0.4313791369851573,0.4351047519419869,0,True,0.011151899998367298,closed_form,,,,16,float64,NVIDIA GeForce RTX 5060 Ti,2.14.0+cu130,0c39bb9363fb,2026-09-30T19:49:02
ETTh1,336,DLinear,MSE,15848.9,"Σr² + λ·Σ_h w_hᵀPen w_h (tổng, không phạt bias)",,25,0.44492422788071817,1.063789446592883,0.7046785821293337,0.38292807495401565,0.43151353302891726,0.4360710832336488,0,True,0.017953800001123454,closed_form,,,,16,float64,NVIDIA GeForce RTX 5060 Ti,2.14.0+cu130,0c39bb9363fb,2026-09-30T19:49:02
ETTh1,336,DLinear,MSE,25118.9,"Σr² + λ·Σ_h w_hᵀPen w_h (tổng, không phạt bias)",,25,0.4498071826575419,1.0652701043224344,0.7059943481237593,0.38362000227384946,0.4321834750015912,0.4375863035647761,0,True,0.00945079999655718,closed_form,,,,16,float64,NVIDIA GeForce RTX 5060 Ti,2.14.0+cu130,0c39bb9363fb,2026-09-30T19:49:03
ETTh1,336,DLinear,MSE,39810.7,"Σr² + λ·Σ_h w_hᵀPen w_h (tổng, không phạt bias)",,25,0.45619057108217614,1.067742619449494,0.7079479476652919,0.38469963971877624,0.4337479740176691,0.43987112798713984,0,True,0.007650000006833579,closed_form,,,,16,float64,NVIDIA GeForce RTX 5060 Ti,2.14.0+cu130,0c39bb9363fb,2026-09-30T19:49:03
ETTh1,336,DLinear,MSE,63095.7,"Σr² + λ·Σ_h w_hᵀPen w_h (tổng, không phạt bias)",,25,0.4644369081380775,1.071577621152807,0.710700898458191,0.3862911071793577,0.43667092331173896,0.44315802952444266,0,True,0.006427099993743468,closed_form,,,,16,float64,NVIDIA GeForce RTX 5060 Ti,2.14.0+cu130,0c39bb9363fb,2026-09-30T19:49:04
ETTh1,336,DLinear,MSE,100000.0,"Σr² + λ·Σ_h w_hᵀPen w_h (tổng, không phạt bias)",,25,0.47501310805145236,1.0772738481252513,0.7144386982925203,0.3885539965483421,0.4415447368282923,0.447689550280684,0,True,0.008302099995489698,closed_form,,,,16,float64,NVIDIA GeForce RTX 5060 Ti,2.14.0+cu130,0c39bb9363fb,2026-09-30T19:49:04
ETTh1,336,NLinear,MSE,0.0,"Σr² + λ·Σ_h w_hᵀPen w_h (tổng, không phạt bias)",,,0.4481980926713549,1.156086263849165,0.7290440045564803,0.40662129655735246,0.4276853016903783,0.42616289080667286,0,True,0.2270250000001397,closed_form,,,,16,float64,NVIDIA GeForce RTX 5060 Ti,2.14.0+cu130,0c39bb9363fb,2026-09-30T19:49:05
ETTh1,336,NLinear,MSE,0.01,"Σr² + λ·Σ_h w_hᵀPen w_h (tổng, không phạt bias)",,,0.4481981054530409,1.1560862542602597,0.7290440011303476,0.40662129366517646,0.4276852921755408,0.42616288704980615,0,True,0.008758099997066893,closed_form,,,,16,float64,NVIDIA GeForce RTX 5060 Ti,2.14.0+cu130,0c39bb9363fb,2026-09-30T19:49:05
ETTh1,336,NLinear,MSE,0.0158489,"Σr² + λ·Σ_h w_hᵀPen w_h (tổng, không phạt bias)",,,0.44819811292890527,1.1560862486518535,0.729043999126497,0.40662129197358926,0.4276852866104523,0.42616288485246906,0,True,0.008012699996470474,closed_form,,,,16,float64,NVIDIA GeForce RTX 5060 Ti,2.14.0+cu130,0c39bb9363fb,2026-09-30T19:49:06
ETTh1,336,NLinear,MSE,0.0251189,"Σr² + λ·Σ_h w_hᵀPen w_h (tổng, không phạt bias)",,,0.4481981247774789,1.1560862397630896,0.7290439959506007,0.40662128929259633,0.4276852777903365,0.4261628813699058,0,True,0.008256100001744926,closed_form,,,,16,float64,NVIDIA GeForce RTX 5060 Ti,2.14.0+cu130,0c39bb9363fb,2026-09-30T19:49:06
ETTh1,336,NLinear,MSE,0.0398107,"Σr² + λ·Σ_h w_hᵀPen w_h (tổng, không phạt bias)",,,0.44819814355593735,1.1560862256756872,0.7290439909172517,0.40662128504362177,0.4276852638117173,0.42616287585064694,0,True,0.007821399995009415,closed_form,,,,16,float64,NVIDIA GeForce RTX 5060 Ti,2.14.0+cu130,0c39bb9363fb,2026-09-30T19:49:07
ETTh1,336,NLinear,MSE,0.0630957,"Σr² + λ·Σ_h w_hᵀPen w_h (tổng, không phạt bias)",,,0.4481981733177204,1.156086203349062,0.7290439829400401,0.40662127830959893,0.42768524165746297,0.4261628671034382,0,True,0.01399229999515228,closed_form,,,,16,float64,NVIDIA GeForce RTX 5060 Ti,2.14.0+cu130,0c39bb9363fb,2026-09-30T19:49:07
ETTh1,336,NLinear,MSE,0.1,"Σr² + λ·Σ_h w_hᵀPen w_h (tổng, không phạt bias)",,,0.4481982204866642,1.156086167964858,0.7290439702975436,0.40662126763729384,0.42768520654635,0.42616285324085446,0,True,0.009941099997377023,closed_form,,,,16,float64,NVIDIA GeForce RTX 5060 Ti,2.14.0+cu130,0c39bb9363fb,2026-09-30T19:49:07
ETTh1,336,NLinear,MSE,0.158489,"Σr² + λ·Σ_h w_hᵀPen w_h (tổng, không phạt bias)",,,0.4481982952429627,1.1560861118879762,0.7290439502621865,0.4066212507239925,0.4276851509020367,0.4261628312719594,0,True,0.02517959999386221,closed_form,,,,16,float64,NVIDIA GeForce RTX 5060 Ti,2.14.0+cu130,0c39bb9363fb,2026-09-30T19:49:08
ETTh1,336,NLinear,MSE,0.251189,"Σr² + λ·Σ_h w_hᵀPen w_h (tổng, không phạt bias)",,,0.44819841372280644,1.1560860230183674,0.729043918512191,0.4066212239205228,0.42768506271738704,0.42616279645890054,0,True,0.025267200006055646,closed_form,,,,16,float64,NVIDIA GeForce RTX 5060 Ti,2.14.0+cu130,0c39bb9363fb,2026-09-30T19:49:08
ETTh1,336,NLinear,MSE,0.398107,"Σr² + λ·Σ_h w_hᵀPen w_h (tổng, không phạt bias)",,,0.44819860149259355,1.1560858821896278,0.7290438681998476,0.40662118144699905,0.4276849229726552,0.4261627412962752,0,True,0.03645959999994375,closed_form,,,,16,float64,NVIDIA GeForce RTX 5060 Ti,2.14.0+cu130,0c39bb9363fb,2026-09-30T19:49:09
ETTh1,336,NLinear,MSE,0.630957,"Σr² + λ·Σ_h w_hᵀPen w_h (tổng, không phạt bias)",,,0.4481988990732602,1.1560856590371038,0.7290437884853084,0.40662111414750884,0.4276847015342362,0.42616265390969726,0,True,0.027271300001302734,closed_form,,,,16,float64,NVIDIA GeForce RTX 5060 Ti,2.14.0+cu130,0c39bb9363fb,2026-09-30T19:49:09
ETTh1,336,NLinear,MSE,1.0,"Σr² + λ·Σ_h w_hᵀPen w_h (tổng, không phạt bias)",,,0.44819937066936366,1.1560853054806424,0.7290436622051925,0.4066210075267539,0.4276843506845747,0.4261625155132556,0,True,0.009288799999922048,closed_form,,,,16,float64,NVIDIA GeForce RTX 5060 Ti,2.14.0+cu130,0c39bb9363fb,2026-09-30T19:49:10
ETTh1,336,NLinear,MSE,1.58489,"Σr² + λ·Σ_h w_hᵀPen w_h (tổng, không phạt bias)",,,0.44820011799797527,1.1560847454287801,0.729043462218867,0.4066208386505592,0.4276837948978927,0.4261622963829369,0,True,0.017211200000019744,closed_form,,,,16,float64,NVIDIA GeForce RTX 5060 Ti,2.14.0+cu130,0c39bb9363fb,2026-09-30T19:49:10
ETTh1,336,NLinear,MSE,2.51189,"Σr² + λ·Σ_h w_hᵀPen w_h (tổng, không phạt bias)",,,0.4482013022079728,1.156083858532141,0.7290431456272911,0.4066205712604262,0.4276829146990774,0.42616194965986226,0,True,0.010933800003840588,closed_form,,,,16,float64,NVIDIA GeForce RTX 5060 Ti,2.14.0+cu130,0c39bb9363fb,2026-09-30T19:49:11
ETTh1,336,NLinear,MSE,3.98107,"Σr² + λ·Σ_h w_hᵀPen w_h (tổng, không phạt bias)",,,0.44820317842890506,1.1560824547587976,0.729042644745682,0.40662014814208136,0.4276815213854408,0.42616140146941106,0,True,0.007794700002705213,closed_form,,,,16,float64,NVIDIA GeForce RTX 5060 Ti,2.14.0+cu130,0c39bb9363fb,2026-09-30T19:49:11
ETTh1,336,NLinear,MSE,6.30957,"Σr² + λ·Σ_h w_hᵀPen w_h (tổng, không phạt bias)",,,0.4482061505301792,1.1560802345488885,0.7290418530413959,0.40661947920006064,0.4276793173645182,0.42616053576551477,0,True,0.0086518000025535,closed_form,,,,16,float64,NVIDIA GeForce RTX 5060 Ti,2.14.0+cu130,0c39bb9363fb,2026-09-30T19:49:11
ETTh1,336,NLinear,MSE,10.0,"Σr² + λ·Σ_h w_hᵀPen w_h (tổng, không phạt bias)",,,0.44821085720159326,1.156076727314155,0.7290406043459198,0.40661842313893065,0.42767583481967725,0.4261591714344926,0,True,0.014798899996094406,closed_form,,,,16,float64,NVIDIA GeForce RTX 5060 Ti,2.14.0+cu130,0c39bb9363fb,2026-09-30T19:49:12
ETTh1,336,NLinear,MSE,15.8489,"Σr² + λ·Σ_h w_hᵀPen w_h (tổng, không phạt bias)",,,0.44821830722437733,1.1560711975889784,0.7290386406711907,0.40661675972927025,0.4276703418255901,0.42615702870154887,0,True,0.008586500000092201,closed_form,,,,16,float64,NVIDIA GeForce RTX 5060 Ti,2.14.0+cu130,0c39bb9363fb,2026-09-30T19:49:12
ETTh1,336,NLinear,MSE,25.1189,"Σr² + λ·Σ_h w_hᵀPen w_h (tổng, không phạt bias)",,,0.4482300911687719,1.1560625050046915,0.7290355664860056,0.40661414898292914,0.42766170155414734,0.42615368096684386,0,True,0.009178499996778555,closed_form,,,,16,float64,NVIDIA GeForce RTX 5060 Ti,2.14.0+cu130,0c39bb9363fb,2026-09-30T19:49:13
ETTh1,336,NLinear,MSE,39.8107,"Σr² + λ·Σ_h w_hᵀPen w_h (tổng, không phạt bias)",,,0.44824870839936093,1.1560489046714162,0.729030783793761,0.406610074373379,0.4276481697852675,0.4261484927287925,0,True,0.012369600000965875,closed_form,,,,16,float64,NVIDIA GeForce RTX 5060 Ti,2.14.0+cu130,0c39bb9363fb,2026-09-30T19:49:13
ETTh1,336,NLinear,MSE,63.0957,"Σr² + λ·Σ_h w_hᵀPen w_h (tổng, không phạt bias)",,,0.4482780695273605,1.1560277794482905,0.7290234276125112,0.40660377027739847,0.42762711902902195,0.42614055831232717,0,True,0.011698800000885967,closed_form,,,,16,float64,NVIDIA GeForce RTX 5060 Ti,2.14.0+cu130,0c39bb9363fb,2026-09-30T19:49:14
ETTh1,336,NLinear,MSE,100.0,"Σr² + λ·Σ_h w_hᵀPen w_h (tổng, không phạt bias)",,,0.44832424875368976,1.1559953291131788,0.7290122837404508,0.40659414726058635,0.427594707596008,0.4261286729546642,0,True,0.03349989999696845,closed_form,,,,16,float64,NVIDIA GeForce RTX 5060 Ti,2.14.0+cu130,0c39bb9363fb,2026-09-30T19:49:14
ETTh1,336,NLinear,MSE,158.489,"Σr² + λ·Σ_h w_hᵀPen w_h (tổng, không phạt bias)",,,0.44839658213203437,1.1559463102578658,0.7289958208555074,0.40657975599523866,0.4275455758228794,0.42611144249039495,0,True,0.009269200003473088,closed_form,,,,16,float64,NVIDIA GeForce RTX 5060 Ti,2.14.0+cu130,0c39bb9363fb,2026-09-30T19:49:15
ETTh1,336,NLinear,MSE,251.189,"Σr² + λ·Σ_h w_hᵀPen w_h (tổng, không phạt bias)",,,0.44850920830855956,1.155874055041534,0.728972457999248,0.40655888132321355,0.4274727841126313,0.4260877676547962,0,True,0.011151799997605849,closed_form,,,,16,float64,NVIDIA GeForce RTX 5060 Ti,2.14.0+cu130,0c39bb9363fb,2026-09-30T19:49:15
ETTh1,336,NLinear,MSE,398.107,"Σr² + λ·Σ_h w_hᵀPen w_h (tổng, không phạt bias)",,,0.44868309893523894,1.1557711695544157,0.7289413044517339,0.4065299205944518,0.42736839841627,0.4260579146678286,0,True,0.026468099997146055,closed_form,,,,16,float64,NVIDIA GeForce RTX 5060 Ti,2.14.0+cu130,0c39bb9363fb,2026-09-30T19:49:15
ETTh1,336,NLinear,MSE,630.957,"Σr² + λ·Σ_h w_hᵀPen w_h (tổng, không phạt bias)",,,0.4489485910916245,1.1556313083381902,0.7289035295043944,0.4064921980279298,0.42722519452533786,0.4260257924936294,0,True,0.011887400003615767,closed_form,,,,16,float64,NVIDIA GeForce RTX 5060 Ti,2.14.0+cu130,0c39bb9363fb,2026-09-30T19:49:16
ETTh1,336,NLinear,MSE,1000.0,"Σr² + λ·Σ_h w_hᵀPen w_h (tổng, không phạt bias)",,,0.44934831552732846,1.1554520549817406,0.7288645707790118,0.4064472247126219,0.4270397119523519,0.42600208334635853,0,True,0.015846100002818275,closed_form,,,,16,float64,NVIDIA GeForce RTX 5060 Ti,2.14.0+cu130,0c39bb9363fb,2026-09-30T19:49:16
ETTh1,336,NLinear,MSE,1584.89,"Σr² + λ·Σ_h w_hᵀPen w_h (tổng, không phạt bias)",,,0.449940486978243,1.1552381491269044,0.7288365472545514,0.4064001205795802,0.42681614837402326,0.42600760808000143,0,True,0.008648800001537893,closed_form,,,,16,float64,NVIDIA GeForce RTX 5060 Ti,2.14.0+cu130,0c39bb9363fb,2026-09-30T19:49:17
ETTh1,336,NLinear,MSE,2511.89,"Σr² + λ·Σ_h w_hᵀPen w_h (tổng, không phạt bias)",,,0.45080261151062456,1.1550041112582174,0.7288406940231212,0.40636083847258125,0.4265701438839639,0.42607636395740944,0,True,0.007453099999111146,closed_form,,,,16,float64,NVIDIA GeForce RTX 5060 Ti,2.14.0+cu130,0c39bb9363fb,2026-09-30T19:49:17
ETTh1,336,NLinear,MSE,3981.07,"Σr² + λ·Σ_h w_hᵀPen w_h (tổng, không phạt bias)",,,0.4520354976120667,1.1547765410523407,0.7289082835226305,0.40634523806346057,0.42633235033850536,0.4262554569171617,0,True,0.009628600004361942,closed_form,,,,16,float64,NVIDIA GeForce RTX 5060 Ti,2.14.0+cu130,0c39bb9363fb,2026-09-30T19:49:18
ETTh1,336,NLinear,MSE,6309.57,"Σr² + λ·Σ_h w_hᵀPen w_h (tổng, không phạt bias)",,,0.4537674095436644,1.154598137995556,0.7290829398659628,0.4063766404964551,0.42615379909002093,0.4266057447115086,0,True,0.033005599994794466,closed_form,,,,16,float64,NVIDIA GeForce RTX 5060 Ti,2.14.0+cu130,0c39bb9363fb,2026-09-30T19:49:18
ETTh1,336,NLinear,MSE,10000.0,"Σr² + λ·Σ_h w_hᵀPen w_h (tổng, không phạt bias)",,,0.4561573577175177,1.1545367777227014,0.7294230825055577,0.4064888887232921,0.42611796202756735,0.42720700984252535,0,True,0.017150100000435486,closed_form,,,,16,float64,NVIDIA GeForce RTX 5060 Ti,2.14.0+cu130,0c39bb9363fb,2026-09-30T19:49:19
ETTh1,336,NLinear,MSE,15848.9,"Σr² + λ·Σ_h w_hᵀPen w_h (tổng, không phạt bias)",,,0.45939705827744093,1.1547014077953768,0.7300131288694185,0.4067313374830917,0.4263641830238407,0.42816335197292327,0,True,0.03206289999798173,closed_form,,,,16,float64,NVIDIA GeForce RTX 5060 Ti,2.14.0+cu130,0c39bb9363fb,2026-09-30T19:49:19
ETTh1,336,NLinear,MSE,25118.9,"Σr² + λ·Σ_h w_hᵀPen w_h (tổng, không phạt bias)",,,0.4637134576283508,1.1552603173470202,0.7309651776560845,0.40717415473861357,0.4271175505942649,0.42962055824461604,0,True,0.043633900000713766,closed_form,,,,16,float64,NVIDIA GeForce RTX 5060 Ti,2.14.0+cu130,0c39bb9363fb,2026-09-30T19:49:19
ETTh1,336,NLinear,MSE,39810.7,"Σr² + λ·Σ_h w_hᵀPen w_h (tổng, không phạt bias)",,,0.4693783958701391,1.1564554248271055,0.7324228291681605,0.40791152895554605,0.4287071828605869,0.431762249456209,0,True,0.009928799998306204,closed_form,,,,16,float64,NVIDIA GeForce RTX 5060 Ti,2.14.0+cu130,0c39bb9363fb,2026-09-30T19:49:20
ETTh1,336,NLinear,MSE,63095.7,"Σr² + λ·Σ_h w_hᵀPen w_h (tổng, không phạt bias)",,,0.4767337838449284,1.1586279254911536,0.7345589361325039,0.40906799736057964,0.4315688867925046,0.4347799047063519,0,True,0.006934900004125666,closed_form,,,,16,float64,NVIDIA GeForce RTX 5060 Ti,2.14.0+cu130,0c39bb9363fb,2026-09-30T19:49:20
ETTh1,336,NLinear,MSE,100000.0,"Σr² + λ·Σ_h w_hᵀPen w_h (tổng, không phạt bias)",,,0.4862229897814707,1.1622988826879794,0.7375857533073958,0.41082252920772827,0.436271036644308,0.4388720596269104,0,True,0.008766999999352265,closed_form,,,,16,float64,NVIDIA GeForce RTX 5060 Ti,2.14.0+cu130,0c39bb9363fb,2026-09-30T19:49:21
ETTh1,336,Linear,MAE,0.0,"Σ|r| + λ·Σ_h w_hᵀPen w_h (irls δ = 1e-6, tổng, không phạt bias)",1e-06,,0.45474001871565134,1.121815886886391,0.7156794121939674,0.3961309324348542,0.43718248439615376,0.4282961083157433,474,True,256.4304267999978,ols,,3e-11,1,16,float32,NVIDIA GeForce RTX 5060 Ti,2.14.0+cu130,0c39bb9363fb,2026-09-30T20:03:32
ETTh1,336,Linear,MAE,1.0,"Σ|r| + λ·Σ_h w_hᵀPen w_h (irls δ = 1e-6, tổng, không phạt bias)",1e-06,,0.4547419084612587,1.1218159462384916,0.7156794239756112,0.3961309456849665,0.4371824818253167,0.42829610034007914,1,True,0.5967079999973066,warm,,1e-10,1,16,float32,NVIDIA GeForce RTX 5060 Ti,2.14.0+cu130,0c39bb9363fb,2026-09-30T20:03:33
ETTh1,336,Linear,MAE,3.0,"Σ|r| + λ·Σ_h w_hᵀPen w_h (irls δ = 1e-6, tổng, không phạt bias)",1e-06,,0.45474568793489706,1.1218159707820532,0.7156794259117387,0.39613094993179016,0.4371824386404305,0.4282960750697183,1,True,0.5965285999991465,warm,,1e-10,1,16,float32,NVIDIA GeForce RTX 5060 Ti,2.14.0+cu130,0c39bb9363fb,2026-09-30T20:03:34
ETTh1,336,Linear,MAE,10.0,"Σ|r| + λ·Σ_h w_hᵀPen w_h (irls δ = 1e-6, tổng, không phạt bias)",1e-06,,0.4547588840536589,1.121810925523325,0.7156769855520428,0.3961292304923055,0.43716267873850373,0.42828607951608166,197,True,107.50304940000206,warm,,1e-10,1,16,float32,NVIDIA GeForce RTX 5060 Ti,2.14.0+cu130,0c39bb9363fb,2026-09-30T20:05:23
ETTh1,336,Linear,MAE,30.0,"Σ|r| + λ·Σ_h w_hᵀPen w_h (irls δ = 1e-6, tổng, không phạt bias)",1e-06,,0.4547963743925628,1.121748916601008,0.7156575758997161,0.39611239599222897,0.4370965829378121,0.42825653791721385,267,True,148.0331029000008,warm,,1e-10,1,16,float32,NVIDIA GeForce RTX 5060 Ti,2.14.0+cu130,0c39bb9363fb,2026-09-30T20:07:51
ETTh1,336,Linear,MAE,100.0,"Σ|r| + λ·Σ_h w_hᵀPen w_h (irls δ = 1e-6, tổng, không phạt bias)",1e-06,,0.4549252837731941,1.121558837447604,0.715605509068632,0.39606375213085737,0.43688066148039195,0.42816487254659724,260,True,145.19884649999585,warm,,1e-10,1,16,float32,NVIDIA GeForce RTX 5060 Ti,2.14.0+cu130,0c39bb9363fb,2026-09-30T20:10:17
ETTh1,336,Linear,MAE,300.0,"Σ|r| + λ·Σ_h w_hᵀPen w_h (irls δ = 1e-6, tổng, không phạt bias)",1e-06,,0.45527587600176084,1.121061718356291,0.7154846650929851,0.39594388023984267,0.4363403794062904,0.42795468538876064,203,True,114.12087660000543,warm,,1e-10,1,16,float32,NVIDIA GeForce RTX 5060 Ti,2.14.0+cu130,0c39bb9363fb,2026-09-30T20:12:12
ETTh1,336,Linear,MAE,1000.0,"Σ|r| + λ·Σ_h w_hᵀPen w_h (irls δ = 1e-6, tổng, không phạt bias)",1e-06,,0.45635747077622,1.1199013986308297,0.7152914960040131,0.3956978276907411,0.4349747600904302,0.42753734297043117,152,True,85.91671700000006,warm,,1e-10,1,16,float32,NVIDIA GeForce RTX 5060 Ti,2.14.0+cu130,0c39bb9363fb,2026-09-30T20:13:39
ETTh1,336,Linear,MAE,3000.0,"Σ|r| + λ·Σ_h w_hᵀPen w_h (irls δ = 1e-6, tổng, không phạt bias)",1e-06,,0.45879682706850583,1.1181416831559075,0.7153030423721545,0.3954467325016491,0.4327466387482861,0.4272852855408487,125,True,72.1160125000024,warm,,1e-10,1,16,float32,NVIDIA GeForce RTX 5060 Ti,2.14.0+cu130,0c39bb9363fb,2026-09-30T20:14:52
ETTh1,336,Linear,MAE,10000.0,"Σ|r| + λ·Σ_h w_hᵀPen w_h (irls δ = 1e-6, tổng, không phạt bias)",1e-06,,0.4646260617486399,1.1158109628433905,0.7164131539982076,0.3955553003615116,0.4299026412083695,0.42832703025040253,108,True,61.84509629999957,warm,,1e-10,1,16,float32,NVIDIA GeForce RTX 5060 Ti,2.14.0+cu130,0c39bb9363fb,2026-09-30T20:15:54
ETTh1,336,Linear,MAE,30000.0,"Σ|r| + λ·Σ_h w_hᵀPen w_h (irls δ = 1e-6, tổng, không phạt bias)",1e-06,,0.4749202915229253,1.11490535603648,0.7196486970794576,0.39671593621870227,0.43015943825128033,0.43280233511866095,99,True,54.89125889999559,warm,,1e-10,1,16,float32,NVIDIA GeForce RTX 5060 Ti,2.14.0+cu130,0c39bb9363fb,2026-09-30T20:16:50
ETTh1,336,Linear,MAE,90000.0,"Σ|r| + λ·Σ_h w_hᵀPen w_h (irls δ = 1e-6, tổng, không phạt bias)",1e-06,,0.49302936347803317,1.1192802375721949,0.7269623009341272,0.400294963692551,0.44061397223195,0.44460530050478214,92,True,52.38736269999936,warm,,1e-10,1,16,float32,NVIDIA GeForce RTX 5060 Ti,2.14.0+cu130,0c39bb9363fb,2026-09-30T20:17:43
ETTh1,336,DLinear,MAE,0.0,"Σ|r| + λ·Σ_h w_hᵀPen w_h (irls δ = 1e-6, tổng, không phạt bias)",1e-06,25,0.45474001871565134,1.121815886886391,0.7156794121939674,0.3961309324348542,0.43718248439615376,0.4282961083157433,474,True,0,ols,Linear,3e-11,1,16,float32,NVIDIA GeForce RTX 5060 Ti,2.14.0+cu130,0c39bb9363fb,2026-09-30T20:17:43
ETTh1,336,DLinear,MAE,1.0,"Σ|r| + λ·Σ_h w_hᵀPen w_h (irls δ = 1e-6, tổng, không phạt bias)",1e-06,25,0.454741799049726,1.1218159443279607,0.7156794234229868,0.39613094516951736,0.43718248187203984,0.42829610080592784,1,True,0.6155918000004021,warm,,1e-10,1,16,float32,NVIDIA GeForce RTX 5060 Ti,2.14.0+cu130,0c39bb9363fb,2026-09-30T20:17:44
ETTh1,336,DLinear,MAE,3.0,"Σ|r| + λ·Σ_h w_hᵀPen w_h (irls δ = 1e-6, tổng, không phạt bias)",1e-06,25,0.4547453597039048,1.1218159638477487,0.7156794239163257,0.39613094807013394,0.437182438902522,0.4282960768082203,1,True,0.6192690000025323,warm,,1e-10,1,16,float32,NVIDIA GeForce RTX 5060 Ti,2.14.0+cu130,0c39bb9363fb,2026-09-30T20:17:45
ETTh1,336,DLinear,MAE,10.0,"Σ|r| + λ·Σ_h w_hᵀPen w_h (irls δ = 1e-6, tổng, không phạt bias)",1e-06,25,0.4547577936800426,1.1218093466751833,0.7156767109556753,0.3961288656549074,0.4371631963017003,0.4282867140745259,190,True,105.13452289999987,warm,,1e-10,1,16,float32,NVIDIA GeForce RTX 5060 Ti,2.14.0+cu130,0c39bb9363fb,2026-09-30T20:19:31
ETTh1,336,DLinear,MAE,30.0,"Σ|r| + λ·Σ_h w_hᵀPen w_h (irls δ = 1e-6, tổng, không phạt bias)",1e-06,25,0.4547931271530758,1.121744261472697,0.7156561183755693,0.3961111078802456,0.43709678316529227,0.42825832628797195,267,True,148.64202349999687,warm,,1e-10,1,16,float32,NVIDIA GeForce RTX 5060 Ti,2.14.0+cu130,0c39bb9363fb,2026-09-30T20:22:00
ETTh1,336,DLinear,MAE,100.0,"Σ|r| + λ·Σ_h w_hᵀPen w_h (irls δ = 1e-6, tổng, không phạt bias)",1e-06,25,0.45491473635365814,1.1215287199547843,0.7155952450442937,0.396055355858656,0.43687789916441394,0.4281694073628358,257,True,143.64133350001066,warm,,1e-10,1,16,float32,NVIDIA GeForce RTX 5060 Ti,2.14.0+cu130,0c39bb9363fb,2026-09-30T20:24:25
ETTh1,336,DLinear,MAE,300.0,"Σ|r| + λ·Σ_h w_hᵀPen w_h (irls δ = 1e-6, tổng, không phạt bias)",1e-06,25,0.45524651906951186,1.1209633723399328,0.7154554627808322,0.3959177314664499,0.43632364165863535,0.42796284410003793,202,True,111.60517789999722,warm,,1e-10,1,16,float32,NVIDIA GeForce RTX 5060 Ti,2.14.0+cu130,0c39bb9363fb,2026-09-30T20:26:17
ETTh1,336,DLinear,MAE,1000.0,"Σ|r| + λ·Σ_h w_hᵀPen w_h (irls δ = 1e-6, tổng, không phạt bias)",1e-06,25,0.4562789863433852,1.1196288683499822,0.7152022404809935,0.39562246172056964,0.43489179459170596,0.4275370570436924,152,True,84.25699229999736,warm,,1e-10,1,16,float32,NVIDIA GeForce RTX 5060 Ti,2.14.0+cu130,0c39bb9363fb,2026-09-30T20:27:42
ETTh1,336,DLinear,MAE,3000.0,"Σ|r| + λ·Σ_h w_hᵀPen w_h (irls δ = 1e-6, tổng, không phạt bias)",1e-06,25,0.45864874187607296,1.117489454897657,0.7150735027385596,0.39526414476862015,0.43249459299783777,0.4272177760548987,126,True,71.05758900000365,warm,,1e-10,1,16,float32,NVIDIA GeForce RTX 5060 Ti,2.14.0+cu130,0c39bb9363fb,2026-09-30T20:28:53
ETTh1,336,DLinear,MAE,10000.0,"Σ|r| + λ·Σ_h w_hᵀPen w_h (irls δ = 1e-6, tổng, không phạt bias)",1e-06,25,0.4644259158278939,1.1146934553939898,0.7159683819295999,0.39522372967693553,0.4293715429518561,0.4281212884025685,107,True,59.6390481999988,warm,,1e-10,1,16,float32,NVIDIA GeForce RTX 5060 Ti,2.14.0+cu130,0c39bb9363fb,2026-09-30T20:29:54
ETTh1,336,DLinear,MAE,30000.0,"Σ|r| + λ·Σ_h w_hᵀPen w_h (irls δ = 1e-6, tổng, không phạt bias)",1e-06,25,0.474726694860953,1.113929827004919,0.7192337712054887,0.39641707629345957,0.42955783963178246,0.43247427952513956,99,True,55.11465089999547,warm,,1e-10,1,16,float32,NVIDIA GeForce RTX 5060 Ti,2.14.0+cu130,0c39bb9363fb,2026-09-30T20:30:49
ETTh1,336,DLinear,MAE,90000.0,"Σ|r| + λ·Σ_h w_hᵀPen w_h (irls δ = 1e-6, tổng, không phạt bias)",1e-06,25,0.4928147891326989,1.1188027045837436,0.7267796580184553,0.4001422213112058,0.44028492463219365,0.4443796520784426,90,True,49.8275588999968,warm,,1e-10,1,16,float32,NVIDIA GeForce RTX 5060 Ti,2.14.0+cu130,0c39bb9363fb,2026-09-30T20:31:40
ETTh1,336,NLinear,MAE,0.0,"Σ|r| + λ·Σ_h w_hᵀPen w_h (irls δ = 1e-6, tổng, không phạt bias)",1e-06,,0.4613327326155202,1.2000408538936556,0.7367100258448402,0.4155425696261185,0.4360575825274573,0.4246773806320674,479,True,262.4103708999901,ols,,3e-11,1,16,float32,NVIDIA GeForce RTX 5060 Ti,2.14.0+cu130,0c39bb9363fb,2026-09-30T20:36:03
ETTh1,336,NLinear,MAE,1.0,"Σ|r| + λ·Σ_h w_hᵀPen w_h (irls δ = 1e-6, tổng, không phạt bias)",1e-06,,0.4613343735880213,1.2000409050228933,0.7367100349191108,0.41554257974924863,0.4360575833000041,0.42467737627817204,1,True,0.5891371000034269,warm,,1e-10,1,16,float32,NVIDIA GeForce RTX 5060 Ti,2.14.0+cu130,0c39bb9363fb,2026-09-30T20:36:04
ETTh1,336,NLinear,MAE,3.0,"Σ|r| + λ·Σ_h w_hᵀPen w_h (irls δ = 1e-6, tổng, không phạt bias)",1e-06,,0.4613376555188428,1.200040919865981,0.7367100331469018,0.41554258023385165,0.43605754984387207,0.4246773573743672,1,True,0.5891762000101153,warm,,1e-10,1,16,float32,NVIDIA GeForce RTX 5060 Ti,2.14.0+cu130,0c39bb9363fb,2026-09-30T20:36:05
ETTh1,336,NLinear,MAE,10.0,"Σ|r| + λ·Σ_h w_hᵀPen w_h (irls δ = 1e-6, tổng, không phạt bias)",1e-06,,0.46134911262349515,1.2000325261919653,0.7367062506665002,0.41553970880394914,0.4360418076688114,0.4246693209646833,190,True,104.63024319999386,warm,,1e-10,1,16,float32,NVIDIA GeForce RTX 5060 Ti,2.14.0+cu130,0c39bb9363fb,2026-09-30T20:37:51
ETTh1,336,NLinear,MAE,30.0,"Σ|r| + λ·Σ_h w_hᵀPen w_h (irls δ = 1e-6, tổng, không phạt bias)",1e-06,,0.46138165456540065,1.1999721273416721,0.7366883533011844,0.4155240185920389,0.4359837020730486,0.4246443776296759,265,True,146.8462950999965,warm,,1e-10,1,16,float32,NVIDIA GeForce RTX 5060 Ti,2.14.0+cu130,0c39bb9363fb,2026-09-30T20:40:19
ETTh1,336,NLinear,MAE,100.0,"Σ|r| + λ·Σ_h w_hᵀPen w_h (irls δ = 1e-6, tổng, không phạt bias)",1e-06,,0.4614934861714947,1.1997766847767612,0.7366345991508679,0.4154749540830609,0.435787223598503,0.42456514817216795,259,True,142.34163379999518,warm,,1e-10,1,16,float32,NVIDIA GeForce RTX 5060 Ti,2.14.0+cu130,0c39bb9363fb,2026-09-30T20:42:42
ETTh1,336,NLinear,MAE,300.0,"Σ|r| + λ·Σ_h w_hᵀPen w_h (irls δ = 1e-6, tổng, không phạt bias)",1e-06,,0.46179759891790223,1.1992538947139786,0.7365049949176581,0.41535121736557,0.4352741624788403,0.4243793884648704,202,True,111.8259173999977,warm,,1e-10,1,16,float32,NVIDIA GeForce RTX 5060 Ti,2.14.0+cu130,0c39bb9363fb,2026-09-30T20:44:34
ETTh1,336,NLinear,MAE,1000.0,"Σ|r| + λ·Σ_h w_hᵀPen w_h (irls δ = 1e-6, tổng, không phạt bias)",1e-06,,0.46273689863734174,1.197910898296502,0.7362477267758698,0.4150607839146878,0.4339581790295343,0.42400171248433094,150,True,83.5961599000002,warm,,1e-10,1,16,float32,NVIDIA GeForce RTX 5060 Ti,2.14.0+cu130,0c39bb9363fb,2026-09-30T20:45:58
ETTh1,336,NLinear,MAE,3000.0,"Σ|r| + λ·Σ_h w_hᵀPen w_h (irls δ = 1e-6, tổng, không phạt bias)",1e-06,,0.4648701399197571,1.19552293619483,0.7360487822552969,0.41465200743273173,0.4317304065170716,0.4237490897736072,125,True,69.6845222999982,warm,,1e-10,1,16,float32,NVIDIA GeForce RTX 5060 Ti,2.14.0+cu130,0c39bb9363fb,2026-09-30T20:47:09
ETTh1,336,NLinear,MAE,10000.0,"Σ|r| + λ·Σ_h w_hᵀPen w_h (irls δ = 1e-6, tổng, không phạt bias)",1e-06,,0.4700422129359439,1.1917357122839223,0.7365386932843223,0.41434322755379893,0.4289296708153954,0.424691780625644,108,True,59.324752700005774,warm,,1e-10,1,16,float32,NVIDIA GeForce RTX 5060 Ti,2.14.0+cu130,0c39bb9363fb,2026-09-30T20:48:09
ETTh1,336,NLinear,MAE,30000.0,"Σ|r| + λ·Σ_h w_hᵀPen w_h (irls δ = 1e-6, tổng, không phạt bias)",1e-06,,0.47932159969773624,1.1882047328984435,0.7385465810999605,0.4147234219252406,0.42895423245362896,0.4286516518460221,97,True,53.44979450000392,warm,,1e-10,1,16,float32,NVIDIA GeForce RTX 5060 Ti,2.14.0+cu130,0c39bb9363fb,2026-09-30T20:49:03
ETTh1,336,NLinear,MAE,90000.0,"Σ|r| + λ·Σ_h w_hᵀPen w_h (irls δ = 1e-6, tổng, không phạt bias)",1e-06,,0.49586095994177676,1.1883055283300705,0.7439615373269944,0.41709902624858375,0.43849000784309783,0.4389036577063871,90,True,50.09829500000342,warm,,1e-10,1,16,float32,NVIDIA GeForce RTX 5060 Ti,2.14.0+cu130,0c39bb9363fb,2026-09-30T20:49:54
ETTh1,336,Linear,Huber,0.0,"Σρ_δ(r)/δ + λ·Σ_h w_hᵀPen w_h, δ = 1, ρ = r²/2 trong ngưỡng (tổng, không phạt bias)",1.0,,0.18798044973451702,1.0929463538162754,0.7099373765820134,0.3895839748256547,0.43322377140378654,0.43024322500727086,7,True,3.976425599990762,ols,,1e-09,1,16,float32,NVIDIA GeForce RTX 5060 Ti,2.14.0+cu130,0c39bb9363fb,2026-09-30T20:49:58
ETTh1,336,Linear,Huber,1.0,"Σρ_δ(r)/δ + λ·Σ_h w_hᵀPen w_h, δ = 1, ρ = r²/2 trong ngưỡng (tổng, không phạt bias)",1.0,,0.18798206756208088,1.0929447177959932,0.7099366670655772,0.38958342474497554,0.4332209966048519,0.4302420051792569,2,True,1.1765355999959866,warm,,1e-09,1,16,float32,NVIDIA GeForce RTX 5060 Ti,2.14.0+cu130,0c39bb9363fb,2026-09-30T20:50:00
ETTh1,336,Linear,Huber,3.0,"Σρ_δ(r)/δ + λ·Σ_h w_hᵀPen w_h, δ = 1, ρ = r²/2 trong ngưỡng (tổng, không phạt bias)",1.0,,0.18798529996713156,1.0929401222857487,0.7099350717415078,0.3895820612341136,0.43321465716878,0.43023942218801536,2,True,1.157664799990016,warm,,1e-09,1,16,float32,NVIDIA GeForce RTX 5060 Ti,2.14.0+cu130,0c39bb9363fb,2026-09-30T20:50:02
ETTh1,336,Linear,Huber,10.0,"Σρ_δ(r)/δ + λ·Σ_h w_hᵀPen w_h, δ = 1, ρ = r²/2 trong ngưỡng (tổng, không phạt bias)",1.0,,0.1879965792528796,1.0929238623548179,0.7099295237828053,0.389577281249689,0.43319203170658716,0.4302302933410907,3,True,1.7238351999985753,warm,,1e-09,1,16,float32,NVIDIA GeForce RTX 5060 Ti,2.14.0+cu130,0c39bb9363fb,2026-09-30T20:50:04
ETTh1,336,Linear,Huber,30.0,"Σρ_δ(r)/δ + λ·Σ_h w_hᵀPen w_h, δ = 1, ρ = r²/2 trong ngưỡng (tổng, không phạt bias)",1.0,,0.18802852040423237,1.0928793119682993,0.709914635230393,0.3895642976562601,0.43312967203310276,0.4302056948971734,3,True,1.728205599996727,warm,,1e-09,1,16,float32,NVIDIA GeForce RTX 5060 Ti,2.14.0+cu130,0c39bb9363fb,2026-09-30T20:50:07
ETTh1,336,Linear,Huber,100.0,"Σρ_δ(r)/δ + λ·Σ_h w_hᵀPen w_h, δ = 1, ρ = r²/2 trong ngưỡng (tổng, không phạt bias)",1.0,,0.18813723445820088,1.0927404208596756,0.7098717776861438,0.38952514480085915,0.4329282346307157,0.4301320930147964,4,True,2.293556600008742,warm,,1e-09,1,16,float32,NVIDIA GeForce RTX 5060 Ti,2.14.0+cu130,0c39bb9363fb,2026-09-30T20:50:10
ETTh1,336,Linear,Huber,300.0,"Σρ_δ(r)/δ + λ·Σ_h w_hᵀPen w_h, δ = 1, ρ = r²/2 trong ngưỡng (tổng, không phạt bias)",1.0,,0.18842627861234926,1.0924476963555878,0.7098052374408801,0.38945117247794164,0.43246686567203885,0.43000062510748294,5,True,2.8266663999966113,warm,,1e-09,1,16,float32,NVIDIA GeForce RTX 5060 Ti,2.14.0+cu130,0c39bb9363fb,2026-09-30T20:50:13
ETTh1,336,Linear,Huber,1000.0,"Σρ_δ(r)/δ + λ·Σ_h w_hᵀPen w_h, δ = 1, ρ = r²/2 trong ngưỡng (tổng, không phạt bias)",1.0,,0.18928207434682623,1.0919522553647758,0.7098466376765982,0.3893807024090722,0.43149721984877687,0.42994430437896247,5,True,2.804115399994771,warm,,1e-09,1,16,float32,NVIDIA GeForce RTX 5060 Ti,2.14.0+cu130,0c39bb9363fb,2026-09-30T20:50:17
ETTh1,336,Linear,Huber,3000.0,"Σρ_δ(r)/δ + λ·Σ_h w_hᵀPen w_h, δ = 1, ρ = r²/2 trong ngưỡng (tổng, không phạt bias)",1.0,,0.19113093457896208,1.0916812249817724,0.7104537523102612,0.38955063084536296,0.43041243501563253,0.4305894528659235,6,True,3.350375999987591,warm,,1e-09,1,16,float32,NVIDIA GeForce RTX 5060 Ti,2.14.0+cu130,0c39bb9363fb,2026-09-30T20:50:21
ETTh1,336,Linear,Huber,10000.0,"Σρ_δ(r)/δ + λ·Σ_h w_hᵀPen w_h, δ = 1, ρ = r²/2 trong ngưỡng (tổng, không phạt bias)",1.0,,0.19543418410106211,1.0927037099119146,0.7127994740834752,0.39056040359069416,0.43047785133927985,0.43357701416302313,6,True,3.4004057999991346,warm,,1e-09,1,16,float32,NVIDIA GeForce RTX 5060 Ti,2.14.0+cu130,0c39bb9363fb,2026-09-30T20:50:25
ETTh1,336,DLinear,Huber,0.0,"Σρ_δ(r)/δ + λ·Σ_h w_hᵀPen w_h, δ = 1, ρ = r²/2 trong ngưỡng (tổng, không phạt bias)",1.0,25,0.18798044973451702,1.0929463538162754,0.7099373765820134,0.3895839748256547,0.43322377140378654,0.43024322500727086,7,True,0,ols,Linear,1e-09,1,16,float32,NVIDIA GeForce RTX 5060 Ti,2.14.0+cu130,0c39bb9363fb,2026-09-30T20:50:25
ETTh1,336,DLinear,Huber,1.0,"Σρ_δ(r)/δ + λ·Σ_h w_hᵀPen w_h, δ = 1, ρ = r²/2 trong ngưỡng (tổng, không phạt bias)",1.0,25,0.18798193671486807,1.0929442175540953,0.7099365244938768,0.3895832930872171,0.4332209780364599,0.43024212316295146,2,True,1.1753802000021096,warm,,1e-09,1,16,float32,NVIDIA GeForce RTX 5060 Ti,2.14.0+cu130,0c39bb9363fb,2026-09-30T20:50:26
ETTh1,336,DLinear,Huber,3.0,"Σρ_δ(r)/δ + λ·Σ_h w_hᵀPen w_h, δ = 1, ρ = r²/2 trong ngưỡng (tổng, không phạt bias)",1.0,25,0.18798490802728746,1.0929386031940012,0.7099346385513429,0.38958166133321703,0.43321459674527635,0.43023977629741494,2,True,1.1650886999996146,warm,,1e-09,1,16,float32,NVIDIA GeForce RTX 5060 Ti,2.14.0+cu130,0c39bb9363fb,2026-09-30T20:50:28
ETTh1,336,DLinear,Huber,10.0,"Σρ_δ(r)/δ + λ·Σ_h w_hᵀPen w_h, δ = 1, ρ = r²/2 trong ngưỡng (tổng, không phạt bias)",1.0,25,0.18799527975451238,1.0929186969020828,0.7099280456001055,0.38957591912045836,0.4331917930162229,0.43023146300370857,3,True,1.7076868000003742,warm,,1e-09,1,16,float32,NVIDIA GeForce RTX 5060 Ti,2.14.0+cu130,0c39bb9363fb,2026-09-30T20:50:31
ETTh1,336,DLinear,Huber,30.0,"Σρ_δ(r)/δ + λ·Σ_h w_hᵀPen w_h, δ = 1, ρ = r²/2 trong ngưỡng (tổng, không phạt bias)",1.0,25,0.18802468027854843,1.0928637966069674,0.7099101242262421,0.38956017851975117,0.4331287643741158,0.4302090029911447,3,True,1.69947229999525,warm,,1e-09,1,16,float32,NVIDIA GeForce RTX 5060 Ti,2.14.0+cu130,0c39bb9363fb,2026-09-30T20:50:33
ETTh1,336,DLinear,Huber,100.0,"Σρ_δ(r)/δ + λ·Σ_h w_hᵀPen w_h, δ = 1, ρ = r²/2 trong ngưỡng (tổng, không phạt bias)",1.0,25,0.18812506745137175,1.0926885697679085,0.7098559437728944,0.38951110157173197,0.4329232217048972,0.43014099721252297,4,True,2.2572736000001896,warm,,1e-09,1,16,float32,NVIDIA GeForce RTX 5060 Ti,2.14.0+cu130,0c39bb9363fb,2026-09-30T20:50:36
ETTh1,336,DLinear,Huber,300.0,"Σρ_δ(r)/δ + λ·Σ_h w_hᵀPen w_h, δ = 1, ρ = r²/2 trong ngưỡng (tổng, không phạt bias)",1.0,25,0.18839424102670949,1.092295414127571,0.7097544568985169,0.3894083205838383,0.4324406807078369,0.4300149022882715,5,True,2.82056000000739,warm,,1e-09,1,16,float32,NVIDIA GeForce RTX 5060 Ti,2.14.0+cu130,0c39bb9363fb,2026-09-30T20:50:39
ETTh1,336,DLinear,Huber,1000.0,"Σρ_δ(r)/δ + λ·Σ_h w_hᵀPen w_h, δ = 1, ρ = r²/2 trong ngưỡng (tổng, không phạt bias)",1.0,25,0.189206956903303,1.0915105718177933,0.7096787831086085,0.3892494170041289,0.4313662770422848,0.42993171099531624,5,True,2.8658043000032194,warm,,1e-09,1,16,float32,NVIDIA GeForce RTX 5060 Ti,2.14.0+cu130,0c39bb9363fb,2026-09-30T20:50:43
ETTh1,336,DLinear,Huber,3000.0,"Σρ_δ(r)/δ + λ·Σ_h w_hᵀPen w_h, δ = 1, ρ = r²/2 trong ngưỡng (tổng, không phạt bias)",1.0,25,0.19101181963175043,1.0907873944487751,0.71008234411354,0.3892743590782035,0.4300367002331447,0.43046491176639506,6,True,3.3518780000013066,warm,,1e-09,1,16,float32,NVIDIA GeForce RTX 5060 Ti,2.14.0+cu130,0c39bb9363fb,2026-09-30T20:50:47
ETTh1,336,DLinear,Huber,10000.0,"Σρ_δ(r)/δ + λ·Σ_h w_hᵀPen w_h, δ = 1, ρ = r²/2 trong ngưỡng (tổng, không phạt bias)",1.0,25,0.19530452659511746,1.0915173437388639,0.7122774564341536,0.3901854788032924,0.42980601918488104,0.4332581372511048,6,True,3.369909100001678,warm,,1e-09,1,16,float32,NVIDIA GeForce RTX 5060 Ti,2.14.0+cu130,0c39bb9363fb,2026-09-30T20:50:51
ETTh1,336,NLinear,Huber,0.0,"Σρ_δ(r)/δ + λ·Σ_h w_hᵀPen w_h, δ = 1, ρ = r²/2 trong ngưỡng (tổng, không phạt bias)",1.0,,0.1926959261717952,1.1770011357271384,0.7329653586472545,0.4109448565098664,0.4308348647712515,0.4254760511701528,7,True,3.8923896000051172,ols,,1e-09,1,16,float32,NVIDIA GeForce RTX 5060 Ti,2.14.0+cu130,0c39bb9363fb,2026-09-30T20:50:55
ETTh1,336,NLinear,Huber,1.0,"Σρ_δ(r)/δ + λ·Σ_h w_hᵀPen w_h, δ = 1, ρ = r²/2 trong ngưỡng (tổng, không phạt bias)",1.0,,0.1926972602260749,1.1769986929524654,0.7329644784336051,0.4109441220472062,0.4308323535860048,0.42547510462553045,2,True,1.1405406999983825,warm,,1e-09,1,16,float32,NVIDIA GeForce RTX 5060 Ti,2.14.0+cu130,0c39bb9363fb,2026-09-30T20:50:57
ETTh1,336,NLinear,Huber,3.0,"Σρ_δ(r)/δ + λ·Σ_h w_hᵀPen w_h, δ = 1, ρ = r²/2 trong ngưỡng (tổng, không phạt bias)",1.0,,0.19269992580772563,1.1769927912359177,0.7329626367555256,0.41094249116502096,0.4308265725112886,0.42547304244690626,2,True,1.1336966000089888,warm,,1e-09,1,16,float32,NVIDIA GeForce RTX 5060 Ti,2.14.0+cu130,0c39bb9363fb,2026-09-30T20:50:59
ETTh1,336,NLinear,Huber,10.0,"Σρ_δ(r)/δ + λ·Σ_h w_hᵀPen w_h, δ = 1, ρ = r²/2 trong ngưỡng (tổng, không phạt bias)",1.0,,0.1927092288939623,1.1769718632305788,0.7329562018019354,0.41093675631455673,0.4308059359349264,0.4254657508359904,3,True,1.704881400000886,warm,,1e-09,1,16,float32,NVIDIA GeForce RTX 5060 Ti,2.14.0+cu130,0c39bb9363fb,2026-09-30T20:51:01
ETTh1,336,NLinear,Huber,30.0,"Σρ_δ(r)/δ + λ·Σ_h w_hᵀPen w_h, δ = 1, ρ = r²/2 trong ngưỡng (tổng, không phạt bias)",1.0,,0.19273558812699346,1.1769140529482804,0.7329386660377606,0.4109210085067964,0.43074898124780586,0.4254461329793013,3,True,1.6987965000007534,warm,,1e-09,1,16,float32,NVIDIA GeForce RTX 5060 Ti,2.14.0+cu130,0c39bb9363fb,2026-09-30T20:51:04
ETTh1,336,NLinear,Huber,100.0,"Σρ_δ(r)/δ + λ·Σ_h w_hᵀPen w_h, δ = 1, ρ = r²/2 trong ngưỡng (tổng, không phạt bias)",1.0,,0.19282546435031966,1.1767274706095827,0.7328850687951541,0.4108714009869193,0.430564105096436,0.42538768149024003,4,True,2.316513199999463,warm,,1e-09,1,16,float32,NVIDIA GeForce RTX 5060 Ti,2.14.0+cu130,0c39bb9363fb,2026-09-30T20:51:07
ETTh1,336,NLinear,Huber,300.0,"Σρ_δ(r)/δ + λ·Σ_h w_hᵀPen w_h, δ = 1, ρ = r²/2 trong ngưỡng (tổng, không phạt bias)",1.0,,0.19306563175281952,1.1762969046622924,0.7327802084012845,0.41076433034052506,0.4301350195898126,0.4252859538749834,5,True,2.849015399988275,warm,,1e-09,1,16,float32,NVIDIA GeForce RTX 5060 Ti,2.14.0+cu130,0c39bb9363fb,2026-09-30T20:51:10
ETTh1,336,NLinear,Huber,1000.0,"Σρ_δ(r)/δ + λ·Σ_h w_hᵀPen w_h, δ = 1, ρ = r²/2 trong ngưỡng (tổng, không phạt bias)",1.0,,0.19378610450666714,1.1753510395980744,0.7326632774916373,0.4105732412206887,0.4292036998982233,0.42526325773981705,5,True,2.876964600000065,warm,,1e-09,1,16,float32,NVIDIA GeForce RTX 5060 Ti,2.14.0+cu130,0c39bb9363fb,2026-09-30T20:51:14
ETTh1,336,NLinear,Huber,3000.0,"Σρ_δ(r)/δ + λ·Σ_h w_hᵀPen w_h, δ = 1, ρ = r²/2 trong ngưỡng (tổng, không phạt bias)",1.0,,0.1953771757901927,1.1740863260854002,0.7328663955976515,0.4104583462197629,0.42809568993703295,0.4258602459911085,6,True,3.4498041000042576,warm,,1e-09,1,16,float32,NVIDIA GeForce RTX 5060 Ti,2.14.0+cu130,0c39bb9363fb,2026-09-30T20:51:18
ETTh1,336,NLinear,Huber,10000.0,"Σρ_δ(r)/δ + λ·Σ_h w_hᵀPen w_h, δ = 1, ρ = r²/2 trong ngưỡng (tổng, không phạt bias)",1.0,,0.199171217464431,1.172994913421473,0.7342791733585278,0.4108587933810356,0.4279972271399298,0.4285714496912154,6,True,3.4722278999979608,warm,,1e-09,1,16,float32,NVIDIA GeForce RTX 5060 Ti,2.14.0+cu130,0c39bb9363fb,2026-09-30T20:51:22
ETTh1,336,NLinear,Huber,30000.0,"Σρ_δ(r)/δ + λ·Σ_h w_hᵀPen w_h, δ = 1, ρ = r²/2 trong ngưỡng (tổng, không phạt bias)",1.0,,0.2059551248029922,1.1746488680397658,0.7382239994601811,0.41271196068000526,0.4330313113754003,0.4352211351441918,6,True,3.523278799999389,warm,,1e-09,1,16,float32,NVIDIA GeForce RTX 5060 Ti,2.14.0+cu130,0c39bb9363fb,2026-09-30T20:51:26
ETTh1,720,Linear,MSE,0.0,"Σr² + λ·Σ_h w_hᵀPen w_h (tổng, không phạt bias)",,,0.5099693172876976,1.2186812025188152,0.7533225625326166,0.42221136303022133,0.4714460876293183,0.4877612750956106,0,True,0.43318619999627117,closed_form,,,,16,float64,NVIDIA GeForce RTX 5060 Ti,2.14.0+cu130,0c39bb9363fb,2026-09-30T20:51:29
ETTh1,720,Linear,MSE,0.01,"Σr² + λ·Σ_h w_hᵀPen w_h (tổng, không phạt bias)",,,0.5099693310039737,1.2186811909206061,0.7533225579796022,0.4222113592131164,0.4714460761775409,0.4877612703605856,0,True,0.05322280000837054,closed_form,,,,16,float64,NVIDIA GeForce RTX 5060 Ti,2.14.0+cu130,0c39bb9363fb,2026-09-30T20:51:30
ETTh1,720,Linear,MSE,0.0158489,"Σr² + λ·Σ_h w_hᵀPen w_h (tổng, không phạt bias)",,,0.5099693390264669,1.2186811841369916,0.7533225553166264,0.42221135698055234,0.4714460694795689,0.4877612675911455,0,True,0.057318699997267686,closed_form,,,,16,float64,NVIDIA GeForce RTX 5060 Ti,2.14.0+cu130,0c39bb9363fb,2026-09-30T20:51:31
ETTh1,720,Linear,MSE,0.0251189,"Σr² + λ·Σ_h w_hᵀPen w_h (tổng, không phạt bias)",,,0.509969351741394,1.2186811733856442,0.7533225510960815,0.4222113534421655,0.4714460588639507,0.48776126320187896,0,True,0.03286880000086967,closed_form,,,,16,float64,NVIDIA GeForce RTX 5060 Ti,2.14.0+cu130,0c39bb9363fb,2026-09-30T20:51:32
ETTh1,720,Linear,MSE,0.0398107,"Σr² + λ·Σ_h w_hᵀPen w_h (tổng, không phạt bias)",,,0.5099693718929019,1.2186811563463287,0.7533225444071491,0.4222113478343464,0.47144604203973267,0.4877612562455841,0,True,0.031525599988526665,closed_form,,,,16,float64,NVIDIA GeForce RTX 5060 Ti,2.14.0+cu130,0c39bb9363fb,2026-09-30T20:51:33
ETTh1,720,Linear,MSE,0.0630957,"Σr² + λ·Σ_h w_hᵀPen w_h (tổng, không phạt bias)",,,0.5099694038307929,1.2186811293413502,0.7533225338061321,0.4222113389467405,0.47144601537562064,0.4877612452207791,0,True,0.019280099993920885,closed_form,,,,16,float64,NVIDIA GeForce RTX 5060 Ti,2.14.0+cu130,0c39bb9363fb,2026-09-30T20:51:34
ETTh1,720,Linear,MSE,0.1,"Σr² + λ·Σ_h w_hᵀPen w_h (tổng, không phạt bias)",,,0.5099694544485536,1.2186810865427624,0.7533225170051902,0.4222113248613478,0.4714459731171673,0.4877612277484522,0,True,0.029884999996284023,closed_form,,,,16,float64,NVIDIA GeForce RTX 5060 Ti,2.14.0+cu130,0c39bb9363fb,2026-09-30T20:51:34
ETTh1,720,Linear,MSE,0.158489,"Σr² + λ·Σ_h w_hᵀPen w_h (tổng, không phạt bias)",,,0.5099695346706034,1.2186810187157495,0.7533224903794923,0.4222113025389962,0.471445906145945,0.4877612000597197,0,True,0.027885300005436875,closed_form,,,,16,float64,NVIDIA GeForce RTX 5060 Ti,2.14.0+cu130,0c39bb9363fb,2026-09-30T20:51:35
ETTh1,720,Linear,MSE,0.251189,"Σr² + λ·Σ_h w_hᵀPen w_h (tổng, không phạt bias)",,,0.5099696618126371,1.218680911225211,0.7533224481853289,0.42221126716338925,0.4714458000111093,0.48776115618240645,0,True,0.027070399999502115,closed_form,,,,16,float64,NVIDIA GeForce RTX 5060 Ti,2.14.0+cu130,0c39bb9363fb,2026-09-30T20:51:36
ETTh1,720,Linear,MSE,0.398107,"Σr² + λ·Σ_h w_hᵀPen w_h (tổng, không phạt bias)",,,0.5099698633095332,1.2186807408896576,0.753322381323654,0.4222112111059475,0.4714456318225406,0.4877610866577754,0,True,0.03099050000309944,closed_form,,,,16,float64,NVIDIA GeForce RTX 5060 Ti,2.14.0+cu130,0c39bb9363fb,2026-09-30T20:51:37
ETTh1,720,Linear,MSE,0.630957,"Σr² + λ·Σ_h w_hᵀPen w_h (tổng, không phạt bias)",,,0.5099701826427784,1.2186804709845285,0.7533222753800625,0.4222111222819976,0.47144536531605785,0.4877609765063097,0,True,0.043148199998540804,closed_form,,,,16,float64,NVIDIA GeForce RTX 5060 Ti,2.14.0+cu130,0c39bb9363fb,2026-09-30T20:51:38
ETTh1,720,Linear,MSE,1.0,"Σr² + λ·Σ_h w_hᵀPen w_h (tổng, không phạt bias)",,,0.5099706887057036,1.2186800433618787,0.7533221075651245,0.42221098155891357,0.4714449430696075,0.4877608020203573,0,True,0.03416070000093896,closed_form,,,,16,float64,NVIDIA GeForce RTX 5060 Ti,2.14.0+cu130,0c39bb9363fb,2026-09-30T20:51:39
ETTh1,720,Linear,MSE,1.58489,"Σr² + λ·Σ_h w_hᵀPen w_h (tổng, không phạt bias)",,,0.5099714906382331,1.2186793660036077,0.7533218417568555,0.42221075866386854,0.4714442742061563,0.48776052574263945,0,True,0.0380896999995457,closed_form,,,,16,float64,NVIDIA GeForce RTX 5060 Ti,2.14.0+cu130,0c39bb9363fb,2026-09-30T20:51:39
ETTh1,720,Linear,MSE,2.51189,"Σr² + λ·Σ_h w_hᵀPen w_h (tổng, không phạt bias)",,,0.5099727613355967,1.2186782933866613,0.7533214209095475,0.42221040573214086,0.471443214988068,0.4877600884681437,0,True,0.040382699997280724,closed_form,,,,16,float64,NVIDIA GeForce RTX 5060 Ti,2.14.0+cu130,0c39bb9363fb,2026-09-30T20:51:40
ETTh1,720,Linear,MSE,3.98107,"Σr² + λ·Σ_h w_hᵀPen w_h (tổng, không phạt bias)",,,0.5099747744900607,1.2186765957711014,0.7533207551227612,0.4222098472253549,0.47144153844625436,0.4877593969187285,0,True,0.04452100000344217,closed_form,,,,16,float64,NVIDIA GeForce RTX 5060 Ti,2.14.0+cu130,0c39bb9363fb,2026-09-30T20:51:41
ETTh1,720,Linear,MSE,6.30957,"Σr² + λ·Σ_h w_hᵀPen w_h (tổng, không phạt bias)",,,0.5099779632706976,1.2186739111052463,0.7533197026129405,0.42220896416759407,0.47143888677661777,0.4877583046527454,0,True,0.042271700003766455,closed_form,,,,16,float64,NVIDIA GeForce RTX 5060 Ti,2.14.0+cu130,0c39bb9363fb,2026-09-30T20:51:42
ETTh1,720,Linear,MSE,10.0,"Σr² + λ·Σ_h w_hᵀPen w_h (tổng, không phạt bias)",,,0.5099830124900955,1.2186696708836289,0.7533180416218436,0.4222075699054461,0.4714346978483071,0.4877565828175392,0,True,0.023181000011391006,closed_form,,,,16,float64,NVIDIA GeForce RTX 5060 Ti,2.14.0+cu130,0c39bb9363fb,2026-09-30T20:51:43
ETTh1,720,Linear,MSE,15.8489,"Σr² + λ·Σ_h w_hᵀPen w_h (tổng, không phạt bias)",,,0.5099910032495889,1.2186629872280523,0.753315427524597,0.42220537334396074,0.47142809301355415,0.4877538776493915,0,True,0.03338239999720827,closed_form,,,,16,float64,NVIDIA GeForce RTX 5060 Ti,2.14.0+cu130,0c39bb9363fb,2026-09-30T20:51:44
ETTh1,720,Linear,MSE,25.1189,"Σr² + λ·Σ_h w_hᵀPen w_h (tổng, không phạt bias)",,,0.5100036388399116,1.218652484934947,0.7533113299943482,0.42220192465118417,0.4714177096059543,0.48774965031947376,0,True,0.07041739999840502,closed_form,,,,16,float64,NVIDIA GeForce RTX 5060 Ti,2.14.0+cu130,0c39bb9363fb,2026-09-30T20:51:45
ETTh1,720,Linear,MSE,39.8107,"Σr² + λ·Σ_h w_hᵀPen w_h (tổng, không phạt bias)",,,0.5100235925382163,1.2186360632709483,0.7533049446628443,0.42219653923736716,0.47140146186136256,0.48774309841087005,0,True,0.0387652000063099,closed_form,,,,16,float64,NVIDIA GeForce RTX 5060 Ti,2.14.0+cu130,0c39bb9363fb,2026-09-30T20:51:45
ETTh1,720,Linear,MSE,63.0957,"Σr² + λ·Σ_h w_hᵀPen w_h (tổng, không phạt bias)",,,0.5100550392893805,1.2186105791476205,0.7532950908218815,0.42218819913277533,0.47137621949345077,0.4877330715790511,0,True,0.026762800000142306,closed_form,,,,16,float64,NVIDIA GeForce RTX 5060 Ti,2.14.0+cu130,0c39bb9363fb,2026-09-30T20:51:46
ETTh1,720,Linear,MSE,100.0,"Σr² + λ·Σ_h w_hᵀPen w_h (tổng, không phạt bias)",,,0.5101044454069076,1.2185714847247353,0.7532801088639492,0.42217544671514873,0.47133743241381854,0.4877180284005514,0,True,0.057081799997831695,closed_form,,,,16,float64,NVIDIA GeForce RTX 5060 Ti,2.14.0+cu130,0c39bb9363fb,2026-09-30T20:51:47
ETTh1,720,Linear,MSE,158.489,"Σr² + λ·Σ_h w_hᵀPen w_h (tổng, không phạt bias)",,,0.5101817071078544,1.2185125336231395,0.7532578126383512,0.4221563165680871,0.4712788107507028,0.4876961743011805,0,True,0.047038599994266406,closed_form,,,,16,float64,NVIDIA GeForce RTX 5060 Ti,2.14.0+cu130,0c39bb9363fb,2026-09-30T20:51:48
ETTh1,720,Linear,MSE,251.189,"Σr² + λ·Σ_h w_hᵀPen w_h (tổng, không phạt bias)",,,0.5103017178117009,1.2184258168851283,0.753225719870431,0.422128405537867,0.47119232791716625,0.4876659825668884,0,True,0.05367580000893213,closed_form,,,,16,float64,NVIDIA GeForce RTX 5060 Ti,2.14.0+cu130,0c39bb9363fb,2026-09-30T20:51:49
ETTh1,720,Linear,MSE,398.107,"Σr² + λ·Σ_h w_hᵀPen w_h (tổng, không phạt bias)",,,0.5104863755609933,1.2183025449449232,0.7531816270209499,0.4220892373882268,0.47106902323530897,0.4876273352704778,0,True,0.029407699999865144,closed_form,,,,16,float64,NVIDIA GeForce RTX 5060 Ti,2.14.0+cu130,0c39bb9363fb,2026-09-30T20:51:50
ETTh1,720,Linear,MSE,630.957,"Σr² + λ·Σ_h w_hᵀPen w_h (tổng, không phạt bias)",,,0.5107669925580148,1.2181348666827425,0.7531248517081753,0.4220370315755325,0.47090109842085115,0.48758399037780764,0,True,0.038263199996436015,closed_form,,,,16,float64,NVIDIA GeForce RTX 5060 Ti,2.14.0+cu130,0c39bb9363fb,2026-09-30T20:51:51
ETTh1,720,Linear,MSE,1000.0,"Σr² + λ·Σ_h w_hᵀPen w_h (tổng, không phạt bias)",,,0.511186952878878,1.2179184230734803,0.7530579504425068,0.42197176289106075,0.47068543006773966,0.48754705828701844,0,True,0.022039999996195547,closed_form,,,,16,float64,NVIDIA GeForce RTX 5060 Ti,2.14.0+cu130,0c39bb9363fb,2026-09-30T20:51:52
ETTh1,720,Linear,MSE,1584.89,"Σr² + λ·Σ_h w_hᵀPen w_h (tổng, không phạt bias)",,,0.5118045894706038,1.217654405584242,0.7529881187406301,0.4218960518717026,0.4704277566508339,0.4875378730303633,0,True,0.02635470000677742,closed_form,,,,16,float64,NVIDIA GeForce RTX 5060 Ti,2.14.0+cu130,0c39bb9363fb,2026-09-30T20:51:52
ETTh1,720,Linear,MSE,2511.89,"Σr² + λ·Σ_h w_hᵀPen w_h (tổng, không phạt bias)",,,0.5126964120305151,1.217350123639375,0.7529279784547248,0.42181548194438806,0.47014654065310474,0.48759103376400864,0,True,0.03628020000178367,closed_form,,,,16,float64,NVIDIA GeForce RTX 5060 Ti,2.14.0+cu130,0c39bb9363fb,2026-09-30T20:51:53
ETTh1,720,Linear,MSE,3981.07,"Σr² + λ·Σ_h w_hᵀPen w_h (tổng, không phạt bias)",,,0.5139606843448817,1.2170193162859453,0.7528957213686337,0.4217387501165011,0.46987685018994474,0.487755689214945,0,True,0.03831289999652654,closed_form,,,,16,float64,NVIDIA GeForce RTX 5060 Ti,2.14.0+cu130,0c39bb9363fb,2026-09-30T20:51:54
ETTh1,720,Linear,MSE,6309.57,"Σr² + λ·Σ_h w_hᵀPen w_h (tổng, không phạt bias)",,,0.5157212951085067,1.2166858440395245,0.752918227303534,0.4216789315604971,0.469676892484626,0.4880968330257034,0,True,0.04661030000715982,closed_form,,,,16,float64,NVIDIA GeForce RTX 5060 Ti,2.14.0+cu130,0c39bb9363fb,2026-09-30T20:51:55
ETTh1,720,Linear,MSE,10000.0,"Σr² + λ·Σ_h w_hᵀPen w_h (tổng, không phạt bias)",,,0.5181310012898087,1.2163949626830735,0.753035131158922,0.4216573243158396,0.4696417789977994,0.4886980685734781,0,True,0.03602449999016244,closed_form,,,,16,float64,NVIDIA GeForce RTX 5060 Ti,2.14.0+cu130,0c39bb9363fb,2026-09-30T20:51:56
ETTh1,720,Linear,MSE,15848.9,"Σr² + λ·Σ_h w_hᵀPen w_h (tổng, không phạt bias)",,,0.521373802377744,1.2162330161220267,0.7533071449777078,0.4217101127430963,0.4699270428017372,0.4896671867866517,0,True,0.04021790000842884,closed_form,,,,16,float64,NVIDIA GeForce RTX 5060 Ti,2.14.0+cu130,0c39bb9363fb,2026-09-30T20:51:57
ETTh1,720,Linear,MSE,25118.9,"Σr² + λ·Σ_h w_hᵀPen w_h (tổng, không phạt bias)",,,0.5256686680611109,1.216350057825555,0.7538249435082977,0.4218957389733087,0.4707752597209887,0.4911634784357241,0,True,0.039710799988824874,closed_form,,,,16,float64,NVIDIA GeForce RTX 5060 Ti,2.14.0+cu130,0c39bb9363fb,2026-09-30T20:51:57
ETTh1,720,Linear,MSE,39810.7,"Σr² + λ·Σ_h w_hᵀPen w_h (tổng, không phạt bias)",,,0.531280798124742,1.2169811266113035,0.7547134253062655,0.4223005508905086,0.4725318167663099,0.4933815759804303,0,True,0.03626970000914298,closed_form,,,,16,float64,NVIDIA GeForce RTX 5060 Ti,2.14.0+cu130,0c39bb9363fb,2026-09-30T20:51:58
ETTh1,720,Linear,MSE,63095.7,"Σr² + λ·Σ_h w_hᵀPen w_h (tổng, không phạt bias)",,,0.538546475711952,1.2184845552830061,0.7561259447855014,0.423048598046295,0.4756559493986708,0.4965260804260811,0,True,0.04016649999539368,closed_form,,,,16,float64,NVIDIA GeForce RTX 5060 Ti,2.14.0+cu130,0c39bb9363fb,2026-09-30T20:51:59
ETTh1,720,Linear,MSE,100000.0,"Σr² + λ·Σ_h w_hᵀPen w_h (tổng, không phạt bias)",,,0.5478987746695898,1.221436416011792,0.7582579149953356,0.42432884700188234,0.4807716569794493,0.5008491277463162,0,True,0.039999800006626174,closed_form,,,,16,float64,NVIDIA GeForce RTX 5060 Ti,2.14.0+cu130,0c39bb9363fb,2026-09-30T20:52:00
ETTh1,720,DLinear,MSE,0.0,"Σr² + λ·Σ_h w_hᵀPen w_h (tổng, không phạt bias)",,25,0.5099693172876976,1.2186812025188152,0.7533225625326166,0.42221136303022133,0.4714460876293183,0.4877612750956106,0,True,0,closed_form,Linear,,,16,float64,NVIDIA GeForce RTX 5060 Ti,2.14.0+cu130,0c39bb9363fb,2026-09-30T20:52:00
ETTh1,720,DLinear,MSE,0.01,"Σr² + λ·Σ_h w_hᵀPen w_h (tổng, không phạt bias)",,25,0.5099693301254616,1.2186811900340189,0.753322557770889,0.4222113589999611,0.4714460762707421,0.4877612708057478,0,True,0.03938459999335464,closed_form,,,,16,float64,NVIDIA GeForce RTX 5060 Ti,2.14.0+cu130,0c39bb9363fb,2026-09-30T20:52:01
ETTh1,720,DLinear,MSE,0.0158489,"Σr² + λ·Σ_h w_hᵀPen w_h (tổng, không phạt bias)",,25,0.5099693376341246,1.2186811827318462,0.7533225549858467,0.42221135664272336,0.4714460696272775,0.4877612682966695,0,True,0.03129189999890514,closed_form,,,,16,float64,NVIDIA GeForce RTX 5060 Ti,2.14.0+cu130,0c39bb9363fb,2026-09-30T20:52:02
ETTh1,720,DLinear,MSE,0.0251189,"Σr² + λ·Σ_h w_hᵀPen w_h (tổng, không phạt bias)",,25,0.5099693495346797,1.2186811711586263,0.7533225505718296,0.42221135290673795,0.4714460590980414,0.4877612643200273,0,True,0.04515999999421183,closed_form,,,,16,float64,NVIDIA GeForce RTX 5060 Ti,2.14.0+cu130,0c39bb9363fb,2026-09-30T20:52:02
ETTh1,720,DLinear,MSE,0.0398107,"Σr² + λ·Σ_h w_hᵀPen w_h (tổng, không phạt bias)",,25,0.5099693683955191,1.218681152816737,0.7533225435762344,0.4222113469857452,0.4714460424107097,0.4877612580176777,0,True,0.041033899993635714,closed_form,,,,16,float64,NVIDIA GeForce RTX 5060 Ti,2.14.0+cu130,0c39bb9363fb,2026-09-30T20:52:03
ETTh1,720,DLinear,MSE,0.0630957,"Σr² + λ·Σ_h w_hᵀPen w_h (tổng, không phạt bias)",,25,0.5099693982878591,1.2186811237472936,0.7533225324891515,0.42221133760178037,0.4714460159635013,0.48776124802934223,0,True,0.04034730000421405,closed_form,,,,16,float64,NVIDIA GeForce RTX 5060 Ti,2.14.0+cu130,0c39bb9363fb,2026-09-30T20:52:04
ETTh1,720,DLinear,MSE,0.1,"Σr² + λ·Σ_h w_hᵀPen w_h (tổng, không phạt bias)",,25,0.5099694456637005,1.218681077676696,0.7533225149179985,0.42221132272968287,0.47144597404869937,0.48776123219975664,0,True,0.04093110001122113,closed_form,,,,16,float64,NVIDIA GeForce RTX 5060 Ti,2.14.0+cu130,0c39bb9363fb,2026-09-30T20:52:05
ETTh1,720,DLinear,MSE,0.158489,"Σr² + λ·Σ_h w_hᵀPen w_h (tổng, không phạt bias)",,25,0.509969520747854,1.2186810046638106,0.7533224870717792,0.4222112991604272,0.47144590762182753,0.48776120711443244,0,True,0.033665800001472235,closed_form,,,,16,float64,NVIDIA GeForce RTX 5060 Ti,2.14.0+cu130,0c39bb9363fb,2026-09-30T20:52:06
ETTh1,720,DLinear,MSE,0.251189,"Σr² + λ·Σ_h w_hᵀPen w_h (tổng, không phạt bias)",,25,0.509969639747184,1.2186808889538128,0.753322442942083,0.4222112618084122,0.47144580234899414,0.4877611673627013,0,True,0.03681600000709295,closed_form,,,,16,float64,NVIDIA GeForce RTX 5060 Ti,2.14.0+cu130,0c39bb9363fb,2026-09-30T20:52:07
ETTh1,720,DLinear,MSE,0.398107,"Σr² + λ·Σ_h w_hᵀPen w_h (tổng, không phạt bias)",,25,0.509969828339954,1.2186807055906805,0.7533223730123833,0.4222112026181741,0.4714456355247192,0.487761104373883,0,True,0.03536789999634493,closed_form,,,,16,float64,NVIDIA GeForce RTX 5060 Ti,2.14.0+cu130,0c39bb9363fb,2026-09-30T20:52:07
ETTh1,720,DLinear,MSE,0.630957,"Σr² + λ·Σ_h w_hᵀPen w_h (tổng, không phạt bias)",,25,0.5099701272241126,1.2186804150362778,0.7533222622029314,0.42221110882797075,0.4714453711757994,0.4877610045767806,0,True,0.036240100002032705,closed_form,,,,16,float64,NVIDIA GeForce RTX 5060 Ti,2.14.0+cu130,0c39bb9363fb,2026-09-30T20:52:08
ETTh1,720,DLinear,MSE,1.0,"Σr² + λ·Σ_h w_hᵀPen w_h (tổng, không phạt bias)",,25,0.5099706008839785,1.2186799546819223,0.7533220866478426,0.42221096023115223,0.47144495233705397,0.4877608464815526,0,True,0.0435633000015514,closed_form,,,,16,float64,NVIDIA GeForce RTX 5060 Ti,2.14.0+cu130,0c39bb9363fb,2026-09-30T20:52:09
ETTh1,720,DLinear,MSE,1.58489,"Σr² + λ·Σ_h w_hᵀPen w_h (tổng, không phạt bias)",,25,0.5099713514780516,1.218679225435795,0.7533218085774731,0.4222107248502821,0.47144428884478323,0.4877605961271291,0,True,0.03862420000950806,closed_form,,,,16,float64,NVIDIA GeForce RTX 5060 Ti,2.14.0+cu130,0c39bb9363fb,2026-09-30T20:52:10
ETTh1,720,DLinear,MSE,2.51189,"Σr² + λ·Σ_h w_hᵀPen w_h (tổng, không phạt bias)",,25,0.5099725408500858,1.2186780705511848,0.753321368271825,0.42221035211235697,0.4714432380652159,0.48776019989238917,0,True,0.040851500001735985,closed_form,,,,16,float64,NVIDIA GeForce RTX 5060 Ti,2.14.0+cu130,0c39bb9363fb,2026-09-30T20:52:11
ETTh1,720,DLinear,MSE,3.98107,"Σr² + λ·Σ_h w_hᵀPen w_h (tổng, không phạt bias)",,25,0.5099744252185613,1.2186762424767241,0.7533206716527086,0.4222097621720022,0.471441574711098,0.4877595732669292,0,True,0.041175300008035265,closed_form,,,,16,float64,NVIDIA GeForce RTX 5060 Ti,2.14.0+cu130,0c39bb9363fb,2026-09-30T20:52:12
ETTh1,720,DLinear,MSE,6.30957,"Σr² + λ·Σ_h w_hᵀPen w_h (tổng, không phạt bias)",,25,0.5099774101487775,1.2186733508598404,0.7533195700827522,0.4222088291872089,0.47143894347622084,0.48775858346376083,0,True,0.03420850000111386,closed_form,,,,16,float64,NVIDIA GeForce RTX 5060 Ti,2.14.0+cu130,0c39bb9363fb,2026-09-30T20:52:12
ETTh1,720,DLinear,MSE,10.0,"Σr² + λ·Σ_h w_hᵀPen w_h (tổng, không phạt bias)",,25,0.5099821369432257,1.2186687821766724,0.7533178306546373,0.42220735552641087,0.4714347857697235,0.48775702296758533,0,True,0.04120990000956226,closed_form,,,,16,float64,NVIDIA GeForce RTX 5060 Ti,2.14.0+cu130,0c39bb9363fb,2026-09-30T20:52:13
ETTh1,720,DLinear,MSE,15.8489,"Σr² + λ·Σ_h w_hᵀPen w_h (tổng, không phạt bias)",,25,0.5099896183391028,1.218661576794096,0.7533150908015112,0.4222050324577811,0.47142822751633695,0.4877545705149871,0,True,0.032843599998159334,closed_form,,,,16,float64,NVIDIA GeForce RTX 5060 Ti,2.14.0+cu130,0c39bb9363fb,2026-09-30T20:52:14
ETTh1,720,DLinear,MSE,25.1189,"Σr² + λ·Σ_h w_hᵀPen w_h (tổng, không phạt bias)",,25,0.5100014507281205,1.2186502447732999,0.7533107893824075,0.42220138160946896,0.47141791074645234,0.4877507363771694,0,True,0.04518200000165962,closed_form,,,,16,float64,NVIDIA GeForce RTX 5060 Ti,2.14.0+cu130,0c39bb9363fb,2026-09-30T20:52:15
ETTh1,720,DLinear,MSE,39.8107,"Σr² + λ·Σ_h w_hᵀPen w_h (tổng, không phạt bias)",,25,0.5100201416255375,1.218632501216463,0.7533040737002399,0.42219567176763456,0.4714017509400519,0.4877447902857481,0,True,0.02916710000135936,closed_form,,,,16,float64,NVIDIA GeForce RTX 5060 Ti,2.14.0+cu130,0c39bb9363fb,2026-09-30T20:52:16
ETTh1,720,DLinear,MSE,63.0957,"Σr² + λ·Σ_h w_hᵀPen w_h (tổng, không phạt bias)",,25,0.5100496120740088,1.2186049056986978,0.7532936760440304,0.42218680777781037,0.47137660503329054,0.48773567658830125,0,True,0.03600199999345932,closed_form,,,,16,float64,NVIDIA GeForce RTX 5060 Ti,2.14.0+cu130,0c39bb9363fb,2026-09-30T20:52:17
ETTh1,720,DLinear,MSE,100.0,"Σr² + λ·Σ_h w_hᵀPen w_h (tổng, không phạt bias)",,25,0.5100959473042195,1.2185624274973819,0.753277778487101,0.42217320236431116,0.47133786865550825,0.487721968208182,0,True,0.030100699994363822,closed_form,,,,16,float64,NVIDIA GeForce RTX 5060 Ti,2.14.0+cu130,0c39bb9363fb,2026-09-30T20:52:17
ETTh1,720,DLinear,MSE,158.489,"Σr² + λ·Σ_h w_hᵀPen w_h (tổng, không phạt bias)",,25,0.510168489606886,1.2184980326155193,0.7532539352143457,0.42215266946074564,0.4712790912988191,0.4877019656482527,0,True,0.037264699989464134,closed_form,,,,16,float64,NVIDIA GeForce RTX 5060 Ti,2.14.0+cu130,0c39bb9363fb,2026-09-30T20:52:18
ETTh1,720,DLinear,MSE,251.189,"Σr² + λ·Σ_h w_hᵀPen w_h (tổng, không phạt bias)",,25,0.510281367422242,1.2184025308524145,0.7532191669904519,0.4221224290427492,0.47119184118586005,0.4876742039788688,0,True,0.03306100000918377,closed_form,,,,16,float64,NVIDIA GeForce RTX 5060 Ti,2.14.0+cu130,0c39bb9363fb,2026-09-30T20:52:19
ETTh1,720,DLinear,MSE,398.107,"Σr² + λ·Σ_h w_hᵀPen w_h (tổng, không phạt bias)",,25,0.5104555083660506,1.218265090901987,0.7531704496335049,0.4220793726031891,0.47106625119827417,0.48763832288735126,0,True,0.036238399989088066,closed_form,,,,16,float64,NVIDIA GeForce RTX 5060 Ti,2.14.0+cu130,0c39bb9363fb,2026-09-30T20:52:20
ETTh1,720,DLinear,MSE,630.957,"Σr² + λ·Σ_h w_hᵀPen w_h (tổng, không phạt bias)",,25,0.5107211612038172,1.2180747763754345,0.7531056127879868,0.42202071636961364,0.4708927304068247,0.48759733001746575,0,True,0.031732400006148964,closed_form,,,,16,float64,NVIDIA GeForce RTX 5060 Ti,2.14.0+cu130,0c39bb9363fb,2026-09-30T20:52:21
ETTh1,720,DLinear,MSE,1000.0,"Σr² + λ·Σ_h w_hᵀPen w_h (tổng, không phạt bias)",,25,0.5111208526705383,1.2178230503315883,0.7530251331918955,0.42194501590413275,0.47066509572729187,0.487560307667355,0,True,0.0359996999904979,closed_form,,,,16,float64,NVIDIA GeForce RTX 5060 Ti,2.14.0+cu130,0c39bb9363fb,2026-09-30T20:52:22
ETTh1,720,DLinear,MSE,1584.89,"Σr² + λ·Σ_h w_hᵀPen w_h (tổng, không phạt bias)",,25,0.5117127745209122,1.2175065045489204,0.7529336239185758,0.42185326678371654,0.47038474519906925,0.4875458673844288,0,True,0.03080680000130087,closed_form,,,,16,float64,NVIDIA GeForce RTX 5060 Ti,2.14.0+cu130,0c39bb9363fb,2026-09-30T20:52:22
ETTh1,720,DLinear,MSE,2511.89,"Σr² + λ·Σ_h w_hᵀPen w_h (tổng, không phạt bias)",,25,0.5125746073576744,1.2171292794180162,0.7528418616195907,0.4217498807441892,0.470065296559857,0.4875851580016813,0,True,0.040385699991020374,closed_form,,,,16,float64,NVIDIA GeForce RTX 5060 Ti,2.14.0+cu130,0c39bb9363fb,2026-09-30T20:52:23
ETTh1,720,DLinear,MSE,3981.07,"Σr² + λ·Σ_h w_hᵀPen w_h (tổng, không phạt bias)",,25,0.5138074830186565,1.2167062625014218,0.7527689102905298,0.4216438926620409,0.46973807662217537,0.48772390849243086,0,True,0.035394099992117845,closed_form,,,,16,float64,NVIDIA GeForce RTX 5060 Ti,2.14.0+cu130,0c39bb9363fb,2026-09-30T20:52:24
ETTh1,720,DLinear,MSE,6309.57,"Σr² + λ·Σ_h w_hᵀPen w_h (tổng, không phạt bias)",,25,0.5155396660833871,1.2162696766653367,0.7527460245136893,0.4215512959756343,0.4694607501316754,0.4880243560394084,0,True,0.03624200000194833,closed_form,,,,16,float64,NVIDIA GeForce RTX 5060 Ti,2.14.0+cu130,0c39bb9363fb,2026-09-30T20:52:25
ETTh1,720,DLinear,MSE,10000.0,"Σr² + λ·Σ_h w_hᵀPen w_h (tổng, không phạt bias)",,25,0.517928765551288,1.215881913828117,0.7528214214239399,0.4214994818613845,0.4693337653867229,0.4885713081074074,0,True,0.028325799998128787,closed_form,,,,16,float64,NVIDIA GeForce RTX 5060 Ti,2.14.0+cu130,0c39bb9363fb,2026-09-30T20:52:26
ETTh1,720,DLinear,MSE,15848.9,"Σr² + λ·Σ_h w_hᵀPen w_h (tổng, không phạt bias)",,25,0.521162091743725,1.215653892570018,0.7530697118504369,0.42153342299828145,0.46952710088035443,0.48948245942527974,0,True,0.03552000000490807,closed_form,,,,16,float64,NVIDIA GeForce RTX 5060 Ti,2.14.0+cu130,0c39bb9363fb,2026-09-30T20:52:27
ETTh1,720,DLinear,MSE,25118.9,"Σr² + λ·Σ_h w_hᵀPen w_h (tổng, không phạt bias)",,25,0.5254576566132287,1.2157615596083238,0.7535971651259832,0.4217207260168192,0.47030819507448973,0.49093073176021274,0,True,0.03787259999080561,closed_form,,,,16,float64,NVIDIA GeForce RTX 5060 Ti,2.14.0+cu130,0c39bb9363fb,2026-09-30T20:52:27
ETTh1,720,DLinear,MSE,39810.7,"Σr² + λ·Σ_h w_hᵀPen w_h (tổng, không phạt bias)",,25,0.5310730108922773,1.2164562783069088,0.7545380431486807,0.4221534027515374,0.472054219684346,0.49313120073837263,0,True,0.033379099986632355,closed_form,,,,16,float64,NVIDIA GeForce RTX 5060 Ti,2.14.0+cu130,0c39bb9363fb,2026-09-30T20:52:28
ETTh1,720,DLinear,MSE,63095.7,"Σr² + λ·Σ_h w_hᵀPen w_h (tổng, không phạt bias)",,25,0.5383288991020351,1.2180914516701509,0.7560400937854822,0.4229537926722709,0.47525534612520715,0.49631121866445055,0,True,0.034821300010662526,closed_form,,,,16,float64,NVIDIA GeForce RTX 5060 Ti,2.14.0+cu130,0c39bb9363fb,2026-09-30T20:52:29
ETTh1,720,DLinear,MSE,100000.0,"Σr² + λ·Σ_h w_hᵀPen w_h (tổng, không phạt bias)",,25,0.5476349613674284,1.2212050425730032,0.7582875209700087,0.42429775793288727,0.48054887587777695,0.5007291851451567,0,True,0.034986400001798756,closed_form,,,,16,float64,NVIDIA GeForce RTX 5060 Ti,2.14.0+cu130,0c39bb9363fb,2026-09-30T20:52:30
ETTh1,720,NLinear,MSE,0.0,"Σr² + λ·Σ_h w_hᵀPen w_h (tổng, không phạt bias)",,,0.5618265379638006,1.4278614796231173,0.8167353202001186,0.4781101984823677,0.43436161257553063,0.4504569057837002,0,True,0.35449979999975767,closed_form,,,,16,float64,NVIDIA GeForce RTX 5060 Ti,2.14.0+cu130,0c39bb9363fb,2026-09-30T20:52:31
ETTh1,720,NLinear,MSE,0.01,"Σr² + λ·Σ_h w_hᵀPen w_h (tổng, không phạt bias)",,,0.5618265501023918,1.4278614677324448,0.8167353161882351,0.4781101949582425,0.4343616017608814,0.45045690185389964,0,True,0.04787389999546576,closed_form,,,,16,float64,NVIDIA GeForce RTX 5060 Ti,2.14.0+cu130,0c39bb9363fb,2026-09-30T20:52:32
ETTh1,720,NLinear,MSE,0.0158489,"Σr² + λ·Σ_h w_hᵀPen w_h (tổng, không phạt bias)",,,0.5618265572021158,1.4278614607777667,0.816735313841746,0.47811019289703655,0.4343615954355531,0.4504568995554205,0,True,0.02886469999793917,closed_form,,,,16,float64,NVIDIA GeForce RTX 5060 Ti,2.14.0+cu130,0c39bb9363fb,2026-09-30T20:52:33
ETTh1,720,NLinear,MSE,0.0251189,"Σr² + λ·Σ_h w_hᵀPen w_h (tổng, không phạt bias)",,,0.5618265684545389,1.4278614497552917,0.8167353101228284,0.4781101896302331,0.4343615854105347,0.4504568959125605,0,True,0.0286947999993572,closed_form,,,,16,float64,NVIDIA GeForce RTX 5060 Ti,2.14.0+cu130,0c39bb9363fb,2026-09-30T20:52:34
ETTh1,720,NLinear,MSE,0.0398107,"Σr² + λ·Σ_h w_hᵀPen w_h (tổng, không phạt bias)",,,0.5618265862881713,1.4278614322862555,0.8167353042288855,0.4781101844528291,0.43436156952232324,0.45045689013918694,0,True,0.037037900008726865,closed_form,,,,16,float64,NVIDIA GeForce RTX 5060 Ti,2.14.0+cu130,0c39bb9363fb,2026-09-30T20:52:34
ETTh1,720,NLinear,MSE,0.0630957,"Σr² + λ·Σ_h w_hᵀPen w_h (tổng, không phạt bias)",,,0.5618266145524974,1.427861404600171,0.8167352948877945,0.47811017624736,0.4343615443416332,0.450456880989438,0,True,0.025331099997856654,closed_form,,,,16,float64,NVIDIA GeForce RTX 5060 Ti,2.14.0+cu130,0c39bb9363fb,2026-09-30T20:52:35
ETTh1,720,NLinear,MSE,0.1,"Σr² + λ·Σ_h w_hᵀPen w_h (tổng, không phạt bias)",,,0.5618266593481174,1.4278613607219937,0.8167352800838397,0.47811016324301453,0.434361504434117,0.4504568664890454,0,True,0.040408400003798306,closed_form,,,,16,float64,NVIDIA GeForce RTX 5060 Ti,2.14.0+cu130,0c39bb9363fb,2026-09-30T20:52:36
ETTh1,720,NLinear,MSE,0.158489,"Σr² + λ·Σ_h w_hᵀPen w_h (tổng, không phạt bias)",,,0.5618267303429484,1.4278612911836877,0.8167352566227116,0.4781101426338241,0.43436144118852305,0.45045684350992116,0,True,0.034225199997308664,closed_form,,,,16,float64,NVIDIA GeForce RTX 5060 Ti,2.14.0+cu130,0c39bb9363fb,2026-09-30T20:52:37
ETTh1,720,NLinear,MSE,0.251189,"Σr² + λ·Σ_h w_hᵀPen w_h (tổng, không phạt bias)",,,0.561826842861125,1.427861180980221,0.8167352194426903,0.47811010997299713,0.43436134095765205,0.4504568070951711,0,True,0.03093730000546202,closed_form,,,,16,float64,NVIDIA GeForce RTX 5060 Ti,2.14.0+cu130,0c39bb9363fb,2026-09-30T20:52:38
ETTh1,720,NLinear,MSE,0.398107,"Σr² + λ·Σ_h w_hᵀPen w_h (tổng, không phạt bias)",,,0.5618270211822417,1.4278610063433113,0.8167351605318601,0.4781100582170591,0.43436118212404085,0.45045674939765307,0,True,0.03440920000139158,closed_form,,,,16,float64,NVIDIA GeForce RTX 5060 Ti,2.14.0+cu130,0c39bb9363fb,2026-09-30T20:52:39
ETTh1,720,NLinear,MSE,0.630957,"Σr² + λ·Σ_h w_hᵀPen w_h (tổng, không phạt bias)",,,0.561827303787311,1.4278607296167019,0.816735067190899,0.4781099762078266,0.4343609304389506,0.45045665798578094,0,True,0.03708130000450183,closed_form,,,,16,float64,NVIDIA GeForce RTX 5060 Ti,2.14.0+cu130,0c39bb9363fb,2026-09-30T20:52:39
ETTh1,720,NLinear,MSE,1.0,"Σr² + λ·Σ_h w_hᵀPen w_h (tổng, không phạt bias)",,,0.5618277516475951,1.4278602911719942,0.8167349193136921,0.4781098462785167,0.43436053166966254,0.4504565131845215,0,True,0.05242769999313168,closed_form,,,,16,float64,NVIDIA GeForce RTX 5060 Ti,2.14.0+cu130,0c39bb9363fb,2026-09-30T20:52:40
ETTh1,720,NLinear,MSE,1.58489,"Σr² + λ·Σ_h w_hᵀPen w_h (tổng, không phạt bias)",,,0.5618284613550596,1.4278595966351244,0.8167346851013944,0.4781096404731667,0.4343598999816363,0.4504562838972532,0,True,0.03748890000861138,closed_form,,,,16,float64,NVIDIA GeForce RTX 5060 Ti,2.14.0+cu130,0c39bb9363fb,2026-09-30T20:52:41
ETTh1,720,NLinear,MSE,2.51189,"Σr² + λ·Σ_h w_hᵀPen w_h (tổng, không phạt bias)",,,0.5618295859321649,1.427858496724122,0.8167343143051315,0.47810931458404443,0.4343588996002595,0.4504559209790558,0,True,0.04783349999343045,closed_form,,,,16,float64,NVIDIA GeForce RTX 5060 Ti,2.14.0+cu130,0c39bb9363fb,2026-09-30T20:52:42
ETTh1,720,NLinear,MSE,3.98107,"Σr² + λ·Σ_h w_hᵀPen w_h (tổng, không phạt bias)",,,0.5618313676257928,1.4278567556818569,0.8167337275395911,0.47810879882846863,0.4343573160989854,0.450455347100738,0,True,0.04053619998740032,closed_form,,,,16,float64,NVIDIA GeForce RTX 5060 Ti,2.14.0+cu130,0c39bb9363fb,2026-09-30T20:52:43
ETTh1,720,NLinear,MSE,6.30957,"Σr² + λ·Σ_h w_hᵀPen w_h (tổng, không phạt bias)",,,0.5618341898696994,1.4278540017663546,0.8167327999776615,0.4781079832568093,0.43435481136744164,0.4504544407761525,0,True,0.03291860000172164,closed_form,,,,16,float64,NVIDIA GeForce RTX 5060 Ti,2.14.0+cu130,0c39bb9363fb,2026-09-30T20:52:44
ETTh1,720,NLinear,MSE,10.0,"Σr² + λ·Σ_h w_hᵀPen w_h (tổng, không phạt bias)",,,0.5618386589305601,1.4278496507363694,0.8167313358316406,0.4781066952783699,0.43435085401713774,0.45045301329603754,0,True,0.03776730000390671,closed_form,,,,16,float64,NVIDIA GeForce RTX 5060 Ti,2.14.0+cu130,0c39bb9363fb,2026-09-30T20:52:44
ETTh1,720,NLinear,MSE,15.8489,"Σr² + λ·Σ_h w_hᵀPen w_h (tổng, không phạt bias)",,,0.5618457321171534,1.4278427888404928,0.8167290296301782,0.47810466548489394,0.43434461295867643,0.45045077174470444,0,True,0.03813319999608211,closed_form,,,,16,float64,NVIDIA GeForce RTX 5060 Ti,2.14.0+cu130,0c39bb9363fb,2026-09-30T20:52:45
ETTh1,720,NLinear,MSE,25.1189,"Σr² + λ·Σ_h w_hᵀPen w_h (tổng, không phạt bias)",,,0.5618569181993512,1.427831997574354,0.8167254111970508,0.4781014769483837,0.4343347980512102,0.45044726997125156,0,True,0.039385600000969134,closed_form,,,,16,float64,NVIDIA GeForce RTX 5060 Ti,2.14.0+cu130,0c39bb9363fb,2026-09-30T20:52:46
ETTh1,720,NLinear,MSE,39.8107,"Σr² + λ·Σ_h w_hᵀPen w_h (tổng, không phạt bias)",,,0.561874586445273,1.4278151020749357,0.8167197689946561,0.47809649364763207,0.43431943148480845,0.45044184515012675,0,True,0.031069200005731545,closed_form,,,,16,float64,NVIDIA GeForce RTX 5060 Ti,2.14.0+cu130,0c39bb9363fb,2026-09-30T20:52:47
ETTh1,720,NLinear,MSE,63.0957,"Σr² + λ·Σ_h w_hᵀPen w_h (tổng, không phạt bias)",,,0.5619024402118444,1.4277888287732268,0.8167110514924671,0.4780887661335422,0.4342955374563557,0.4504335555426854,0,True,0.03742629999760538,closed_form,,,,16,float64,NVIDIA GeForce RTX 5060 Ti,2.14.0+cu130,0c39bb9363fb,2026-09-30T20:52:48
ETTh1,720,NLinear,MSE,100.0,"Σr² + λ·Σ_h w_hᵀPen w_h (tổng, không phạt bias)",,,0.5619462232666868,1.4277483936696336,0.8166977693505777,0.4780769259417836,0.43425877204270175,0.4504211560689057,0,True,0.04290000000037253,closed_form,,,,16,float64,NVIDIA GeForce RTX 5060 Ti,2.14.0+cu130,0c39bb9363fb,2026-09-30T20:52:48
ETTh1,720,NLinear,MSE,158.489,"Σr² + λ·Σ_h w_hᵀPen w_h (tổng, không phạt bias)",,,0.5620147451666859,1.4276871136972227,0.8166779599099939,0.4780591065855882,0.43420308617960535,0.4504032166326079,0,True,0.04299200000241399,closed_form,,,,16,float64,NVIDIA GeForce RTX 5060 Ti,2.14.0+cu130,0c39bb9363fb,2026-09-30T20:52:49
ETTh1,720,NLinear,MSE,251.189,"Σr² + λ·Σ_h w_hᵀPen w_h (tổng, không phạt bias)",,,0.5621213095902687,1.4275962682160115,0.8166493203104066,0.4780329767911593,0.4341206566274212,0.4503786091451133,0,True,0.04070129999308847,closed_form,,,,16,float64,NVIDIA GeForce RTX 5060 Ti,2.14.0+cu130,0c39bb9363fb,2026-09-30T20:52:50
ETTh1,720,NLinear,MSE,398.107,"Σr² + λ·Σ_h w_hᵀPen w_h (tổng, không phạt bias)",,,0.5622855824906536,1.4274655918590988,0.8166097519225113,0.47799602441232625,0.43400251112606564,0.45034770394547385,0,True,0.038927800007513724,closed_form,,,,16,float64,NVIDIA GeForce RTX 5060 Ti,2.14.0+cu130,0c39bb9363fb,2026-09-30T20:52:51
ETTh1,720,NLinear,MSE,630.957,"Σr² + λ·Σ_h w_hᵀPen w_h (tổng, không phạt bias)",,,0.5625359147330385,1.427284699585679,0.8165581932844996,0.4779462016711698,0.43384030268790874,0.4503143430849615,0,True,0.039969999997993,closed_form,,,,16,float64,NVIDIA GeForce RTX 5060 Ti,2.14.0+cu130,0c39bb9363fb,2026-09-30T20:52:52
ETTh1,720,NLinear,MSE,1000.0,"Σr² + λ·Σ_h w_hᵀPen w_h (tổng, không phạt bias)",,,0.5629120524748067,1.4270452943926353,0.8164966679038216,0.47788288095002235,0.43362939476483486,0.4502890896155941,0,True,0.03897069999948144,closed_form,,,,16,float64,NVIDIA GeForce RTX 5060 Ti,2.14.0+cu130,0c39bb9363fb,2026-09-30T20:52:53
ETTh1,720,NLinear,MSE,1584.89,"Σr² + λ·Σ_h w_hᵀPen w_h (tổng, không phạt bias)",,,0.5634682743970321,1.4267432829818514,0.8164314603964544,0.47780781987947907,0.4333727080623124,0.4502922096954359,0,True,0.03680700001132209,closed_form,,,,16,float64,NVIDIA GeForce RTX 5060 Ti,2.14.0+cu130,0c39bb9363fb,2026-09-30T20:52:54
ETTh1,720,NLinear,MSE,2511.89,"Σr² + λ·Σ_h w_hᵀPen w_h (tổng, không phạt bias)",,,0.5642770716682615,1.4263802050438958,0.8163748081610873,0.4777259270543647,0.43308459079990447,0.45035586632369917,0,True,0.043575999996392056,closed_form,,,,16,float64,NVIDIA GeForce RTX 5060 Ti,2.14.0+cu130,0c39bb9363fb,2026-09-30T20:52:54
ETTh1,720,NLinear,MSE,3981.07,"Σr² + λ·Σ_h w_hᵀPen w_h (tổng, không phạt bias)",,,0.5654332496639591,1.425965283025242,0.8163464520851754,0.47764624715292353,0.4327951052313682,0.45052575607463086,0,True,0.03154989999893587,closed_form,,,,16,float64,NVIDIA GeForce RTX 5060 Ti,2.14.0+cu130,0c39bb9363fb,2026-09-30T20:52:55
ETTh1,720,NLinear,MSE,6309.57,"Σr² + λ·Σ_h w_hᵀPen w_h (tổng, không phạt bias)",,,0.5670582076269729,1.4255212729015476,0.8163767631610638,0.4775841995679724,0.43255702047758016,0.4508610278001733,0,True,0.040492800006177276,closed_form,,,,16,float64,NVIDIA GeForce RTX 5060 Ti,2.14.0+cu130,0c39bb9363fb,2026-09-30T20:52:56
ETTh1,720,NLinear,MSE,10000.0,"Σr² + λ·Σ_h w_hᵀPen w_h (tổng, không phạt bias)",,,0.569303405688467,1.4250977444108668,0.8165130497937156,0.4775662573850948,0.43245961705400476,0.45143795089607996,0,True,0.03283690000534989,closed_form,,,,16,float64,NVIDIA GeForce RTX 5060 Ti,2.14.0+cu130,0c39bb9363fb,2026-09-30T20:52:57
ETTh1,720,NLinear,MSE,15848.9,"Σr² + λ·Σ_h w_hᵀPen w_h (tổng, không phạt bias)",,,0.5723527825289626,1.4247923260514461,0.8168292968836234,0.4776371463402295,0.4326515819759223,0.45236066994866286,0,True,0.033946600000490434,closed_form,,,,16,float64,NVIDIA GeForce RTX 5060 Ti,2.14.0+cu130,0c39bb9363fb,2026-09-30T20:52:58
ETTh1,720,NLinear,MSE,25118.9,"Σr² + λ·Σ_h w_hᵀPen w_h (tổng, không phạt bias)",,,0.5764264401489863,1.424774550443354,0.817435000197608,0.4778674803962477,0.43336624741439445,0.4537760601891296,0,True,0.028696000008494593,closed_form,,,,16,float64,NVIDIA GeForce RTX 5060 Ti,2.14.0+cu130,0c39bb9363fb,2026-09-30T20:52:59
ETTh1,720,NLinear,MSE,39810.7,"Σr² + λ·Σ_h w_hᵀPen w_h (tổng, không phạt bias)",,,0.5817920024486257,1.4253086698622461,0.8184765434624486,0.4783598292904657,0.43493471154813457,0.4558643636391999,0,True,0.03225420000671875,closed_form,,,,16,float64,NVIDIA GeForce RTX 5060 Ti,2.14.0+cu130,0c39bb9363fb,2026-09-30T20:53:00
ETTh1,720,NLinear,MSE,63095.7,"Σr² + λ·Σ_h w_hᵀPen w_h (tổng, không phạt bias)",,,0.5887902681585754,1.4267949669659605,0.8201369799139232,0.4792587987618147,0.43779136248948924,0.45882491577163503,0,True,0.03184569999575615,closed_form,,,,16,float64,NVIDIA GeForce RTX 5060 Ti,2.14.0+cu130,0c39bb9363fb,2026-09-30T20:53:00
ETTh1,720,NLinear,MSE,100000.0,"Σr² + λ·Σ_h w_hᵀPen w_h (tổng, không phạt bias)",,,0.5978642110776193,1.4298698291842349,0.8226590481129559,0.4807782064814308,0.44251376512629,0.462880729383613,0,True,0.04455249999591615,closed_form,,,,16,float64,NVIDIA GeForce RTX 5060 Ti,2.14.0+cu130,0c39bb9363fb,2026-09-30T20:53:02
ETTh1,720,Linear,MAE,0.0,"Σ|r| + λ·Σ_h w_hᵀPen w_h (irls δ = 1e-6, tổng, không phạt bias)",1e-06,,0.5046987420293788,1.2796404704619413,0.7694098626328766,0.43820574340670937,0.45684579163955946,0.47365726705543815,476,True,576.1434311000048,ols,,3e-11,1,16,float32,NVIDIA GeForce RTX 5060 Ti,2.14.0+cu130,0c39bb9363fb,2026-09-30T21:02:40
ETTh1,720,Linear,MAE,1.0,"Σ|r| + λ·Σ_h w_hᵀPen w_h (irls δ = 1e-6, tổng, không phạt bias)",1e-06,,0.5047004717717827,1.2796405308829981,0.7694098776119699,0.43820575839877546,0.4568457710631386,0.4736572526742483,1,True,1.3029518999974243,warm,,1e-10,1,16,float32,NVIDIA GeForce RTX 5060 Ti,2.14.0+cu130,0c39bb9363fb,2026-09-30T21:02:42
ETTh1,720,Linear,MAE,3.0,"Σ|r| + λ·Σ_h w_hᵀPen w_h (irls δ = 1e-6, tổng, không phạt bias)",1e-06,,0.5047039312351828,1.2796405476037107,0.7694098769392412,0.43820576056092436,0.45684571427126486,0.473657222722541,1,True,1.2985090000001946,warm,,1e-10,1,16,float32,NVIDIA GeForce RTX 5060 Ti,2.14.0+cu130,0c39bb9363fb,2026-09-30T21:02:45
ETTh1,720,Linear,MAE,10.0,"Σ|r| + λ·Σ_h w_hᵀPen w_h (irls δ = 1e-6, tổng, không phạt bias)",1e-06,,0.5047160001741204,1.2796332006835425,0.7694055035174384,0.4382028979510371,0.4568239512236075,0.47364644300158026,201,True,244.39324250000936,warm,,1e-10,1,16,float32,NVIDIA GeForce RTX 5060 Ti,2.14.0+cu130,0c39bb9363fb,2026-09-30T21:06:51
ETTh1,720,Linear,MAE,30.0,"Σ|r| + λ·Σ_h w_hᵀPen w_h (irls δ = 1e-6, tổng, không phạt bias)",1e-06,,0.504750235154662,1.2795646698848075,0.7693800639912896,0.43818227387352315,0.45675737602967154,0.4736169183723313,263,True,318.4634401000076,warm,,1e-10,1,16,float32,NVIDIA GeForce RTX 5060 Ti,2.14.0+cu130,0c39bb9363fb,2026-09-30T21:12:10
ETTh1,720,Linear,MAE,100.0,"Σ|r| + λ·Σ_h w_hᵀPen w_h (irls δ = 1e-6, tổng, không phạt bias)",1e-06,,0.5048673526533721,1.279293850269613,0.7692856355794125,0.4381039960497081,0.45653969032286934,0.47352690903851524,247,True,319.8504626000067,warm,,1e-10,1,16,float32,NVIDIA GeForce RTX 5060 Ti,2.14.0+cu130,0c39bb9363fb,2026-09-30T21:17:31
ETTh1,720,Linear,MAE,300.0,"Σ|r| + λ·Σ_h w_hᵀPen w_h (irls δ = 1e-6, tổng, không phạt bias)",1e-06,,0.5051822312332831,1.2786445233961947,0.7690654493059833,0.437918268280897,0.45600502723987074,0.4733258430559244,190,True,252.0991256999987,warm,,1e-10,1,16,float32,NVIDIA GeForce RTX 5060 Ti,2.14.0+cu130,0c39bb9363fb,2026-09-30T21:21:45
ETTh1,720,Linear,MAE,1000.0,"Σ|r| + λ·Σ_h w_hᵀPen w_h (irls δ = 1e-6, tổng, không phạt bias)",1e-06,,0.506132204618564,1.277072957352383,0.7686071271407722,0.4374972084649426,0.45481006090846343,0.47302086205773175,146,True,191.54700740000408,warm,,1e-10,1,16,float32,NVIDIA GeForce RTX 5060 Ti,2.14.0+cu130,0c39bb9363fb,2026-09-30T21:24:58
ETTh1,720,Linear,MAE,3000.0,"Σ|r| + λ·Σ_h w_hᵀPen w_h (irls δ = 1e-6, tổng, không phạt bias)",1e-06,,0.5082283696650375,1.2743223668218158,0.767997084736431,0.4368386776452301,0.45315195857638735,0.473059681232156,123,True,163.63017279999622,warm,,1e-10,1,16,float32,NVIDIA GeForce RTX 5060 Ti,2.14.0+cu130,0c39bb9363fb,2026-09-30T21:27:43
ETTh1,720,Linear,MAE,10000.0,"Σ|r| + λ·Σ_h w_hᵀPen w_h (irls δ = 1e-6, tổng, không phạt bias)",1e-06,,0.5131802076241982,1.2698362495984366,0.7675003163243567,0.4359672940026794,0.4519675092564805,0.47473532686540804,106,True,140.7957322000002,warm,,1e-10,1,16,float32,NVIDIA GeForce RTX 5060 Ti,2.14.0+cu130,0c39bb9363fb,2026-09-30T21:30:05
ETTh1,720,Linear,MAE,30000.0,"Σ|r| + λ·Σ_h w_hᵀPen w_h (irls δ = 1e-6, tổng, không phạt bias)",1e-06,,0.5218915691774525,1.2655656553627062,0.7681428250579623,0.4356135370512486,0.4553378177544898,0.4801731340594274,98,True,129.9931768999959,warm,,1e-10,1,16,float32,NVIDIA GeForce RTX 5060 Ti,2.14.0+cu130,0c39bb9363fb,2026-09-30T21:32:16
ETTh1,720,Linear,MAE,90000.0,"Σ|r| + λ·Σ_h w_hᵀPen w_h (irls δ = 1e-6, tổng, không phạt bias)",1e-06,,0.5370833028204699,1.2661333471603664,0.7720697019915513,0.4375095349260499,0.4720890541853695,0.49380002318559085,90,True,119.8429843000049,warm,,1e-10,1,16,float32,NVIDIA GeForce RTX 5060 Ti,2.14.0+cu130,0c39bb9363fb,2026-09-30T21:34:18
ETTh1,720,DLinear,MAE,0.0,"Σ|r| + λ·Σ_h w_hᵀPen w_h (irls δ = 1e-6, tổng, không phạt bias)",1e-06,25,0.5046987420293788,1.2796404704619413,0.7694098626328766,0.43820574340670937,0.45684579163955946,0.47365726705543815,476,True,0,ols,Linear,3e-11,1,16,float32,NVIDIA GeForce RTX 5060 Ti,2.14.0+cu130,0c39bb9363fb,2026-09-30T21:34:18
ETTh1,720,DLinear,MAE,1.0,"Σ|r| + λ·Σ_h w_hᵀPen w_h (irls δ = 1e-6, tổng, không phạt bias)",1e-06,25,0.5047004024679472,1.2796405295800224,0.7694098772663057,0.43820575807274365,0.4568457704667052,0.47365725263320757,1,True,1.4312178999971366,warm,,1e-10,1,16,float32,NVIDIA GeForce RTX 5060 Ti,2.14.0+cu130,0c39bb9363fb,2026-09-30T21:34:20
ETTh1,720,DLinear,MAE,3.0,"Σ|r| + λ·Σ_h w_hᵀPen w_h (irls δ = 1e-6, tổng, không phạt bias)",1e-06,25,0.5047037233265456,1.2796405428154887,0.7694098756866758,0.4382057593711425,0.4568457119638609,0.4736572224875126,1,True,1.419504199991934,warm,,1e-10,1,16,float32,NVIDIA GeForce RTX 5060 Ti,2.14.0+cu130,0c39bb9363fb,2026-09-30T21:34:23
ETTh1,720,DLinear,MAE,10.0,"Σ|r| + λ·Σ_h w_hᵀPen w_h (irls δ = 1e-6, tổng, không phạt bias)",1e-06,25,0.5047153104483451,1.2796320464568829,0.7694052853987126,0.4382026442655204,0.45682388022494014,0.47364685039653553,197,True,259.7230932000093,warm,,1e-10,1,16,float32,NVIDIA GeForce RTX 5060 Ti,2.14.0+cu130,0c39bb9363fb,2026-09-30T21:38:44
ETTh1,720,DLinear,MAE,30.0,"Σ|r| + λ·Σ_h w_hᵀPen w_h (irls δ = 1e-6, tổng, không phạt bias)",1e-06,25,0.5047481839306007,1.2795602510862105,0.7693788178822835,0.43818114423674337,0.4567562143231376,0.4736175745001639,262,True,343.3168089999963,warm,,1e-10,1,16,float32,NVIDIA GeForce RTX 5060 Ti,2.14.0+cu130,0c39bb9363fb,2026-09-30T21:44:29
ETTh1,720,DLinear,MAE,100.0,"Σ|r| + λ·Σ_h w_hᵀPen w_h (irls δ = 1e-6, tổng, không phạt bias)",1e-06,25,0.5048607171309095,1.2792802231985305,0.769281528530825,0.4381003661197369,0.4565343166360645,0.47352817861420815,248,True,325.94532049998816,warm,,1e-10,1,16,float32,NVIDIA GeForce RTX 5060 Ti,2.14.0+cu130,0c39bb9363fb,2026-09-30T21:49:56
ETTh1,720,DLinear,MAE,300.0,"Σ|r| + λ·Σ_h w_hᵀPen w_h (irls δ = 1e-6, tổng, không phạt bias)",1e-06,25,0.5051639204558163,1.2786063035490123,0.7690534036037435,0.4379078049442111,0.45599086173317904,0.4733290453997729,191,True,252.7183914000052,warm,,1e-10,1,16,float32,NVIDIA GeForce RTX 5060 Ti,2.14.0+cu130,0c39bb9363fb,2026-09-30T21:54:10
ETTh1,720,DLinear,MAE,1000.0,"Σ|r| + λ·Σ_h w_hᵀPen w_h (irls δ = 1e-6, tổng, không phạt bias)",1e-06,25,0.5060847549770837,1.2769198011235576,0.7685579825703345,0.4374554957928598,0.45473676464975676,0.4730128631746252,146,True,191.84376319999865,warm,,1e-10,1,16,float32,NVIDIA GeForce RTX 5060 Ti,2.14.0+cu130,0c39bb9363fb,2026-09-30T21:57:23
ETTh1,720,DLinear,MAE,3000.0,"Σ|r| + λ·Σ_h w_hᵀPen w_h (irls δ = 1e-6, tổng, không phạt bias)",1e-06,25,0.5081420012537149,1.2739458064196674,0.7678635985270337,0.43673207674978504,0.4529320209756435,0.4729967098009791,123,True,152.81892279999738,warm,,1e-10,1,16,float32,NVIDIA GeForce RTX 5060 Ti,2.14.0+cu130,0c39bb9363fb,2026-09-30T21:59:57
ETTh1,720,DLinear,MAE,10000.0,"Σ|r| + λ·Σ_h w_hᵀPen w_h (irls δ = 1e-6, tổng, không phạt bias)",1e-06,25,0.5130669703913815,1.2692960733945022,0.7672894495048573,0.43580861428746026,0.45156054380593014,0.4745683649789581,106,True,130.34846759999346,warm,,1e-10,1,16,float32,NVIDIA GeForce RTX 5060 Ti,2.14.0+cu130,0c39bb9363fb,2026-09-30T22:02:09
ETTh1,720,DLinear,MAE,30000.0,"Σ|r| + λ·Σ_h w_hᵀPen w_h (irls δ = 1e-6, tổng, không phạt bias)",1e-06,25,0.5217770773749817,1.2650856598043796,0.7679769534720959,0.43548047537916434,0.4548613808434794,0.47989715278028355,98,True,120.14826690001064,warm,,1e-10,1,16,float32,NVIDIA GeForce RTX 5060 Ti,2.14.0+cu130,0c39bb9363fb,2026-09-30T22:04:10
ETTh1,720,DLinear,MAE,90000.0,"Σ|r| + λ·Σ_h w_hᵀPen w_h (irls δ = 1e-6, tổng, không phạt bias)",1e-06,25,0.536917946864296,1.2659955181559062,0.7720967864639613,0.43748560947801146,0.47184199976133984,0.49360346655203113,90,True,110.1006148000015,warm,,1e-10,1,16,float32,NVIDIA GeForce RTX 5060 Ti,2.14.0+cu130,0c39bb9363fb,2026-09-30T22:06:02
ETTh1,720,NLinear,MAE,0.0,"Σ|r| + λ·Σ_h w_hᵀPen w_h (irls δ = 1e-6, tổng, không phạt bias)",1e-06,,0.5268310056673601,1.4663303336815523,0.8243709895647732,0.48598349959645987,0.4317542862912196,0.44445750311263676,477,True,583.6202105999982,ols,,3e-11,1,16,float32,NVIDIA GeForce RTX 5060 Ti,2.14.0+cu130,0c39bb9363fb,2026-09-30T22:15:46
ETTh1,720,NLinear,MAE,1.0,"Σ|r| + λ·Σ_h w_hᵀPen w_h (irls δ = 1e-6, tổng, không phạt bias)",1e-06,,0.5268326121511592,1.466330380595908,0.8243709983876641,0.4859835084633662,0.4317542753565703,0.44445749395240636,1,True,1.312834100011969,warm,,1e-10,1,16,float32,NVIDIA GeForce RTX 5060 Ti,2.14.0+cu130,0c39bb9363fb,2026-09-30T22:15:49
ETTh1,720,NLinear,MAE,3.0,"Σ|r| + λ·Σ_h w_hᵀPen w_h (irls δ = 1e-6, tổng, không phạt bias)",1e-06,,0.5268358250980596,1.4663303805207826,0.8243709924499447,0.48598350438693194,0.43175422875983904,0.4444574705159984,1,True,1.349696400007815,warm,,1e-10,1,16,float32,NVIDIA GeForce RTX 5060 Ti,2.14.0+cu130,0c39bb9363fb,2026-09-30T22:15:51
ETTh1,720,NLinear,MAE,10.0,"Σ|r| + λ·Σ_h w_hᵀPen w_h (irls δ = 1e-6, tổng, không phạt bias)",1e-06,,0.5268470299012145,1.4663175107560558,0.8243656881148207,0.4859790623415162,0.4317341025573571,0.4444483837328715,201,True,246.28357040000265,warm,,1e-10,1,16,float32,NVIDIA GeForce RTX 5060 Ti,2.14.0+cu130,0c39bb9363fb,2026-09-30T22:19:59
ETTh1,720,NLinear,MAE,30.0,"Σ|r| + λ·Σ_h w_hᵀPen w_h (irls δ = 1e-6, tổng, không phạt bias)",1e-06,,0.5268787927803205,1.4662440680980344,0.8243413267532196,0.48595827650312107,0.4316694665838286,0.444422148686802,260,True,318.7848527999886,warm,,1e-10,1,16,float32,NVIDIA GeForce RTX 5060 Ti,2.14.0+cu130,0c39bb9363fb,2026-09-30T22:25:19
ETTh1,720,NLinear,MAE,100.0,"Σ|r| + λ·Σ_h w_hᵀPen w_h (irls δ = 1e-6, tổng, không phạt bias)",1e-06,,0.5269872602185102,1.4659698187593975,0.8242565123571348,0.4858846342071631,0.4314489498920403,0.44433383417024963,243,True,298.0757766000024,warm,,1e-10,1,16,float32,NVIDIA GeForce RTX 5060 Ti,2.14.0+cu130,0c39bb9363fb,2026-09-30T22:30:18
ETTh1,720,NLinear,MAE,300.0,"Σ|r| + λ·Σ_h w_hᵀPen w_h (irls δ = 1e-6, tổng, không phạt bias)",1e-06,,0.5272777597293943,1.4652775096948238,0.824057893959845,0.48570547817360094,0.4309149299830567,0.444138525139417,187,True,229.59419190000335,warm,,1e-10,1,16,float32,NVIDIA GeForce RTX 5060 Ti,2.14.0+cu130,0c39bb9363fb,2026-09-30T22:34:09
ETTh1,720,NLinear,MAE,1000.0,"Σ|r| + λ·Σ_h w_hᵀPen w_h (irls δ = 1e-6, tổng, không phạt bias)",1e-06,,0.5281508712698,1.4635626598733507,0.8236407037759375,0.48529427741214265,0.4296520976902826,0.44380856642301486,143,True,173.2589300999971,warm,,1e-10,1,16,float32,NVIDIA GeForce RTX 5060 Ti,2.14.0+cu130,0c39bb9363fb,2026-09-30T22:37:04
ETTh1,720,NLinear,MAE,3000.0,"Σ|r| + λ·Σ_h w_hᵀPen w_h (irls δ = 1e-6, tổng, không phạt bias)",1e-06,,0.5300853902854962,1.4606329992977891,0.8231427096922996,0.4846895155252234,0.42785041094796916,0.4438025319736433,122,True,148.6866233999899,warm,,1e-10,1,16,float32,NVIDIA GeForce RTX 5060 Ti,2.14.0+cu130,0c39bb9363fb,2026-09-30T22:39:33
ETTh1,720,NLinear,MAE,10000.0,"Σ|r| + λ·Σ_h w_hᵀPen w_h (irls δ = 1e-6, tổng, không phạt bias)",1e-06,,0.5347253589422387,1.4556036195971143,0.822890961420951,0.48391451503541283,0.42620189324786756,0.44539721463469206,107,True,129.36882660000992,warm,,1e-10,1,16,float32,NVIDIA GeForce RTX 5060 Ti,2.14.0+cu130,0c39bb9363fb,2026-09-30T22:41:44
ETTh1,720,NLinear,MAE,30000.0,"Σ|r| + λ·Σ_h w_hᵀPen w_h (irls δ = 1e-6, tổng, không phạt bias)",1e-06,,0.543073329499171,1.4509150713969385,0.8240648623762477,0.48383404350427794,0.4282457129344344,0.45043066751028715,97,True,117.42506280000089,warm,,1e-10,1,16,float32,NVIDIA GeForce RTX 5060 Ti,2.14.0+cu130,0c39bb9363fb,2026-09-30T22:43:42
ETTh1,720,NLinear,MAE,90000.0,"Σ|r| + λ·Σ_h w_hᵀPen w_h (irls δ = 1e-6, tổng, không phạt bias)",1e-06,,0.5580015913113489,1.4526113358084194,0.8293849466325502,0.4866178365485305,0.44158202742431374,0.46248315312490856,88,True,106.49203360000683,warm,,1e-10,1,16,float32,NVIDIA GeForce RTX 5060 Ti,2.14.0+cu130,0c39bb9363fb,2026-09-30T22:45:30
ETTh1,720,Linear,Huber,0.0,"Σρ_δ(r)/δ + λ·Σ_h w_hᵀPen w_h, δ = 1, ρ = r²/2 trong ngưỡng (tổng, không phạt bias)",1.0,,0.22037829486765595,1.2463703645403617,0.7609348833143453,0.4296736667812221,0.4615745544323445,0.47921314407913645,7,True,8.543849900001078,ols,,1e-09,1,16,float32,NVIDIA GeForce RTX 5060 Ti,2.14.0+cu130,0c39bb9363fb,2026-09-30T22:45:39
ETTh1,720,Linear,Huber,1.0,"Σρ_δ(r)/δ + λ·Σ_h w_hᵀPen w_h, δ = 1, ρ = r²/2 trong ngưỡng (tổng, không phạt bias)",1.0,,0.22037971038139467,1.2463676571658877,0.7609337521789973,0.4296727725987642,0.4615716980160221,0.47921206067879873,2,True,2.4745913999940967,warm,,1e-09,1,16,float32,NVIDIA GeForce RTX 5060 Ti,2.14.0+cu130,0c39bb9363fb,2026-09-30T22:45:43
ETTh1,720,Linear,Huber,3.0,"Σρ_δ(r)/δ + λ·Σ_h w_hᵀPen w_h, δ = 1, ρ = r²/2 trong ngưỡng (tổng, không phạt bias)",1.0,,0.22038253824494092,1.246360839165638,0.7609312377247862,0.42967065799051374,0.4615652829193748,0.4792097090324666,2,True,2.5111701999994693,warm,,1e-09,1,16,float32,NVIDIA GeForce RTX 5060 Ti,2.14.0+cu130,0c39bb9363fb,2026-09-30T22:45:47
ETTh1,720,Linear,Huber,10.0,"Σρ_δ(r)/δ + λ·Σ_h w_hᵀPen w_h, δ = 1, ρ = r²/2 trong ngưỡng (tổng, không phạt bias)",1.0,,0.22039240251293446,1.2463364856668322,0.7609223269006857,0.42966313580506765,0.46154245397342925,0.4792014438184665,3,True,3.677327500001411,warm,,1e-09,1,16,float32,NVIDIA GeForce RTX 5060 Ti,2.14.0+cu130,0c39bb9363fb,2026-09-30T22:45:51
ETTh1,720,Linear,Huber,30.0,"Σρ_δ(r)/δ + λ·Σ_h w_hᵀPen w_h, δ = 1, ρ = r²/2 trong ngưỡng (tổng, không phạt bias)",1.0,,0.22042030908449747,1.2462695817468314,0.7608980868245918,0.42964255449613215,0.4614797596895946,0.47917932766797133,3,True,3.681273499998497,warm,,1e-09,1,16,float32,NVIDIA GeForce RTX 5060 Ti,2.14.0+cu130,0c39bb9363fb,2026-09-30T22:45:56
ETTh1,720,Linear,Huber,100.0,"Σρ_δ(r)/δ + λ·Σ_h w_hᵀPen w_h, δ = 1, ρ = r²/2 trong ngưỡng (tổng, không phạt bias)",1.0,,0.22051502340037343,1.2460557384522546,0.7608230396780491,0.42957767129235236,0.46127986629548345,0.4791149397271839,4,True,4.8113978000037605,warm,,1e-09,1,16,float32,NVIDIA GeForce RTX 5060 Ti,2.14.0+cu130,0c39bb9363fb,2026-09-30T22:46:02
ETTh1,720,Linear,Huber,300.0,"Σρ_δ(r)/δ + λ·Σ_h w_hᵀPen w_h, δ = 1, ρ = r²/2 trong ngưỡng (tổng, không phạt bias)",1.0,,0.22076540244959403,1.2455730476598807,0.7606683278910448,0.42943670860459543,0.4608354508667714,0.47900971710160956,5,True,6.078374400007306,warm,,1e-09,1,16,float32,NVIDIA GeForce RTX 5060 Ti,2.14.0+cu130,0c39bb9363fb,2026-09-30T22:46:09
ETTh1,720,Linear,Huber,1000.0,"Σρ_δ(r)/δ + λ·Σ_h w_hᵀPen w_h, δ = 1, ρ = r²/2 trong ngưỡng (tổng, không phạt bias)",1.0,,0.22150115302623904,1.2445333598158441,0.7604163251752294,0.4291637055340616,0.45996337629391126,0.4790223615345675,5,True,6.057949200010626,warm,,1e-09,1,16,float32,NVIDIA GeForce RTX 5060 Ti,2.14.0+cu130,0c39bb9363fb,2026-09-30T22:46:16
ETTh1,720,Linear,Huber,3000.0,"Σρ_δ(r)/δ + λ·Σ_h w_hᵀPen w_h, δ = 1, ρ = r²/2 trong ngưỡng (tổng, không phạt bias)",1.0,,0.2230834265160878,1.2430961453719669,0.7602996240758644,0.42887375804805067,0.45918670108640497,0.47977564008461215,6,True,7.25698389999161,warm,,1e-09,1,16,float32,NVIDIA GeForce RTX 5060 Ti,2.14.0+cu130,0c39bb9363fb,2026-09-30T22:46:25
ETTh1,720,Linear,Huber,10000.0,"Σρ_δ(r)/δ + λ·Σ_h w_hᵀPen w_h, δ = 1, ρ = r²/2 trong ngưỡng (tổng, không phạt bias)",1.0,,0.2267545314886316,1.2416241517492883,0.7609401888406467,0.4288650472559607,0.46025162433786665,0.4829777628788407,6,True,7.301787200005492,warm,,1e-09,1,16,float32,NVIDIA GeForce RTX 5060 Ti,2.14.0+cu130,0c39bb9363fb,2026-09-30T22:46:33
ETTh1,720,Linear,Huber,30000.0,"Σρ_δ(r)/δ + λ·Σ_h w_hᵀPen w_h, δ = 1, ρ = r²/2 trong ngưỡng (tổng, không phạt bias)",1.0,,0.23318630232293683,1.243137982415718,0.7637212751969464,0.43021115859545983,0.4677754038877268,0.49071597860469457,6,True,7.315320499998052,warm,,1e-09,1,16,float32,NVIDIA GeForce RTX 5060 Ti,2.14.0+cu130,0c39bb9363fb,2026-09-30T22:46:42
ETTh1,720,DLinear,Huber,0.0,"Σρ_δ(r)/δ + λ·Σ_h w_hᵀPen w_h, δ = 1, ρ = r²/2 trong ngưỡng (tổng, không phạt bias)",1.0,25,0.22037829486765595,1.2463703645403617,0.7609348833143453,0.4296736667812221,0.4615745544323445,0.47921314407913645,7,True,0,ols,Linear,1e-09,1,16,float32,NVIDIA GeForce RTX 5060 Ti,2.14.0+cu130,0c39bb9363fb,2026-09-30T22:46:42
ETTh1,720,DLinear,Huber,1.0,"Σρ_δ(r)/δ + λ·Σ_h w_hᵀPen w_h, δ = 1, ρ = r²/2 trong ngưỡng (tổng, không phạt bias)",1.0,25,0.22037962865688662,1.2463674420574455,0.7609337010406537,0.42967272037490206,0.46157168384409064,0.47921214366682297,2,True,2.5154963999957545,warm,,1e-09,1,16,float32,NVIDIA GeForce RTX 5060 Ti,2.14.0+cu130,0c39bb9363fb,2026-09-30T22:46:45
ETTh1,720,DLinear,Huber,3.0,"Σρ_δ(r)/δ + λ·Σ_h w_hᵀPen w_h, δ = 1, ρ = r²/2 trong ngưỡng (tổng, không phạt bias)",1.0,25,0.22038229347513902,1.2463601836610347,0.7609310808234414,0.429670498526133,0.46156523643682545,0.47920995825565094,2,True,2.508290300000226,warm,,1e-09,1,16,float32,NVIDIA GeForce RTX 5060 Ti,2.14.0+cu130,0c39bb9363fb,2026-09-30T22:46:49
ETTh1,720,DLinear,Huber,10.0,"Σρ_δ(r)/δ + λ·Σ_h w_hᵀPen w_h, δ = 1, ρ = r²/2 trong ngưỡng (tổng, không phạt bias)",1.0,25,0.22039159128737362,1.2463342420808852,0.7609217823924441,0.4296625870026023,0.46154226729915426,0.47920226572793156,3,True,3.6849421999941114,warm,,1e-09,1,16,float32,NVIDIA GeForce RTX 5060 Ti,2.14.0+cu130,0c39bb9363fb,2026-09-30T22:46:54
ETTh1,720,DLinear,Huber,30.0,"Σρ_δ(r)/δ + λ·Σ_h w_hᵀPen w_h, δ = 1, ρ = r²/2 trong ngưỡng (tổng, không phạt bias)",1.0,25,0.22041791453355142,1.246262796619989,0.7608963920562434,0.429640875246658,0.4614790447312909,0.47918163256454466,3,True,3.6666347999998834,warm,,1e-09,1,16,float32,NVIDIA GeForce RTX 5060 Ti,2.14.0+cu130,0c39bb9363fb,2026-09-30T22:46:59
ETTh1,720,DLinear,Huber,100.0,"Σρ_δ(r)/δ + λ·Σ_h w_hᵀPen w_h, δ = 1, ρ = r²/2 trong ngưỡng (tổng, không phạt bias)",1.0,25,0.2205074648962016,1.246032533611782,0.7608167346288037,0.4295717303953492,0.46127588191302255,0.47912108940852616,4,True,4.842496099998243,warm,,1e-09,1,16,float32,NVIDIA GeForce RTX 5060 Ti,2.14.0+cu130,0c39bb9363fb,2026-09-30T22:47:05
ETTh1,720,DLinear,Huber,300.0,"Σρ_δ(r)/δ + λ·Σ_h w_hᵀPen w_h, δ = 1, ρ = r²/2 trong ngưỡng (tổng, không phạt bias)",1.0,25,0.22074568145825213,1.2455020003229527,0.7606461930774983,0.42941743459525905,0.4608146591632505,0.4790185818580419,5,True,6.06581770000048,warm,,1e-09,1,16,float32,NVIDIA GeForce RTX 5060 Ti,2.14.0+cu130,0c39bb9363fb,2026-09-30T22:47:12
ETTh1,720,DLinear,Huber,1000.0,"Σρ_δ(r)/δ + λ·Σ_h w_hᵀPen w_h, δ = 1, ρ = r²/2 trong ngưỡng (tổng, không phạt bias)",1.0,25,0.22145585206156493,1.2443169885127654,0.7603368231438472,0.42910076541975656,0.45986141816240395,0.47900805588945966,5,True,6.087216699990677,warm,,1e-09,1,16,float32,NVIDIA GeForce RTX 5060 Ti,2.14.0+cu130,0c39bb9363fb,2026-09-30T22:47:19
ETTh1,720,DLinear,Huber,3000.0,"Σρ_δ(r)/δ + λ·Σ_h w_hᵀPen w_h, δ = 1, ρ = r²/2 trong ngưỡng (tổng, không phạt bias)",1.0,25,0.22301330421999302,1.2426543570350428,0.7601246103642748,0.4287407191990852,0.4589010829555054,0.47967422367218665,6,True,7.321899199989275,warm,,1e-09,1,16,float32,NVIDIA GeForce RTX 5060 Ti,2.14.0+cu130,0c39bb9363fb,2026-09-30T22:47:27
ETTh1,720,DLinear,Huber,10000.0,"Σρ_δ(r)/δ + λ·Σ_h w_hᵀPen w_h, δ = 1, ρ = r²/2 trong ngưỡng (tổng, không phạt bias)",1.0,25,0.2266792749247584,1.2410736135065854,0.7607289576063646,0.428701792094466,0.4597441069414122,0.48273039532107265,6,True,7.310419899993576,warm,,1e-09,1,16,float32,NVIDIA GeForce RTX 5060 Ti,2.14.0+cu130,0c39bb9363fb,2026-09-30T22:47:36
ETTh1,720,DLinear,Huber,30000.0,"Σρ_δ(r)/δ + λ·Σ_h w_hᵀPen w_h, δ = 1, ρ = r²/2 trong ngưỡng (tổng, không phạt bias)",1.0,25,0.23310841777095687,1.2428221700121578,0.7636577570559915,0.4301343476019416,0.4673639291192911,0.4904794109444943,6,True,7.346594000002369,warm,,1e-09,1,16,float32,NVIDIA GeForce RTX 5060 Ti,2.14.0+cu130,0c39bb9363fb,2026-09-30T22:47:44
ETTh1,720,NLinear,Huber,0.0,"Σρ_δ(r)/δ + λ·Σ_h w_hᵀPen w_h, δ = 1, ρ = r²/2 trong ngưỡng (tổng, không phạt bias)",1.0,,0.23748312597527907,1.4433852260802313,0.8195388984085806,0.4811498801388397,0.43175735499345913,0.4473704491324311,7,True,8.56282989999454,ols,,1e-09,1,16,float32,NVIDIA GeForce RTX 5060 Ti,2.14.0+cu130,0c39bb9363fb,2026-09-30T22:47:54
ETTh1,720,NLinear,Huber,1.0,"Σρ_δ(r)/δ + λ·Σ_h w_hᵀPen w_h, δ = 1, ρ = r²/2 trong ngưỡng (tổng, không phạt bias)",1.0,,0.23748438940602903,1.4433824954914583,0.8195378165397394,0.48114902421767786,0.4317543948438983,0.4473693648668084,2,True,2.4935390000027837,warm,,1e-09,1,16,float32,NVIDIA GeForce RTX 5060 Ti,2.14.0+cu130,0c39bb9363fb,2026-09-30T22:47:57
ETTh1,720,NLinear,Huber,3.0,"Σρ_δ(r)/δ + λ·Σ_h w_hᵀPen w_h, δ = 1, ρ = r²/2 trong ngưỡng (tổng, không phạt bias)",1.0,,0.23748691355805174,1.4433754151302596,0.8195355944007108,0.48114704580818485,0.4317480606371992,0.4473672570936435,2,True,2.5063090000039665,warm,,1e-09,1,16,float32,NVIDIA GeForce RTX 5060 Ti,2.14.0+cu130,0c39bb9363fb,2026-09-30T22:48:01
ETTh1,720,NLinear,Huber,10.0,"Σρ_δ(r)/δ + λ·Σ_h w_hᵀPen w_h, δ = 1, ρ = r²/2 trong ngưỡng (tổng, không phạt bias)",1.0,,0.23749571946577058,1.4433500519907456,0.8195277698679845,0.4811400159015583,0.4317255364178852,0.44735988313513453,3,True,3.647033700006432,warm,,1e-09,1,16,float32,NVIDIA GeForce RTX 5060 Ti,2.14.0+cu130,0c39bb9363fb,2026-09-30T22:48:06
ETTh1,720,NLinear,Huber,30.0,"Σρ_δ(r)/δ + λ·Σ_h w_hᵀPen w_h, δ = 1, ρ = r²/2 trong ngưỡng (tổng, không phạt bias)",1.0,,0.23752064102369574,1.443280250438961,0.8195064543051045,0.4811207599818346,0.43166364869828727,0.44734022256698625,3,True,3.7338605000113603,warm,,1e-09,1,16,float32,NVIDIA GeForce RTX 5060 Ti,2.14.0+cu130,0c39bb9363fb,2026-09-30T22:48:11
ETTh1,720,NLinear,Huber,100.0,"Σρ_δ(r)/δ + λ·Σ_h w_hᵀPen w_h, δ = 1, ρ = r²/2 trong ngưỡng (tổng, không phạt bias)",1.0,,0.23760533202279055,1.4430554178565258,0.8194403059702038,0.4810598320887091,0.4314653153462931,0.44728336969851024,4,True,4.907417299997178,warm,,1e-09,1,16,float32,NVIDIA GeForce RTX 5060 Ti,2.14.0+cu130,0c39bb9363fb,2026-09-30T22:48:16
ETTh1,720,NLinear,Huber,300.0,"Σρ_δ(r)/δ + λ·Σ_h w_hᵀPen w_h, δ = 1, ρ = r²/2 trong ngưỡng (tổng, không phạt bias)",1.0,,0.23783009981515582,1.4425373889973303,0.8193027214601585,0.4809259095759556,0.43101795165341694,0.4471931212829246,5,True,6.08420159999514,warm,,1e-09,1,16,float32,NVIDIA GeForce RTX 5060 Ti,2.14.0+cu130,0c39bb9363fb,2026-09-30T22:48:24
ETTh1,720,NLinear,Huber,1000.0,"Σρ_δ(r)/δ + λ·Σ_h w_hᵀPen w_h, δ = 1, ρ = r²/2 trong ngưỡng (tổng, không phạt bias)",1.0,,0.23849818231978487,1.4413668190970113,0.8190750038159899,0.48065907794914753,0.43009622218549426,0.44722038653742907,5,True,6.09800610000093,warm,,1e-09,1,16,float32,NVIDIA GeForce RTX 5060 Ti,2.14.0+cu130,0c39bb9363fb,2026-09-30T22:48:31
ETTh1,720,NLinear,Huber,3000.0,"Σρ_δ(r)/δ + λ·Σ_h w_hᵀPen w_h, δ = 1, ρ = r²/2 trong ngưỡng (tổng, không phạt bias)",1.0,,0.23996531609903954,1.4396337252771942,0.8189892277224419,0.4803702590689504,0.4291122014854743,0.44792783698401173,6,True,7.378556099996786,warm,,1e-09,1,16,float32,NVIDIA GeForce RTX 5060 Ti,2.14.0+cu130,0c39bb9363fb,2026-09-30T22:48:39
ETTh1,720,NLinear,Huber,10000.0,"Σρ_δ(r)/δ + λ·Σ_h w_hᵀPen w_h, δ = 1, ρ = r²/2 trong ngưỡng (tổng, không phạt bias)",1.0,,0.24346191774887443,1.4376557567989598,0.8197892775905541,0.48042087861547367,0.4294915805931363,0.4508791517966065,6,True,7.4052863999968395,warm,,1e-09,1,16,float32,NVIDIA GeForce RTX 5060 Ti,2.14.0+cu130,0c39bb9363fb,2026-09-30T22:48:48
ETTh1,720,NLinear,Huber,30000.0,"Σρ_δ(r)/δ + λ·Σ_h w_hᵀPen w_h, δ = 1, ρ = r²/2 trong ngưỡng (tổng, không phạt bias)",1.0,,0.24973789969128543,1.4388135838281957,0.8231108326433145,0.4820356965646057,0.43552368094542254,0.45793911565422063,6,True,7.366577000007965,warm,,1e-09,1,16,float32,NVIDIA GeForce RTX 5060 Ti,2.14.0+cu130,0c39bb9363fb,2026-09-30T22:48:56
ETTh2,96,Linear,MSE,0.0,"Σr² + λ·Σ_h w_hᵀPen w_h (tổng, không phạt bias)",,,0.37978210066456075,0.2219438135569919,0.3305513494638689,0.10444988856340445,0.3018558119437342,0.3654603864364386,0,True,0.16686420000041835,closed_form,,,,16,float64,NVIDIA GeForce RTX 5060 Ti,2.14.0+cu130,0c39bb9363fb,2026-09-30T22:48:58
ETTh2,96,Linear,MSE,0.01,"Σr² + λ·Σ_h w_hᵀPen w_h (tổng, không phạt bias)",,,0.37978213081960466,0.22194379954616647,0.330551336831938,0.10444988206507377,0.3018557958297577,0.36546037540328874,0,True,0.030263599997851998,closed_form,,,,16,float64,NVIDIA GeForce RTX 5060 Ti,2.14.0+cu130,0c39bb9363fb,2026-09-30T22:48:58
ETTh2,96,Linear,MSE,0.0158489,"Σr² + λ·Σ_h w_hᵀPen w_h (tổng, không phạt bias)",,,0.37978214845693165,0.22194379135149706,0.3305513294440262,0.10444987826432153,0.30185578640498045,0.3654603689501565,0,True,0.006089399990742095,closed_form,,,,16,float64,NVIDIA GeForce RTX 5060 Ti,2.14.0+cu130,0c39bb9363fb,2026-09-30T22:48:58
ETTh2,96,Linear,MSE,0.0251189,"Σr² + λ·Σ_h w_hᵀPen w_h (tổng, không phạt bias)",,,0.3797821764104821,0.22194377836384055,0.33055131773495827,0.10444987224054358,0.3018557714677161,0.36546035872257154,0,True,0.04269660000863951,closed_form,,,,16,float64,NVIDIA GeForce RTX 5060 Ti,2.14.0+cu130,0c39bb9363fb,2026-09-30T22:48:58
ETTh2,96,Linear,MSE,0.0398107,"Σr² + λ·Σ_h w_hᵀPen w_h (tổng, không phạt bias)",,,0.37978222071317674,0.22194375778048056,0.3305512991778199,0.10444986269381693,0.30185574779448565,0.36546034251329573,0,True,0.0063129000045591965,closed_form,,,,16,float64,NVIDIA GeForce RTX 5060 Ti,2.14.0+cu130,0c39bb9363fb,2026-09-30T22:48:58
ETTh2,96,Linear,MSE,0.0630957,"Σr² + λ·Σ_h w_hᵀPen w_h (tổng, không phạt bias)",,,0.3797822909278757,0.22194372515912725,0.3305512697678078,0.10444984756376956,0.30185571027604413,0.3654603168236983,0,True,0.0072915000055218115,closed_form,,,,16,float64,NVIDIA GeForce RTX 5060 Ti,2.14.0+cu130,0c39bb9363fb,2026-09-30T22:48:59
ETTh2,96,Linear,MSE,0.1,"Σr² + λ·Σ_h w_hᵀPen w_h (tổng, không phạt bias)",,,0.37978240220950465,0.22194367346060923,0.33055122315870117,0.10444982358557088,0.30185565081625315,0.3654602761096345,0,True,0.05903450000914745,closed_form,,,,16,float64,NVIDIA GeForce RTX 5060 Ti,2.14.0+cu130,0c39bb9363fb,2026-09-30T22:48:59
ETTh2,96,Linear,MSE,0.158489,"Σr² + λ·Σ_h w_hᵀPen w_h (tổng, không phạt bias)",,,0.3797825785744674,0.2219435915318624,0.33055114929301466,0.10444978558632244,0.30185555658705215,0.36546021158665687,0,True,0.057129100008751266,closed_form,,,,16,float64,NVIDIA GeForce RTX 5060 Ti,2.14.0+cu130,0c39bb9363fb,2026-09-30T22:48:59
ETTh2,96,Linear,MSE,0.251189,"Σr² + λ·Σ_h w_hᵀPen w_h (tổng, không phạt bias)",,,0.37978285808910495,0.22194346170037535,0.3305510322387594,0.10444972536932476,0.30185540726105237,0.36546010933188977,0,True,0.041731700010132045,closed_form,,,,16,float64,NVIDIA GeForce RTX 5060 Ti,2.14.0+cu130,0c39bb9363fb,2026-09-30T22:48:59
ETTh2,96,Linear,MSE,0.398107,"Σr² + λ·Σ_h w_hᵀPen w_h (tổng, không phạt bias)",,,0.3797833010636419,0.22194325597998715,0.3305508467685058,0.10444962995425074,0.3018551706458932,0.3654599472969613,0,True,0.03517679999640677,closed_form,,,,16,float64,NVIDIA GeForce RTX 5060 Ti,2.14.0+cu130,0c39bb9363fb,2026-09-30T22:48:59
ETTh2,96,Linear,MSE,0.630957,"Σr² + λ·Σ_h w_hᵀPen w_h (tổng, không phạt bias)",,,0.37978400307900184,0.22194293005075785,0.33055055293146574,0.10444947878484702,0.3018547957556638,0.36545969059438727,0,True,0.03182139999989886,closed_form,,,,16,float64,NVIDIA GeForce RTX 5060 Ti,2.14.0+cu130,0c39bb9363fb,2026-09-30T22:49:00
ETTh2,96,Linear,MSE,1.0,"Σr² + λ·Σ_h w_hᵀPen w_h (tổng, không phạt bias)",,,0.37978511556472916,0.22194241377943977,0.330550087563952,0.10444923933196494,0.30185420189643486,0.36545928393499005,0,True,0.05714119999902323,closed_form,,,,16,float64,NVIDIA GeForce RTX 5060 Ti,2.14.0+cu130,0c39bb9363fb,2026-09-30T22:49:00
ETTh2,96,Linear,MSE,1.58489,"Σr² + λ·Σ_h w_hᵀPen w_h (tổng, không phạt bias)",,,0.37978687838431846,0.22194159628398055,0.3305493507950894,0.10444886016563457,0.30185326145876235,0.3654586399892933,0,True,0.03857669999706559,closed_form,,,,16,float64,NVIDIA GeForce RTX 5060 Ti,2.14.0+cu130,0c39bb9363fb,2026-09-30T22:49:00
ETTh2,96,Linear,MSE,2.51189,"Σr² + λ·Σ_h w_hᵀPen w_h (tổng, không phạt bias)",,,0.3797896714468677,0.22194030246605656,0.330548184984861,0.10444826006885746,0.3018517728522374,0.3654576208268211,0,True,0.03540920000523329,closed_form,,,,16,float64,NVIDIA GeForce RTX 5060 Ti,2.14.0+cu130,0c39bb9363fb,2026-09-30T22:49:00
ETTh2,96,Linear,MSE,3.98107,"Σr² + λ·Σ_h w_hᵀPen w_h (tổng, không phạt bias)",,,0.37979409596259445,0.22193825654024527,0.33054634131044897,0.1044473111176148,0.3018494183717202,0.36545600932962485,0,True,0.02945450000697747,closed_form,,,,16,float64,NVIDIA GeForce RTX 5060 Ti,2.14.0+cu130,0c39bb9363fb,2026-09-30T22:49:01
ETTh2,96,Linear,MSE,6.30957,"Σr² + λ·Σ_h w_hᵀPen w_h (tổng, không phạt bias)",,,0.37980110299829967,0.22193502550730262,0.3305434296011774,0.10444581245203777,0.30184569871530365,0.365453465092034,0,True,0.040257599990582094,closed_form,,,,16,float64,NVIDIA GeForce RTX 5060 Ti,2.14.0+cu130,0c39bb9363fb,2026-09-30T22:49:01
ETTh2,96,Linear,MSE,10.0,"Σr² + λ·Σ_h w_hᵀPen w_h (tổng, không phạt bias)",,,0.3798121949778209,0.221929933501661,0.33053884492563274,0.10444345052203491,0.3018398333059777,0.36544945590152234,0,True,0.04589670000132173,closed_form,,,,16,float64,NVIDIA GeForce RTX 5060 Ti,2.14.0+cu130,0c39bb9363fb,2026-09-30T22:49:01
ETTh2,96,Linear,MSE,15.8489,"Σr² + λ·Σ_h w_hᵀPen w_h (tổng, không phạt bias)",,,0.37982974087784327,0.22192193506252106,0.33053164990745115,0.10443974024017484,0.3018306116521783,0.3654431617188639,0,True,0.042615400001523085,closed_form,,,,16,float64,NVIDIA GeForce RTX 5060 Ti,2.14.0+cu130,0c39bb9363fb,2026-09-30T22:49:01
ETTh2,96,Linear,MSE,25.1189,"Σr² + λ·Σ_h w_hᵀPen w_h (tổng, không phạt bias)",,,0.3798574659206501,0.2219094359869954,0.33052041018429884,0.1044339417237209,0.3018161802415523,0.3654333346998498,0,True,0.04134090000297874,closed_form,,,,16,float64,NVIDIA GeForce RTX 5060 Ti,2.14.0+cu130,0c39bb9363fb,2026-09-30T22:49:01
ETTh2,96,Linear,MSE,39.8107,"Σr² + λ·Σ_h w_hᵀPen w_h (tổng, không phạt bias)",,,0.37990119914439024,0.22189006299017688,0.33050300161968116,0.10442495305291734,0.30179376059239893,0.3654181144970093,0,True,0.0340515999996569,closed_form,,,,16,float64,NVIDIA GeForce RTX 5060 Ti,2.14.0+cu130,0c39bb9363fb,2026-09-30T22:49:02
ETTh2,96,Linear,MSE,63.0957,"Σr² + λ·Σ_h w_hᵀPen w_h (tổng, không phạt bias)",,,0.37997000091635813,0.22186041696422507,0.33047641179264436,0.1044111948879065,0.30175932536310685,0.36539482299578296,0,True,0.039668500001425855,closed_form,,,,16,float64,NVIDIA GeForce RTX 5060 Ti,2.14.0+cu130,0c39bb9363fb,2026-09-30T22:49:02
ETTh2,96,Linear,MSE,100.0,"Σr² + λ·Σ_h w_hᵀPen w_h (tổng, không phạt bias)",,,0.38007780063670926,0.22181594672580507,0.33043664714856674,0.10439054983643054,0.30170736214902816,0.3653599298591417,0,True,0.02365829999325797,closed_form,,,,16,float64,NVIDIA GeForce RTX 5060 Ti,2.14.0+cu130,0c39bb9363fb,2026-09-30T22:49:02
ETTh2,96,Linear,MSE,158.489,"Σr² + λ·Σ_h w_hᵀPen w_h (tổng, không phạt bias)",,,0.3802456722054247,0.22175127301323896,0.3303791920275326,0.10436050843557988,0.30163105115950856,0.3653093223161656,0,True,0.0656580000068061,closed_form,,,,16,float64,NVIDIA GeForce RTX 5060 Ti,2.14.0+cu130,0c39bb9363fb,2026-09-30T22:49:02
ETTh2,96,Linear,MSE,251.189,"Σr² + λ·Σ_h w_hᵀPen w_h (tổng, không phạt bias)",,,0.3805047748358514,0.22166160562039336,0.330300357628614,0.10431881848565473,0.301523512721036,0.3652393102464279,0,True,0.02967960000387393,closed_form,,,,16,float64,NVIDIA GeForce RTX 5060 Ti,2.14.0+cu130,0c39bb9363fb,2026-09-30T22:49:02
ETTh2,96,Linear,MSE,398.107,"Σr² + λ·Σ_h w_hᵀPen w_h (tổng, không phạt bias)",,,0.3808997099500204,0.2215461797912673,0.3302009671537798,0.10426506670632799,0.3013811068356485,0.3651495085109559,0,True,0.03815760000725277,closed_form,,,,16,float64,NVIDIA GeForce RTX 5060 Ti,2.14.0+cu130,0c39bb9363fb,2026-09-30T22:49:03
ETTh2,96,Linear,MSE,630.957,"Σr² + λ·Σ_h w_hᵀPen w_h (tổng, không phạt bias)",,,0.3814917682073286,0.22141433098604557,0.3300910788841807,0.10420348442080524,0.30120952782710375,0.36504817259533745,0,True,0.04450390000420157,closed_form,,,,16,float64,NVIDIA GeForce RTX 5060 Ti,2.14.0+cu130,0c39bb9363fb,2026-09-30T22:49:03
ETTh2,96,Linear,MSE,1000.0,"Σr² + λ·Σ_h w_hᵀPen w_h (tổng, không phạt bias)",,,0.38236115153564254,0.22129341291340934,0.329998049519941,0.10414661023612244,0.3010321212796638,0.3649593438741073,0,True,0.033510599998408,closed_form,,,,16,float64,NVIDIA GeForce RTX 5060 Ti,2.14.0+cu130,0c39bb9363fb,2026-09-30T22:49:03
ETTh2,96,Linear,MSE,1584.89,"Σr² + λ·Σ_h w_hᵀPen w_h (tổng, không phạt bias)",,,0.3836075550313386,0.22123554213883512,0.3299730542417228,0.10411840913537587,0.30089765208808084,0.36492973061402467,0,True,0.054879300005268306,closed_form,,,,16,float64,NVIDIA GeForce RTX 5060 Ti,2.14.0+cu130,0c39bb9363fb,2026-09-30T22:49:03
ETTh2,96,Linear,MSE,2511.89,"Σr² + λ·Σ_h w_hᵀPen w_h (tổng, không phạt bias)",,,0.3853491374378433,0.22131976918282134,0.3300930850361952,0.10415523366002635,0.30088422710879154,0.3650267952570744,0,True,0.009690899998531677,closed_form,,,,16,float64,NVIDIA GeForce RTX 5060 Ti,2.14.0+cu130,0c39bb9363fb,2026-09-30T22:49:04
ETTh2,96,Linear,MSE,3981.07,"Σr² + λ·Σ_h w_hᵀPen w_h (tổng, không phạt bias)",,,0.38772018139848824,0.2216493519130545,0.33045610653306284,0.10430444212530461,0.30109887472742447,0.36534127090571467,0,True,0.04300770000554621,closed_form,,,,16,float64,NVIDIA GeForce RTX 5060 Ti,2.14.0+cu130,0c39bb9363fb,2026-09-30T22:49:04
ETTh2,96,Linear,MSE,6309.57,"Σr² + λ·Σ_h w_hᵀPen w_h (tổng, không phạt bias)",,,0.390868368130424,0.22234705075195949,0.3311752589647853,0.10462200048044737,0.3016755668891949,0.3659880403014592,0,True,0.028384799996274523,closed_form,,,,16,float64,NVIDIA GeForce RTX 5060 Ti,2.14.0+cu130,0c39bb9363fb,2026-09-30T22:49:04
ETTh2,96,Linear,MSE,10000.0,"Σr² + λ·Σ_h w_hᵀPen w_h (tổng, không phạt bias)",,,0.39495238006218086,0.22354986745006927,0.3323661534341694,0.10516989895852882,0.3027739465472467,0.3671039264182698,0,True,0.041306200000690296,closed_form,,,,16,float64,NVIDIA GeForce RTX 5060 Ti,2.14.0+cu130,0c39bb9363fb,2026-09-30T22:49:04
ETTh2,96,Linear,MSE,15848.9,"Σr² + λ·Σ_h w_hᵀPen w_h (tổng, không phạt bias)",,,0.4001433080340601,0.22540217291629736,0.3341437960228119,0.10601306627091642,0.3045785377964846,0.36884904806844054,0,True,0.029416100005619228,closed_form,,,,16,float64,NVIDIA GeForce RTX 5060 Ti,2.14.0+cu130,0c39bb9363fb,2026-09-30T22:49:04
ETTh2,96,Linear,MSE,25118.9,"Σr² + λ·Σ_h w_hᵀPen w_h (tổng, không phạt bias)",,,0.40663330422054916,0.22805235862058112,0.3366170524707845,0.10721817920224865,0.3073009476913445,0.3714038727806453,0,True,0.044868099997984245,closed_form,,,,16,float64,NVIDIA GeForce RTX 5060 Ti,2.14.0+cu130,0c39bb9363fb,2026-09-30T22:49:05
ETTh2,96,Linear,MSE,39810.7,"Σr² + λ·Σ_h w_hᵀPen w_h (tổng, không phạt bias)",,,0.414648053336821,0.23166816655018915,0.3399219577508061,0.10886114274268702,0.31119534382350655,0.3749819791158057,0,True,0.007252700001117773,closed_form,,,,16,float64,NVIDIA GeForce RTX 5060 Ti,2.14.0+cu130,0c39bb9363fb,2026-09-30T22:49:05
ETTh2,96,Linear,MSE,63095.7,"Σr² + λ·Σ_h w_hᵀPen w_h (tổng, không phạt bias)",,,0.42445275251402753,0.23648129784963698,0.3442488559072031,0.11104779906752248,0.3166005107123484,0.3798547390265815,0,True,0.04104739999456797,closed_form,,,,16,float64,NVIDIA GeForce RTX 5060 Ti,2.14.0+cu130,0c39bb9363fb,2026-09-30T22:49:05
ETTh2,96,Linear,MSE,100000.0,"Σr² + λ·Σ_h w_hᵀPen w_h (tổng, không phạt bias)",,,0.4363373347206238,0.2428447961654982,0.34988224500252135,0.11393951207555769,0.3240047136746301,0.38638222728060767,0,True,0.006597100000362843,closed_form,,,,16,float64,NVIDIA GeForce RTX 5060 Ti,2.14.0+cu130,0c39bb9363fb,2026-09-30T22:49:05
ETTh2,96,DLinear,MSE,0.0,"Σr² + λ·Σ_h w_hᵀPen w_h (tổng, không phạt bias)",,25,0.37978210066456075,0.2219438135569919,0.3305513494638689,0.10444988856340445,0.3018558119437342,0.3654603864364386,0,True,0,closed_form,Linear,,,16,float64,NVIDIA GeForce RTX 5060 Ti,2.14.0+cu130,0c39bb9363fb,2026-09-30T22:49:05
ETTh2,96,DLinear,MSE,0.01,"Σr² + λ·Σ_h w_hᵀPen w_h (tổng, không phạt bias)",,25,0.37978212580534865,0.22194380241681383,0.3305513397486416,0.10444988346587152,0.30185579790842415,0.3654603766648226,0,True,0.006660700004431419,closed_form,,,,16,float64,NVIDIA GeForce RTX 5060 Ti,2.14.0+cu130,0c39bb9363fb,2026-09-30T22:49:05
ETTh2,96,DLinear,MSE,0.0158489,"Σr² + λ·Σ_h w_hᵀPen w_h (tổng, không phạt bias)",,25,0.3797821405099075,0.221943795901125,0.33055133406661674,0.10444988048441653,0.3018557896994059,0.3654603709495431,0,True,0.045081599993864074,closed_form,,,,16,float64,NVIDIA GeForce RTX 5060 Ti,2.14.0+cu130,0c39bb9363fb,2026-09-30T22:49:06
ETTh2,96,DLinear,MSE,0.0251189,"Σr² + λ·Σ_h w_hᵀPen w_h (tổng, không phạt bias)",,25,0.3797821638153046,0.2219437855744583,0.33055132506122403,0.10444987575913067,0.30185577668896546,0.36546036189138176,0,True,0.037362400005804375,closed_form,,,,16,float64,NVIDIA GeForce RTX 5060 Ti,2.14.0+cu130,0c39bb9363fb,2026-09-30T22:49:06
ETTh2,96,DLinear,MSE,0.0398107,"Σr² + λ·Σ_h w_hᵀPen w_h (tổng, không phạt bias)",,25,0.37978220075132896,0.2219437692083141,0.3305513107890399,0.10444986827029482,0.30185575606938936,0.3654603475354752,0,True,0.010250199993606657,closed_form,,,,16,float64,NVIDIA GeForce RTX 5060 Ti,2.14.0+cu130,0c39bb9363fb,2026-09-30T22:49:06
ETTh2,96,DLinear,MSE,0.0630957,"Σr² + λ·Σ_h w_hᵀPen w_h (tổng, không phạt bias)",,25,0.3797822592908001,0.2219437432705073,0.3305512881704456,0.10444985640164792,0.30185572339037,0.3654603247832222,0,True,0.05341490000137128,closed_form,,,,16,float64,NVIDIA GeForce RTX 5060 Ti,2.14.0+cu130,0c39bb9363fb,2026-09-30T22:49:06
ETTh2,96,DLinear,MSE,0.1,"Σr² + λ·Σ_h w_hᵀPen w_h (tổng, không phạt bias)",,25,0.37978235206888883,0.2219437021639387,0.3305512523245199,0.1044498375920628,0.3018556715997863,0.3654602887242507,0,True,0.01991930000076536,closed_form,,,,16,float64,NVIDIA GeForce RTX 5060 Ti,2.14.0+cu130,0c39bb9363fb,2026-09-30T22:49:06
ETTh2,96,DLinear,MSE,0.158489,"Σr² + λ·Σ_h w_hᵀPen w_h (tổng, không phạt bias)",,25,0.379782499109109,0.22194363702024394,0.33055119551598083,0.10444980778354176,0.30185558952344066,0.36546023157749413,0,True,0.0765393000037875,closed_form,,,,16,float64,NVIDIA GeForce RTX 5060 Ti,2.14.0+cu130,0c39bb9363fb,2026-09-30T22:49:07
ETTh2,96,DLinear,MSE,0.251189,"Σr² + λ·Σ_h w_hᵀPen w_h (tổng, không phạt bias)",,25,0.3797827321495962,0.22194353378671583,0.3305511054889555,0.10444976054582547,0.3018554594537891,0.3654601410133588,0,True,0.03829620000033174,closed_form,,,,16,float64,NVIDIA GeForce RTX 5060 Ti,2.14.0+cu130,0c39bb9363fb,2026-09-30T22:49:07
ETTh2,96,DLinear,MSE,0.398107,"Σr² + λ·Σ_h w_hᵀPen w_h (tổng, không phạt bias)",,25,0.3797831014759726,0.2219433702085005,0.3305509628412088,0.10444968569549579,0.30185525334531005,0.36545999750166763,0,True,0.025446200001169927,closed_form,,,,16,float64,NVIDIA GeForce RTX 5060 Ti,2.14.0+cu130,0c39bb9363fb,2026-09-30T22:49:07
ETTh2,96,DLinear,MSE,0.630957,"Σr² + λ·Σ_h w_hᵀPen w_h (tổng, không phạt bias)",,25,0.37978368678562496,0.22194311103943729,0.3305507368450884,0.10444956710452764,0.30185492677430653,0.3654597701223625,0,True,0.03944600000977516,closed_form,,,,16,float64,NVIDIA GeForce RTX 5060 Ti,2.14.0+cu130,0c39bb9363fb,2026-09-30T22:49:07
ETTh2,96,DLinear,MSE,1.0,"Σr² + λ·Σ_h w_hᵀPen w_h (tổng, không phạt bias)",,25,0.3797846143529027,0.22194270049854073,0.3305503788897251,0.10444937924846959,0.3018544094188452,0.36545940992826376,0,True,0.037104499991983175,closed_form,,,,16,float64,NVIDIA GeForce RTX 5060 Ti,2.14.0+cu130,0c39bb9363fb,2026-09-30T22:49:07
ETTh2,96,DLinear,MSE,1.58489,"Σr² + λ·Σ_h w_hᵀPen w_h (tổng, không phạt bias)",,25,0.3797860842187358,0.22194205037897197,0.3305498121447706,0.1044490817652122,0.3018535900370335,0.36545883952077013,0,True,0.06588710000505671,closed_form,,,,16,float64,NVIDIA GeForce RTX 5060 Ti,2.14.0+cu130,0c39bb9363fb,2026-09-30T22:49:08
ETTh2,96,DLinear,MSE,2.51189,"Σr² + λ·Σ_h w_hᵀPen w_h (tổng, không phạt bias)",,25,0.3797884132770431,0.22194102134956595,0.3305489151908918,0.1044486108986147,0.30185229280782006,0.36545793658023557,0,True,0.0076994000119157135,closed_form,,,,16,float64,NVIDIA GeForce RTX 5060 Ti,2.14.0+cu130,0c39bb9363fb,2026-09-30T22:49:08
ETTh2,96,DLinear,MSE,3.98107,"Σr² + λ·Σ_h w_hᵀPen w_h (tổng, không phạt bias)",,25,0.37979210316142886,0.22193939385829276,0.33054749656343413,0.10444786618372097,0.3018502404193711,0.36545650828831805,0,True,0.03953389999514911,closed_form,,,,16,float64,NVIDIA GeForce RTX 5060 Ti,2.14.0+cu130,0c39bb9363fb,2026-09-30T22:49:08
ETTh2,96,DLinear,MSE,6.30957,"Σr² + λ·Σ_h w_hᵀPen w_h (tổng, không phạt bias)",,25,0.3797979477812303,0.22193682294183567,0.3305452556916165,0.10444668976656436,0.3018469965018987,0.36545425231669826,0,True,0.027679400009219535,closed_form,,,,16,float64,NVIDIA GeForce RTX 5060 Ti,2.14.0+cu130,0c39bb9363fb,2026-09-30T22:49:08
ETTh2,96,DLinear,MSE,10.0,"Σr² + λ·Σ_h w_hᵀPen w_h (tổng, không phạt bias)",,25,0.3798072022086228,0.22193276951102764,0.33054172443256885,0.10444483495693299,0.3018418774831599,0.365450695664556,0,True,0.02417919998697471,closed_form,,,,16,float64,NVIDIA GeForce RTX 5060 Ti,2.14.0+cu130,0c39bb9363fb,2026-09-30T22:49:08
ETTh2,96,DLinear,MSE,15.8489,"Σr² + λ·Σ_h w_hᵀPen w_h (tổng, không phạt bias)",,25,0.3798218476881018,0.22192639807159345,0.3305361801409002,0.10444191941564258,0.3018338198443656,0.3654451058128569,0,True,0.024537999997846782,closed_form,,,,16,float64,NVIDIA GeForce RTX 5060 Ti,2.14.0+cu130,0c39bb9363fb,2026-09-30T22:49:09
ETTh2,96,DLinear,MSE,25.1189,"Σr² + λ·Σ_h w_hᵀPen w_h (tổng, không phạt bias)",,25,0.37984500542583466,0.22191643055195126,0.33052751462602253,0.1044373582405737,0.3018211864538241,0.3654363566275835,0,True,0.024148199998307973,closed_form,,,,16,float64,NVIDIA GeForce RTX 5060 Ti,2.14.0+cu130,0c39bb9363fb,2026-09-30T22:49:09
ETTh2,96,DLinear,MSE,39.8107,"Σr² + λ·Σ_h w_hᵀPen w_h (tổng, không phạt bias)",,25,0.379881573462468,0.2219009540911881,0.3305140767124176,0.10443027594480948,0.30180150149753765,0.36542275828165705,0,True,0.02361580000433605,closed_form,,,,16,float64,NVIDIA GeForce RTX 5060 Ti,2.14.0+cu130,0c39bb9363fb,2026-09-30T22:49:09
ETTh2,96,DLinear,MSE,63.0957,"Σr² + λ·Σ_h w_hᵀPen w_h (tổng, không phạt bias)",,25,0.3799391998907844,0.2218772032310107,0.330493501673101,0.10441940663246806,0.3017711221398353,0.3654018256293137,0,True,0.024374300002818927,closed_form,,,,16,float64,NVIDIA GeForce RTX 5060 Ti,2.14.0+cu130,0c39bb9363fb,2026-09-30T22:49:09
ETTh2,96,DLinear,MSE,100.0,"Σr² + λ·Σ_h w_hᵀPen w_h (tổng, không phạt bias)",,25,0.38002972777602895,0.22184140958348836,0.3304625612635931,0.10440302487807704,0.30172492681052615,0.36537013472912455,0,True,0.02560569999332074,closed_form,,,,16,float64,NVIDIA GeForce RTX 5060 Ti,2.14.0+cu130,0c39bb9363fb,2026-09-30T22:49:09
ETTh2,96,DLinear,MSE,158.489,"Σr² + λ·Σ_h w_hᵀPen w_h (tổng, không phạt bias)",,25,0.38017127791416816,0.22178894984829048,0.33041756492980806,0.10437901281622378,0.3016562396220738,0.3653234531682443,0,True,0.02370320000045467,closed_form,,,,16,float64,NVIDIA GeForce RTX 5060 Ti,2.14.0+cu130,0c39bb9363fb,2026-09-30T22:49:10
ETTh2,96,DLinear,MSE,251.189,"Σr² + λ·Σ_h w_hᵀPen w_h (tổng, không phạt bias)",,25,0.3803911169716589,0.22171525206151307,0.33035513804295247,0.10434527371093864,0.3015574573951709,0.36525741694060415,0,True,0.021352400013711303,closed_form,,,,16,float64,NVIDIA GeForce RTX 5060 Ti,2.14.0+cu130,0c39bb9363fb,2026-09-30T22:49:10
ETTh2,96,DLinear,MSE,398.107,"Σr² + λ·Σ_h w_hᵀPen w_h (tổng, không phạt bias)",,25,0.38072933375355195,0.22161814893939255,0.33027452621475606,0.10430080739667445,0.3014221304864151,0.3651692931466522,0,True,0.019927100001950748,closed_form,,,,16,float64,NVIDIA GeForce RTX 5060 Ti,2.14.0+cu130,0c39bb9363fb,2026-09-30T22:49:10
ETTh2,96,DLinear,MSE,630.957,"Σr² + λ·Σ_h w_hᵀPen w_h (tổng, không phạt bias)",,25,0.3812432351849294,0.22150224539566668,0.33018202974938304,0.10424770856402858,0.3012492294481194,0.36506128989972764,0,True,0.008572300008381717,closed_form,,,,16,float64,NVIDIA GeForce RTX 5060 Ti,2.14.0+cu130,0c39bb9363fb,2026-09-30T22:49:10
ETTh2,96,DLinear,MSE,1000.0,"Σr² + λ·Σ_h w_hᵀPen w_h (tổng, không phạt bias)",,25,0.382012027571027,0.22138517269151753,0.3300958631531081,0.10419402976571816,0.30104982006626235,0.3649471182881386,0,True,0.03133789999992587,closed_form,,,,16,float64,NVIDIA GeForce RTX 5060 Ti,2.14.0+cu130,0c39bb9363fb,2026-09-30T22:49:10
ETTh2,96,DLinear,MSE,1584.89,"Σr² + λ·Σ_h w_hᵀPen w_h (tổng, không phạt bias)",,25,0.38314110845622246,0.22130464013583628,0.33005354617261856,0.10415699975054925,0.30085556671175345,0.36485912444352425,0,True,0.025257299988879822,closed_form,,,,16,float64,NVIDIA GeForce RTX 5060 Ti,2.14.0+cu130,0c39bb9363fb,2026-09-30T22:49:10
ETTh2,96,DLinear,MSE,2511.89,"Σr² + λ·Σ_h w_hᵀPen w_h (tổng, không phạt bias)",,25,0.384764549867578,0.22132541132639258,0.33011703030538864,0.1041661854210951,0.30072869677709896,0.3648552943306055,0,True,0.01582590000180062,closed_form,,,,16,float64,NVIDIA GeForce RTX 5060 Ti,2.14.0+cu130,0c39bb9363fb,2026-09-30T22:49:11
ETTh2,96,DLinear,MSE,3981.07,"Σr² + λ·Σ_h w_hᵀPen w_h (tổng, không phạt bias)",,25,0.3870428605837489,0.22154631332804148,0.33037782004126903,0.10426662763935589,0.3007736317698889,0.36502836259247784,0,True,0.058255399999325164,closed_form,,,,16,float64,NVIDIA GeForce RTX 5060 Ti,2.14.0+cu130,0c39bb9363fb,2026-09-30T22:49:11
ETTh2,96,DLinear,MSE,6309.57,"Σr² + λ·Σ_h w_hᵀPen w_h (tổng, không phạt bias)",,25,0.39015339787091186,0.22210536419149984,0.3309625493983239,0.10452106936381188,0.301147473809816,0.36551053504707615,0,True,0.017516499996418133,closed_form,,,,16,float64,NVIDIA GeForce RTX 5060 Ti,2.14.0+cu130,0c39bb9363fb,2026-09-30T22:49:11
ETTh2,96,DLinear,MSE,10000.0,"Σr² + λ·Σ_h w_hᵀPen w_h (tổng, không phạt bias)",,25,0.39427411639814774,0.22317509091024335,0.332022078323259,0.10500767239744332,0.30205963412321674,0.3664806914195417,0,True,0.022578399992198683,closed_form,,,,16,float64,NVIDIA GeForce RTX 5060 Ti,2.14.0+cu130,0c39bb9363fb,2026-09-30T22:49:11
ETTh2,96,DLinear,MSE,15848.9,"Σr² + λ·Σ_h w_hᵀPen w_h (tổng, không phạt bias)",,25,0.39957078088892256,0.2249406753227509,0.33370756924033523,0.10581002019433697,0.30375121759475104,0.3681435434211433,0,True,0.024858699995093048,closed_form,,,,16,float64,NVIDIA GeForce RTX 5060 Ti,2.14.0+cu130,0c39bb9363fb,2026-09-30T22:49:11
ETTh2,96,DLinear,MSE,25118.9,"Σr² + λ·Σ_h w_hᵀPen w_h (tổng, không phạt bias)",,25,0.40620189417823743,0.2275725252084471,0.336151636195014,0.10700489430193134,0.30646468020517265,0.3707050336486548,0,True,0.02034529999946244,closed_form,,,,16,float64,NVIDIA GeForce RTX 5060 Ti,2.14.0+cu130,0c39bb9363fb,2026-09-30T22:49:12
ETTh2,96,DLinear,MSE,39810.7,"Σr² + λ·Σ_h w_hᵀPen w_h (tổng, không phạt bias)",,25,0.41434361287372884,0.23122588166677804,0.3394763150552065,0.10866247590511335,0.31043785127256207,0.3743551624139122,0,True,0.021956099997623824,closed_form,,,,16,float64,NVIDIA GeForce RTX 5060 Ti,2.14.0+cu130,0c39bb9363fb,2026-09-30T22:49:12
ETTh2,96,DLinear,MSE,63095.7,"Σr² + λ·Σ_h w_hᵀPen w_h (tổng, không phạt bias)",,25,0.42421871262759964,0.23609073549123494,0.34383671152828316,0.11086958342431764,0.31595264641790255,0.3793053228975966,0,True,0.02616639999905601,closed_form,,,,16,float64,NVIDIA GeForce RTX 5060 Ti,2.14.0+cu130,0c39bb9363fb,2026-09-30T22:49:12
ETTh2,96,DLinear,MSE,100000.0,"Σr² + λ·Σ_h w_hᵀPen w_h (tổng, không phạt bias)",,25,0.43610223451802504,0.24247304270435918,0.3494786527723206,0.11376609025392699,0.3234310873501489,0.3858699378113908,0,True,0.018036599998595193,closed_form,,,,16,float64,NVIDIA GeForce RTX 5060 Ti,2.14.0+cu130,0c39bb9363fb,2026-09-30T22:49:12
ETTh2,96,NLinear,MSE,0.0,"Σr² + λ·Σ_h w_hᵀPen w_h (tổng, không phạt bias)",,,0.38898232963544466,0.20529202193827523,0.31261798741534663,0.09693907354741284,0.2725613166698944,0.33515839089601424,0,True,0.20592999999644235,closed_form,,,,16,float64,NVIDIA GeForce RTX 5060 Ti,2.14.0+cu130,0c39bb9363fb,2026-09-30T22:49:13
ETTh2,96,NLinear,MSE,0.01,"Σr² + λ·Σ_h w_hᵀPen w_h (tổng, không phạt bias)",,,0.38898234592756575,0.20529201224336696,0.3126179776520202,0.09693906911564242,0.2725613042799591,0.3351583769023146,0,True,0.023845200004871003,closed_form,,,,16,float64,NVIDIA GeForce RTX 5060 Ti,2.14.0+cu130,0c39bb9363fb,2026-09-30T22:49:13
ETTh2,96,NLinear,MSE,0.0158489,"Σr² + λ·Σ_h w_hᵀPen w_h (tổng, không phạt bias)",,,0.3889823554566299,0.2052920065729979,0.31261797194160196,0.09693906652358404,0.27256129703329895,0.33515836871760046,0,True,0.02291020000120625,closed_form,,,,16,float64,NVIDIA GeForce RTX 5060 Ti,2.14.0+cu130,0c39bb9363fb,2026-09-30T22:49:13
ETTh2,96,NLinear,MSE,0.0251189,"Σr² + λ·Σ_h w_hᵀPen w_h (tổng, không phạt bias)",,,0.38898237055931956,0.20529199758608382,0.3126179628911776,0.09693906241545618,0.272561285548105,0.3351583557456312,0,True,0.020871600005193613,closed_form,,,,16,float64,NVIDIA GeForce RTX 5060 Ti,2.14.0+cu130,0c39bb9363fb,2026-09-30T22:49:13
ETTh2,96,NLinear,MSE,0.0398107,"Σr² + λ·Σ_h w_hᵀPen w_h (tổng, không phạt bias)",,,0.38898239449507843,0.2052919833432658,0.3126179485479689,0.09693905590473444,0.272561267345836,0.3351583351870938,0,True,0.027324199996655807,closed_form,,,,16,float64,NVIDIA GeForce RTX 5060 Ti,2.14.0+cu130,0c39bb9363fb,2026-09-30T22:49:14
ETTh2,96,NLinear,MSE,0.0630957,"Σr² + λ·Σ_h w_hᵀPen w_h (tổng, không phạt bias)",,,0.3889824324304791,0.20529196077067527,0.3126179258165196,0.09693904558628641,0.27256123849795216,0.33515830260452234,0,True,0.017188399986480363,closed_form,,,,16,float64,NVIDIA GeForce RTX 5060 Ti,2.14.0+cu130,0c39bb9363fb,2026-09-30T22:49:14
ETTh2,96,NLinear,MSE,0.1,"Σr² + λ·Σ_h w_hᵀPen w_h (tổng, không phạt bias)",,,0.38898249255331374,0.2052919249975269,0.3126178897922703,0.09693902923357513,0.272561192779197,0.33515825096607876,0,True,0.03197760001057759,closed_form,,,,16,float64,NVIDIA GeForce RTX 5060 Ti,2.14.0+cu130,0c39bb9363fb,2026-09-30T22:49:14
ETTh2,96,NLinear,MSE,0.158489,"Σr² + λ·Σ_h w_hᵀPen w_h (tổng, không phạt bias)",,,0.38898258783890466,0.205291868306436,0.3126178327039287,0.09693900331883668,0.2725611203256817,0.33515816913378504,0,True,0.024298499993165024,closed_form,,,,16,float64,NVIDIA GeForce RTX 5060 Ti,2.14.0+cu130,0c39bb9363fb,2026-09-30T22:49:14
ETTh2,96,NLinear,MSE,0.251189,"Σr² + λ·Σ_h w_hᵀPen w_h (tổng, không phạt bias)",,,0.38898273885311213,0.2052917784689409,0.3126177422375624,0.09693896225223973,0.27256100550660994,0.33515803945227013,0,True,0.023039400010020472,closed_form,,,,16,float64,NVIDIA GeForce RTX 5060 Ti,2.14.0+cu130,0c39bb9363fb,2026-09-30T22:49:14
ETTh2,96,NLinear,MSE,0.398107,"Σr² + λ·Σ_h w_hᵀPen w_h (tổng, không phạt bias)",,,0.3889829781788301,0.20529163612023887,0.31261759890004925,0.09693889718189429,0.2725608235664664,0.3351578339602798,0,True,0.023721799996565096,closed_form,,,,16,float64,NVIDIA GeForce RTX 5060 Ti,2.14.0+cu130,0c39bb9363fb,2026-09-30T22:49:15
ETTh2,96,NLinear,MSE,0.630957,"Σr² + λ·Σ_h w_hᵀPen w_h (tổng, không phạt bias)",,,0.3889833574527956,0.205291410593922,0.31261737181308286,0.09693879409000915,0.27256053529492585,0.33515750837799596,0,True,0.021199099996010773,closed_form,,,,16,float64,NVIDIA GeForce RTX 5060 Ti,2.14.0+cu130,0c39bb9363fb,2026-09-30T22:49:15
ETTh2,96,NLinear,MSE,1.0,"Σr² + λ·Σ_h w_hᵀPen w_h (tổng, không phạt bias)",,,0.3889839584801353,0.2052910533635801,0.31261701211684395,0.09693863079539092,0.2725600786278783,0.3351569926228098,0,True,0.021410300003481098,closed_form,,,,16,float64,NVIDIA GeForce RTX 5060 Ti,2.14.0+cu130,0c39bb9363fb,2026-09-30T22:49:15
ETTh2,96,NLinear,MSE,1.58489,"Σr² + λ·Σ_h w_hᵀPen w_h (tổng, không phạt bias)",,,0.3889849108313344,0.20529048771066463,0.31261644254302223,0.09693837223162659,0.2725593553993531,0.3351561757260119,0,True,0.020700199995189905,closed_form,,,,16,float64,NVIDIA GeForce RTX 5060 Ti,2.14.0+cu130,0c39bb9363fb,2026-09-30T22:49:15
ETTh2,96,NLinear,MSE,2.51189,"Σr² + λ·Σ_h w_hᵀPen w_h (tổng, không phạt bias)",,,0.38898641970638115,0.20528959249248344,0.31261554122119134,0.0969379630301736,0.2725582104875609,0.3351548822750325,0,True,0.02558050000516232,closed_form,,,,16,float64,NVIDIA GeForce RTX 5060 Ti,2.14.0+cu130,0c39bb9363fb,2026-09-30T22:49:15
ETTh2,96,NLinear,MSE,3.98107,"Σr² + λ·Σ_h w_hᵀPen w_h (tổng, không phạt bias)",,,0.3889888097840052,0.2052881769220666,0.31261411621539853,0.09693731599945324,0.2725563993095282,0.3351528358887536,0,True,0.03290989999368321,closed_form,,,,16,float64,NVIDIA GeForce RTX 5060 Ti,2.14.0+cu130,0c39bb9363fb,2026-09-30T22:49:16
ETTh2,96,NLinear,MSE,6.30957,"Σr² + λ·Σ_h w_hᵀPen w_h (tổng, không phạt bias)",,,0.3889925945490253,0.20528594149393659,0.3126118668209062,0.09693629428262146,0.2725535371996522,0.33514960208560046,0,True,0.03627910000795964,closed_form,,,,16,float64,NVIDIA GeForce RTX 5060 Ti,2.14.0+cu130,0c39bb9363fb,2026-09-30T22:49:16
ETTh2,96,NLinear,MSE,10.0,"Σr² + λ·Σ_h w_hᵀPen w_h (tổng, không phạt bias)",,,0.38899858483884736,0.20528241881363846,0.312608323128399,0.09693468435795358,0.2725490220870566,0.3351444993134766,0,True,0.05241299999761395,closed_form,,,,16,float64,NVIDIA GeForce RTX 5060 Ti,2.14.0+cu130,0c39bb9363fb,2026-09-30T22:49:16
ETTh2,96,NLinear,MSE,15.8489,"Σr² + λ·Σ_h w_hᵀPen w_h (tổng, không phạt bias)",,,0.3890080583439583,0.20527688614078865,0.3126027610348171,0.0969321561803949,0.2725419185153881,0.33513647135044305,0,True,0.028602799997315742,closed_form,,,,16,float64,NVIDIA GeForce RTX 5060 Ti,2.14.0+cu130,0c39bb9363fb,2026-09-30T22:49:16
ETTh2,96,NLinear,MSE,25.1189,"Σr² + λ·Σ_h w_hᵀPen w_h (tổng, không phạt bias)",,,0.38902302222663104,0.2052682419738861,0.3125940728957058,0.09692820706108195,0.27253078960275107,0.33512388997449954,0,True,0.025446899991948158,closed_form,,,,16,float64,NVIDIA GeForce RTX 5060 Ti,2.14.0+cu130,0c39bb9363fb,2026-09-30T22:49:16
ETTh2,96,NLinear,MSE,39.8107,"Σr² + λ·Σ_h w_hᵀPen w_h (tổng, không phạt bias)",,,0.3890466122729191,0.20525484788120493,0.3125806190568244,0.09692209008017405,0.27251347000905396,0.3351042973150547,0,True,0.028914499998791143,closed_form,,,,16,float64,NVIDIA GeForce RTX 5060 Ti,2.14.0+cu130,0c39bb9363fb,2026-09-30T22:49:17
ETTh2,96,NLinear,MSE,63.0957,"Σr² + λ·Σ_h w_hᵀPen w_h (tổng, không phạt bias)",,,0.3890836907383169,0.20523436024470207,0.3125600500557993,0.09691273887501739,0.27248679216034644,0.3350740945923572,0,True,0.046459300006972626,closed_form,,,,16,float64,NVIDIA GeForce RTX 5060 Ti,2.14.0+cu130,0c39bb9363fb,2026-09-30T22:49:17
ETTh2,96,NLinear,MSE,100.0,"Σr² + λ·Σ_h w_hᵀPen w_h (tổng, không phạt bias)",,,0.3891417049101768,0.20520364708443095,0.3125292725505963,0.09689873353653375,0.27244634623348724,0.3350282275314696,0,True,0.025423799990676343,closed_form,,,,16,float64,NVIDIA GeForce RTX 5060 Ti,2.14.0+cu130,0c39bb9363fb,2026-09-30T22:49:17
ETTh2,96,NLinear,MSE,158.489,"Σr² + λ·Σ_h w_hᵀPen w_h (tổng, không phạt bias)",,,0.3892318582847237,0.20515901608123435,0.31248470444371357,0.0968784134831333,0.27238648350445377,0.33496027185621824,0,True,0.026402799994684756,closed_form,,,,16,float64,NVIDIA GeForce RTX 5060 Ti,2.14.0+cu130,0c39bb9363fb,2026-09-30T22:49:17
ETTh2,96,NLinear,MSE,251.189,"Σr² + λ·Σ_h w_hᵀPen w_h (tổng, không phạt bias)",,,0.3893705787642535,0.20509718529117726,0.3124235879980741,0.09685033867509182,0.27230098651817475,0.3348628661084736,0,True,0.024783999993815087,closed_form,,,,16,float64,NVIDIA GeForce RTX 5060 Ti,2.14.0+cu130,0c39bb9363fb,2026-09-30T22:49:17
ETTh2,96,NLinear,MSE,398.107,"Σr² + λ·Σ_h w_hᵀPen w_h (tổng, không phạt bias)",,,0.38958110623545966,0.20501758944687473,0.31234599816605735,0.09681437591939425,0.2721850252354635,0.3347300208425525,0,True,0.026269999987562187,closed_form,,,,16,float64,NVIDIA GeForce RTX 5060 Ti,2.14.0+cu130,0c39bb9363fb,2026-09-30T22:49:18
ETTh2,96,NLinear,MSE,630.957,"Σr² + λ·Σ_h w_hᵀPen w_h (tổng, không phạt bias)",,,0.3898948795064332,0.2049263293543769,0.3122591340793915,0.09677355329621724,0.2720387954402108,0.3345607021564356,0,True,0.02038370000082068,closed_form,,,,16,float64,NVIDIA GeForce RTX 5060 Ti,2.14.0+cu130,0c39bb9363fb,2026-09-30T22:49:18
ETTh2,96,NLinear,MSE,1000.0,"Σr² + λ·Σ_h w_hᵀPen w_h (tổng, không phạt bias)",,,0.3903522440002552,0.20484101241892244,0.312182428133961,0.09673632821449998,0.2718722969742582,0.3343627405649648,0,True,0.02754100000311155,closed_form,,,,16,float64,NVIDIA GeForce RTX 5060 Ti,2.14.0+cu130,0c39bb9363fb,2026-09-30T22:49:18
ETTh2,96,NLinear,MSE,1584.89,"Σr² + λ·Σ_h w_hᵀPen w_h (tổng, không phạt bias)",,,0.39100221981687194,0.20479425485271993,0.3121518334670426,0.09671821960466967,0.2717093118006521,0.33415849362530564,0,True,0.025896799998008646,closed_form,,,,16,float64,NVIDIA GeForce RTX 5060 Ti,2.14.0+cu130,0c39bb9363fb,2026-09-30T22:49:18
ETTh2,96,NLinear,MSE,2511.89,"Σr² + λ·Σ_h w_hᵀPen w_h (tổng, không phạt bias)",,,0.3919012976065439,0.20483371505483108,0.31221433121837283,0.09674177914484568,0.27158868366255745,0.33398233966870006,0,True,0.023528799996711314,closed_form,,,,16,float64,NVIDIA GeForce RTX 5060 Ti,2.14.0+cu130,0c39bb9363fb,2026-09-30T22:49:19
ETTh2,96,NLinear,MSE,3981.07,"Σr² + λ·Σ_h w_hᵀPen w_h (tổng, không phạt bias)",,,0.3931109257861657,0.2050190418538499,0.31242727565274325,0.09683505987118533,0.2715633010981741,0.33387763590047365,0,True,0.022221999999601394,closed_form,,,,16,float64,NVIDIA GeForce RTX 5060 Ti,2.14.0+cu130,0c39bb9363fb,2026-09-30T22:49:19
ETTh2,96,NLinear,MSE,6309.57,"Σr² + λ·Σ_h w_hᵀPen w_h (tổng, không phạt bias)",,,0.39469326534834176,0.20541775095916745,0.312849027176436,0.09702957850213617,0.2716987969023404,0.3339013244430264,0,True,0.020095300002139993,closed_form,,,,16,float64,NVIDIA GeForce RTX 5060 Ti,2.14.0+cu130,0c39bb9363fb,2026-09-30T22:49:19
ETTh2,96,NLinear,MSE,10000.0,"Σr² + λ·Σ_h w_hᵀPen w_h (tổng, không phạt bias)",,,0.39670540986356667,0.20609885768447628,0.3135413304026693,0.09735730715343394,0.2720715931846553,0.3341204765514308,0,True,0.02049280000210274,closed_form,,,,16,float64,NVIDIA GeForce RTX 5060 Ti,2.14.0+cu130,0c39bb9363fb,2026-09-30T22:49:19
ETTh2,96,NLinear,MSE,15848.9,"Σr² + λ·Σ_h w_hᵀPen w_h (tổng, không phạt bias)",,,0.3991960582511304,0.20712007177266473,0.31455247090285093,0.09784493504810153,0.2727622816522614,0.3346074365659395,0,True,0.01814159999776166,closed_form,,,,16,float64,NVIDIA GeForce RTX 5060 Ti,2.14.0+cu130,0c39bb9363fb,2026-09-30T22:49:19
ETTh2,96,NLinear,MSE,25118.9,"Σr² + λ·Σ_h w_hᵀPen w_h (tổng, không phạt bias)",,,0.4022104042180341,0.2085127088003339,0.31592116954287,0.09850734804477825,0.27384416524499167,0.3354371702394227,0,True,0.02500480000162497,closed_form,,,,16,float64,NVIDIA GeForce RTX 5060 Ti,2.14.0+cu130,0c39bb9363fb,2026-09-30T22:49:20
ETTh2,96,NLinear,MSE,39810.7,"Σr² + λ·Σ_h w_hᵀPen w_h (tổng, không phạt bias)",,,0.40580296126810245,0.21028331984714535,0.3176695668625203,0.09934899422408139,0.2753787249290737,0.33666802882963437,0,True,0.03068310000526253,closed_form,,,,16,float64,NVIDIA GeForce RTX 5060 Ti,2.14.0+cu130,0c39bb9363fb,2026-09-30T22:49:20
ETTh2,96,NLinear,MSE,63095.7,"Σr² + λ·Σ_h w_hᵀPen w_h (tổng, không phạt bias)",,,0.41004754739016186,0.2124482222345817,0.31983471737167407,0.10038044525486824,0.2774352866342319,0.3383674003429836,0,True,0.034420000010868534,closed_form,,,,16,float64,NVIDIA GeForce RTX 5060 Ti,2.14.0+cu130,0c39bb9363fb,2026-09-30T22:49:20
ETTh2,96,NLinear,MSE,100000.0,"Σr² + λ·Σ_h w_hᵀPen w_h (tổng, không phạt bias)",,,0.4150268046234383,0.2150841639142331,0.32251470298923507,0.10164211729199649,0.280130720128043,0.34063499109071127,0,True,0.020525799991446547,closed_form,,,,16,float64,NVIDIA GeForce RTX 5060 Ti,2.14.0+cu130,0c39bb9363fb,2026-09-30T22:49:20
ETTh2,96,Linear,MAE,0.0,"Σ|r| + λ·Σ_h w_hᵀPen w_h (irls δ = 1e-6, tổng, không phạt bias)",1e-06,,0.3373166291568613,0.2030171748502299,0.3069675949829882,0.095526798877989,0.27885408844896076,0.33421566797432306,456,True,75.21187909999571,ols,,3e-11,1,16,float32,NVIDIA GeForce RTX 5060 Ti,2.14.0+cu130,0c39bb9363fb,2026-09-30T22:50:36
ETTh2,96,Linear,MAE,1.0,"Σ|r| + λ·Σ_h w_hᵀPen w_h (irls δ = 1e-6, tổng, không phạt bias)",1e-06,,0.33731952627399475,0.20301715806552764,0.3069675749834936,0.09552679112884624,0.2788540719231247,0.33421564529465464,1,True,0.17801069999404717,warm,,1e-10,1,16,float32,NVIDIA GeForce RTX 5060 Ti,2.14.0+cu130,0c39bb9363fb,2026-09-30T22:50:36
ETTh2,96,Linear,MAE,3.0,"Σ|r| + λ·Σ_h w_hᵀPen w_h (irls δ = 1e-6, tổng, không phạt bias)",1e-06,,0.3373253177406197,0.20301580539978784,0.3069660437867541,0.09552616501444915,0.27885268981921824,0.33421386930798297,60,True,9.870226400002139,warm,,1e-10,1,16,float32,NVIDIA GeForce RTX 5060 Ti,2.14.0+cu130,0c39bb9363fb,2026-09-30T22:50:46
ETTh2,96,Linear,MAE,10.0,"Σ|r| + λ·Σ_h w_hᵀPen w_h (irls δ = 1e-6, tổng, không phạt bias)",1e-06,,0.3373455403638163,0.20300533507045174,0.306955272314691,0.09552127526575431,0.2788402164195563,0.3342009480028977,213,True,34.91832000001159,warm,,1e-10,1,16,float32,NVIDIA GeForce RTX 5060 Ti,2.14.0+cu130,0c39bb9363fb,2026-09-30T22:51:21
ETTh2,96,Linear,MAE,30.0,"Σ|r| + λ·Σ_h w_hᵀPen w_h (irls δ = 1e-6, tổng, không phạt bias)",1e-06,,0.3374029812093937,0.20297612281868543,0.3069257778898066,0.09550758714662291,0.27880354289546494,0.334167451585854,260,True,42.424683799996274,warm,,1e-10,1,16,float32,NVIDIA GeForce RTX 5060 Ti,2.14.0+cu130,0c39bb9363fb,2026-09-30T22:52:04
ETTh2,96,Linear,MAE,100.0,"Σ|r| + λ·Σ_h w_hᵀPen w_h (irls δ = 1e-6, tổng, không phạt bias)",1e-06,,0.33760026336164956,0.20288135538670907,0.3068319210131166,0.0954634638206581,0.2786877856252226,0.33406431953475535,249,True,40.858943299987004,warm,,1e-10,1,16,float32,NVIDIA GeForce RTX 5060 Ti,2.14.0+cu130,0c39bb9363fb,2026-09-30T22:52:45
ETTh2,96,Linear,MAE,300.0,"Σ|r| + λ·Σ_h w_hᵀPen w_h (irls δ = 1e-6, tổng, không phạt bias)",1e-06,,0.3381356795040819,0.20267541188181812,0.3066235182543979,0.09536661795933823,0.27841779386858645,0.3338279269066835,209,True,34.36367569999129,warm,,1e-10,1,16,float32,NVIDIA GeForce RTX 5060 Ti,2.14.0+cu130,0c39bb9363fb,2026-09-30T22:53:20
ETTh2,96,Linear,MAE,1000.0,"Σ|r| + λ·Σ_h w_hᵀPen w_h (irls δ = 1e-6, tổng, không phạt bias)",1e-06,,0.33977271350874516,0.2023390297653362,0.3063179619379819,0.09520789511174163,0.2778646529585268,0.33338464910236537,149,True,24.751644299991312,warm,,1e-10,1,16,float32,NVIDIA GeForce RTX 5060 Ti,2.14.0+cu130,0c39bb9363fb,2026-09-30T22:53:45
ETTh2,96,Linear,MAE,3000.0,"Σ|r| + λ·Σ_h w_hᵀPen w_h (irls δ = 1e-6, tổng, không phạt bias)",1e-06,,0.343374749302902,0.20248022702866622,0.30658696855231055,0.09526747505047568,0.27745050224171985,0.33322950941473795,145,True,23.492600500001572,warm,,1e-10,1,16,float32,NVIDIA GeForce RTX 5060 Ti,2.14.0+cu130,0c39bb9363fb,2026-09-30T22:54:08
ETTh2,96,Linear,MAE,10000.0,"Σ|r| + λ·Σ_h w_hᵀPen w_h (irls δ = 1e-6, tổng, không phạt bias)",1e-06,,0.351553532441492,0.20472715463878205,0.3091713749132811,0.09629548975937549,0.27817377184249814,0.334512384411195,120,True,19.119980600007693,warm,,1e-10,1,16,float32,NVIDIA GeForce RTX 5060 Ti,2.14.0+cu130,0c39bb9363fb,2026-09-30T22:54:28
ETTh2,96,DLinear,MAE,0.0,"Σ|r| + λ·Σ_h w_hᵀPen w_h (irls δ = 1e-6, tổng, không phạt bias)",1e-06,25,0.3373166291568613,0.2030171748502299,0.3069675949829882,0.095526798877989,0.27885408844896076,0.33421566797432306,456,True,0,ols,Linear,3e-11,1,16,float32,NVIDIA GeForce RTX 5060 Ti,2.14.0+cu130,0c39bb9363fb,2026-09-30T22:54:28
ETTh2,96,DLinear,MAE,1.0,"Σ|r| + λ·Σ_h w_hᵀPen w_h (irls δ = 1e-6, tổng, không phạt bias)",1e-06,25,0.3373192519511686,0.2030171589739127,0.30696757665410906,0.09552679162625584,0.27885407164008713,0.3342156453225884,1,True,0.17194159999780823,warm,,1e-10,1,16,float32,NVIDIA GeForce RTX 5060 Ti,2.14.0+cu130,0c39bb9363fb,2026-09-30T22:54:28
ETTh2,96,DLinear,MAE,3.0,"Σ|r| + λ·Σ_h w_hᵀPen w_h (irls δ = 1e-6, tổng, không phạt bias)",1e-06,25,0.33732449622108013,0.2030164172747438,0.30696677400829725,0.09552645163503297,0.2788532329052542,0.33421460373786055,33,True,5.326469599996926,warm,,1e-10,1,16,float32,NVIDIA GeForce RTX 5060 Ti,2.14.0+cu130,0c39bb9363fb,2026-09-30T22:54:34
ETTh2,96,DLinear,MAE,10.0,"Σ|r| + λ·Σ_h w_hᵀPen w_h (irls δ = 1e-6, tổng, không phạt bias)",1e-06,25,0.337342812814648,0.2030068973009996,0.30695737489275904,0.09552205205839552,0.2788414726381692,0.33420275333918903,205,True,32.71261390000291,warm,,1e-10,1,16,float32,NVIDIA GeForce RTX 5060 Ti,2.14.0+cu130,0c39bb9363fb,2026-09-30T22:55:07
ETTh2,96,DLinear,MAE,30.0,"Σ|r| + λ·Σ_h w_hᵀPen w_h (irls δ = 1e-6, tổng, không phạt bias)",1e-06,25,0.33739488026589143,0.20298069424041562,0.3069326547847273,0.09550992421119667,0.2788043009466189,0.3341705867113699,261,True,41.867311599999084,warm,,1e-10,1,16,float32,NVIDIA GeForce RTX 5060 Ti,2.14.0+cu130,0c39bb9363fb,2026-09-30T22:55:49
ETTh2,96,DLinear,MAE,100.0,"Σ|r| + λ·Σ_h w_hᵀPen w_h (irls δ = 1e-6, tổng, không phạt bias)",1e-06,25,0.3375741648703031,0.20289591259598116,0.30685280433242573,0.09547113657731901,0.2786857936030715,0.334067394948822,248,True,39.577507199996035,warm,,1e-10,1,16,float32,NVIDIA GeForce RTX 5060 Ti,2.14.0+cu130,0c39bb9363fb,2026-09-30T22:56:28
ETTh2,96,DLinear,MAE,300.0,"Σ|r| + λ·Σ_h w_hᵀPen w_h (irls δ = 1e-6, tổng, không phạt bias)",1e-06,25,0.3380642918612978,0.20269765518834737,0.30666443098989865,0.09537968059452434,0.2783973130349266,0.33382557887955616,209,True,33.36904410000716,warm,,1e-10,1,16,float32,NVIDIA GeForce RTX 5060 Ti,2.14.0+cu130,0c39bb9363fb,2026-09-30T22:57:02
ETTh2,96,DLinear,MAE,1000.0,"Σ|r| + λ·Σ_h w_hᵀPen w_h (irls δ = 1e-6, tổng, không phạt bias)",1e-06,25,0.3395929944112324,0.20236999455269516,0.3063930679697653,0.0952292906515996,0.27776689042443664,0.33334453051618407,149,True,23.89880739999353,warm,,1e-10,1,16,float32,NVIDIA GeForce RTX 5060 Ti,2.14.0+cu130,0c39bb9363fb,2026-09-30T22:57:26
ETTh2,96,DLinear,MAE,3000.0,"Σ|r| + λ·Σ_h w_hᵀPen w_h (irls δ = 1e-6, tổng, không phạt bias)",1e-06,25,0.3430810219350024,0.20243214249379488,0.3066189430985415,0.09525739325769483,0.27710408896632627,0.33302678833585664,142,True,22.91271869999764,warm,,1e-10,1,16,float32,NVIDIA GeForce RTX 5060 Ti,2.14.0+cu130,0c39bb9363fb,2026-09-30T22:57:49
ETTh2,96,DLinear,MAE,10000.0,"Σ|r| + λ·Σ_h w_hᵀPen w_h (irls δ = 1e-6, tổng, không phạt bias)",1e-06,25,0.35125955663570646,0.20456736262350386,0.3090808097509215,0.09623416333569576,0.277559086954375,0.3341271182963505,120,True,19.22858759999508,warm,,1e-10,1,16,float32,NVIDIA GeForce RTX 5060 Ti,2.14.0+cu130,0c39bb9363fb,2026-09-30T22:58:09
ETTh2,96,NLinear,MAE,0.0,"Σ|r| + λ·Σ_h w_hᵀPen w_h (irls δ = 1e-6, tổng, không phạt bias)",1e-06,,0.3380747629444241,0.20117221472463429,0.3045593156525454,0.09475478980933436,0.27807046005693087,0.3316926138039491,444,True,71.81643029999395,ols,,3e-11,1,16,float32,NVIDIA GeForce RTX 5060 Ti,2.14.0+cu130,0c39bb9363fb,2026-09-30T22:59:21
ETTh2,96,NLinear,MAE,1.0,"Σ|r| + λ·Σ_h w_hᵀPen w_h (irls δ = 1e-6, tổng, không phạt bias)",1e-06,,0.3380767070837675,0.2011722037141161,0.30455930143566795,0.09475478454577484,0.2780704531289584,0.3316925993071319,1,True,0.1742318000033265,warm,,1e-10,1,16,float32,NVIDIA GeForce RTX 5060 Ti,2.14.0+cu130,0c39bb9363fb,2026-09-30T22:59:21
ETTh2,96,NLinear,MAE,3.0,"Σ|r| + λ·Σ_h w_hᵀPen w_h (irls δ = 1e-6, tổng, không phạt bias)",1e-06,,0.3380805943387114,0.20117168484701176,0.30455870684777747,0.09475454147257438,0.27807001286642447,0.3316919655678787,27,True,4.358324899993022,warm,,1e-10,1,16,float32,NVIDIA GeForce RTX 5060 Ti,2.14.0+cu130,0c39bb9363fb,2026-09-30T22:59:26
ETTh2,96,NLinear,MAE,10.0,"Σ|r| + λ·Σ_h w_hᵀPen w_h (irls δ = 1e-6, tổng, không phạt bias)",1e-06,,0.338094162045982,0.20116124591991347,0.30454798515368214,0.09474976433119812,0.2780584585674377,0.33167919664466683,205,True,33.12343690000125,warm,,1e-10,1,16,float32,NVIDIA GeForce RTX 5060 Ti,2.14.0+cu130,0c39bb9363fb,2026-09-30T22:59:59
ETTh2,96,NLinear,MAE,30.0,"Σ|r| + λ·Σ_h w_hᵀPen w_h (irls δ = 1e-6, tổng, không phạt bias)",1e-06,,0.3381326791452302,0.2011332375254514,0.30452043280471885,0.09473705202484932,0.278023811198499,0.3316438684380993,257,True,41.83947619999526,warm,,1e-10,1,16,float32,NVIDIA GeForce RTX 5060 Ti,2.14.0+cu130,0c39bb9363fb,2026-09-30T23:00:41
ETTh2,96,NLinear,MAE,100.0,"Σ|r| + λ·Σ_h w_hᵀPen w_h (irls δ = 1e-6, tổng, không phạt bias)",1e-06,,0.33826468742349947,0.20104305173032527,0.30443284267975473,0.09469636221244199,0.2779124597617406,0.33153341644232104,252,True,40.6363074999972,warm,,1e-10,1,16,float32,NVIDIA GeForce RTX 5060 Ti,2.14.0+cu130,0c39bb9363fb,2026-09-30T23:01:22
ETTh2,96,NLinear,MAE,300.0,"Σ|r| + λ·Σ_h w_hᵀPen w_h (irls δ = 1e-6, tổng, không phạt bias)",1e-06,,0.33862105955969657,0.2008424918149468,0.30424796896976064,0.09460609010727543,0.27764414844384067,0.33127526258768897,200,True,31.666199600003893,warm,,1e-10,1,16,float32,NVIDIA GeForce RTX 5060 Ti,2.14.0+cu130,0c39bb9363fb,2026-09-30T23:01:54
ETTh2,96,NLinear,MAE,1000.0,"Σ|r| + λ·Σ_h w_hᵀPen w_h (irls δ = 1e-6, tổng, không phạt bias)",1e-06,,0.33969836385051144,0.20047522366491077,0.3039454238001263,0.09444407916173563,0.27706494285266636,0.3307382202883536,146,True,23.054018599999836,warm,,1e-10,1,16,float32,NVIDIA GeForce RTX 5060 Ti,2.14.0+cu130,0c39bb9363fb,2026-09-30T23:02:17
ETTh2,96,NLinear,MAE,3000.0,"Σ|r| + λ·Σ_h w_hᵀPen w_h (irls δ = 1e-6, tổng, không phạt bias)",1e-06,,0.34202338879362243,0.20031673907406278,0.3039954636800231,0.09439002134319847,0.27639704595991865,0.33023228664374266,123,True,19.51520170000731,warm,,1e-10,1,16,float32,NVIDIA GeForce RTX 5060 Ti,2.14.0+cu130,0c39bb9363fb,2026-09-30T23:02:37
ETTh2,96,NLinear,MAE,10000.0,"Σ|r| + λ·Σ_h w_hᵀPen w_h (irls δ = 1e-6, tổng, không phạt bias)",1e-06,,0.34709689908841107,0.20141897365835312,0.30560939765006273,0.09494555722448648,0.27605314878737863,0.3304061381867093,105,True,16.644348000001628,warm,,1e-10,1,16,float32,NVIDIA GeForce RTX 5060 Ti,2.14.0+cu130,0c39bb9363fb,2026-09-30T23:02:53
ETTh2,96,Linear,Huber,0.0,"Σρ_δ(r)/δ + λ·Σ_h w_hᵀPen w_h, δ = 1, ρ = r²/2 trong ngưỡng (tổng, không phạt bias)",1.0,,0.135891918649112,0.21001697440250056,0.31740491592080305,0.09883194898931355,0.2873427421337401,0.34914083291824005,9,True,1.4133345000009285,ols,,1e-09,1,16,float32,NVIDIA GeForce RTX 5060 Ti,2.14.0+cu130,0c39bb9363fb,2026-09-30T23:02:55
ETTh2,96,Linear,Huber,1.0,"Σρ_δ(r)/δ + λ·Σ_h w_hᵀPen w_h, δ = 1, ρ = r²/2 trong ngưỡng (tổng, không phạt bias)",1.0,,0.13589477258800117,0.21001396177067438,0.31740212189091893,0.09883055188714696,0.2873394058205488,0.349138254218107,2,True,0.3236509000125807,warm,,1e-09,1,16,float32,NVIDIA GeForce RTX 5060 Ti,2.14.0+cu130,0c39bb9363fb,2026-09-30T23:02:56
ETTh2,96,Linear,Huber,3.0,"Σρ_δ(r)/δ + λ·Σ_h w_hᵀPen w_h, δ = 1, ρ = r²/2 trong ngưỡng (tổng, không phạt bias)",1.0,,0.13590047266905464,0.21000844403815108,0.31739695024993025,0.09882795710051338,0.2873326708824095,0.34913316730239957,2,True,0.3255764000059571,warm,,1e-09,1,16,float32,NVIDIA GeForce RTX 5060 Ti,2.14.0+cu130,0c39bb9363fb,2026-09-30T23:02:56
ETTh2,96,Linear,Huber,10.0,"Σρ_δ(r)/δ + λ·Σ_h w_hᵀPen w_h, δ = 1, ρ = r²/2 trong ngưỡng (tổng, không phạt bias)",1.0,,0.13592034154518287,0.209989542220048,0.31737917873427973,0.09881904718840676,0.2873091619484808,0.34911544686345264,3,True,0.4794794000044931,warm,,1e-09,1,16,float32,NVIDIA GeForce RTX 5060 Ti,2.14.0+cu130,0c39bb9363fb,2026-09-30T23:02:57
ETTh2,96,Linear,Huber,30.0,"Σρ_δ(r)/δ + λ·Σ_h w_hᵀPen w_h, δ = 1, ρ = r²/2 trong ngưỡng (tổng, không phạt bias)",1.0,,0.13597643196097545,0.20993885370118923,0.3173316646287039,0.09879513275198937,0.28724543757703597,0.34906767268598904,4,True,0.6392010999988997,warm,,1e-09,1,16,float32,NVIDIA GeForce RTX 5060 Ti,2.14.0+cu130,0c39bb9363fb,2026-09-30T23:02:58
ETTh2,96,Linear,Huber,100.0,"Σρ_δ(r)/δ + λ·Σ_h w_hᵀPen w_h, δ = 1, ρ = r²/2 trong ngưỡng (tổng, không phạt bias)",1.0,,0.13616552705161614,0.20979285767934486,0.3171967473102892,0.09872609859644071,0.28705614911630023,0.3489286654097847,5,True,0.7916283999948064,warm,,1e-09,1,16,float32,NVIDIA GeForce RTX 5060 Ti,2.14.0+cu130,0c39bb9363fb,2026-09-30T23:02:59
ETTh2,96,Linear,Huber,300.0,"Σρ_δ(r)/δ + λ·Σ_h w_hᵀPen w_h, δ = 1, ρ = r²/2 trong ngưỡng (tổng, không phạt bias)",1.0,,0.1366566958924791,0.20955519489241511,0.31698872815231044,0.09861272353923509,0.2867095265168879,0.34869155817304,6,True,0.9465476000041235,warm,,1e-09,1,16,float32,NVIDIA GeForce RTX 5060 Ti,2.14.0+cu130,0c39bb9363fb,2026-09-30T23:03:00
ETTh2,96,Linear,Huber,1000.0,"Σρ_δ(r)/δ + λ·Σ_h w_hᵀPen w_h, δ = 1, ρ = r²/2 trong ngưỡng (tổng, không phạt bias)",1.0,,0.13804034669495463,0.2095473614158382,0.31706285660329325,0.09860177030859354,0.2864096399712895,0.34861233737528297,7,True,1.1052428999973927,warm,,1e-09,1,16,float32,NVIDIA GeForce RTX 5060 Ti,2.14.0+cu130,0c39bb9363fb,2026-09-30T23:03:01
ETTh2,96,Linear,Huber,3000.0,"Σρ_δ(r)/δ + λ·Σ_h w_hᵀPen w_h, δ = 1, ρ = r²/2 trong ngưỡng (tổng, không phạt bias)",1.0,,0.1408038877025769,0.21089279447721523,0.31854390366717944,0.09921182131835772,0.2872191268741929,0.34969214652613395,7,True,1.106634199997643,warm,,1e-09,1,16,float32,NVIDIA GeForce RTX 5060 Ti,2.14.0+cu130,0c39bb9363fb,2026-09-30T23:03:02
ETTh2,96,Linear,Huber,10000.0,"Σρ_δ(r)/δ + λ·Σ_h w_hᵀPen w_h, δ = 1, ρ = r²/2 trong ngưỡng (tổng, không phạt bias)",1.0,,0.14655651345909226,0.21601751463348717,0.32371820734997875,0.10154305631655708,0.2914985520465326,0.3541993162526757,8,True,1.2597957000107272,warm,,1e-09,1,16,float32,NVIDIA GeForce RTX 5060 Ti,2.14.0+cu130,0c39bb9363fb,2026-09-30T23:03:04
ETTh2,96,DLinear,Huber,0.0,"Σρ_δ(r)/δ + λ·Σ_h w_hᵀPen w_h, δ = 1, ρ = r²/2 trong ngưỡng (tổng, không phạt bias)",1.0,25,0.135891918649112,0.21001697440250056,0.31740491592080305,0.09883194898931355,0.2873427421337401,0.34914083291824005,9,True,0,ols,Linear,1e-09,1,16,float32,NVIDIA GeForce RTX 5060 Ti,2.14.0+cu130,0c39bb9363fb,2026-09-30T23:03:04
ETTh2,96,DLinear,Huber,1.0,"Σρ_δ(r)/δ + λ·Σ_h w_hᵀPen w_h, δ = 1, ρ = r²/2 trong ngưỡng (tổng, không phạt bias)",1.0,25,0.13589437639594176,0.21001450433557284,0.31740272814256776,0.09883082383730389,0.2873397607990175,0.3491385337954125,2,True,0.32645579999370966,warm,,1e-09,1,16,float32,NVIDIA GeForce RTX 5060 Ti,2.14.0+cu130,0c39bb9363fb,2026-09-30T23:03:04
ETTh2,96,DLinear,Huber,3.0,"Σρ_δ(r)/δ + λ·Σ_h w_hᵀPen w_h, δ = 1, ρ = r²/2 trong ngưỡng (tổng, không phạt bias)",1.0,25,0.13589928665508638,0.21001007812236294,0.3173987804426581,0.0988287763930957,0.2873337420238059,0.34913401788341075,2,True,0.32594920000701677,warm,,1e-09,1,16,float32,NVIDIA GeForce RTX 5060 Ti,2.14.0+cu130,0c39bb9363fb,2026-09-30T23:03:05
ETTh2,96,DLinear,Huber,10.0,"Σρ_δ(r)/δ + λ·Σ_h w_hᵀPen w_h, δ = 1, ρ = r²/2 trong ngưỡng (tổng, không phạt bias)",1.0,25,0.13591641779055622,0.2099949683905656,0.3173852835919552,0.09882177024157388,0.2873127099762761,0.349118302928397,3,True,0.4776739000080852,warm,,1e-09,1,16,float32,NVIDIA GeForce RTX 5060 Ti,2.14.0+cu130,0c39bb9363fb,2026-09-30T23:03:06
ETTh2,96,DLinear,Huber,30.0,"Σρ_δ(r)/δ + λ·Σ_h w_hᵀPen w_h, δ = 1, ρ = r²/2 trong ngưỡng (tổng, không phạt bias)",1.0,25,0.13596490761717428,0.2099542777661495,0.31734907876761675,0.09880289250951106,0.2872552395442532,0.3490755426812703,4,True,0.6381714000017382,warm,,1e-09,1,16,float32,NVIDIA GeForce RTX 5060 Ti,2.14.0+cu130,0c39bb9363fb,2026-09-30T23:03:06
ETTh2,96,DLinear,Huber,100.0,"Σρ_δ(r)/δ + λ·Σ_h w_hᵀPen w_h, δ = 1, ρ = r²/2 trong ngưỡng (tổng, không phạt bias)",1.0,25,0.13612974946457035,0.20983521385095474,0.31724519307694643,0.09874760639184656,0.2870799263860181,0.3489477340900693,5,True,0.8128240999940317,warm,,1e-09,1,16,float32,NVIDIA GeForce RTX 5060 Ti,2.14.0+cu130,0c39bb9363fb,2026-09-30T23:03:07
ETTh2,96,DLinear,Huber,300.0,"Σρ_δ(r)/δ + λ·Σ_h w_hᵀPen w_h, δ = 1, ρ = r²/2 trong ngưỡng (tổng, không phạt bias)",1.0,25,0.1365672642590485,0.20962992813886835,0.31707840579397206,0.09865197108106652,0.2867303729138611,0.3487080006507335,6,True,0.9651802000007592,warm,,1e-09,1,16,float32,NVIDIA GeForce RTX 5060 Ti,2.14.0+cu130,0c39bb9363fb,2026-09-30T23:03:09
ETTh2,96,DLinear,Huber,1000.0,"Σρ_δ(r)/δ + λ·Σ_h w_hᵀPen w_h, δ = 1, ρ = r²/2 trong ngưỡng (tổng, không phạt bias)",1.0,25,0.1378593246519589,0.20956563804367298,0.3171131757515228,0.098619554864216,0.28627547058080743,0.3485037750851277,7,True,1.1404794999980368,warm,,1e-09,1,16,float32,NVIDIA GeForce RTX 5060 Ti,2.14.0+cu130,0c39bb9363fb,2026-09-30T23:03:10
ETTh2,96,DLinear,Huber,3000.0,"Σρ_δ(r)/δ + λ·Σ_h w_hᵀPen w_h, δ = 1, ρ = r²/2 trong ngưỡng (tổng, không phạt bias)",1.0,25,0.14059217916369154,0.21070838005415882,0.3183971027305894,0.09913855446246175,0.2867427804472001,0.34931910053387333,7,True,1.1252528999903006,warm,,1e-09,1,16,float32,NVIDIA GeForce RTX 5060 Ti,2.14.0+cu130,0c39bb9363fb,2026-09-30T23:03:11
ETTh2,96,DLinear,Huber,10000.0,"Σρ_δ(r)/δ + λ·Σ_h w_hᵀPen w_h, δ = 1, ρ = r²/2 trong ngưỡng (tổng, không phạt bias)",1.0,25,0.14642336295276176,0.21577844908847743,0.32349356859179934,0.10144271929684057,0.29092746284827775,0.35377571465084806,8,True,1.2643232999980683,warm,,1e-09,1,16,float32,NVIDIA GeForce RTX 5060 Ti,2.14.0+cu130,0c39bb9363fb,2026-09-30T23:03:13
ETTh2,96,NLinear,Huber,0.0,"Σρ_δ(r)/δ + λ·Σ_h w_hᵀPen w_h, δ = 1, ρ = r²/2 trong ngưỡng (tổng, không phạt bias)",1.0,,0.1377407460166708,0.2021066345773589,0.3071448109532602,0.09528962180386687,0.2745790674687814,0.3325197958007303,9,True,1.4980818999902112,ols,,1e-09,1,16,float32,NVIDIA GeForce RTX 5060 Ti,2.14.0+cu130,0c39bb9363fb,2026-09-30T23:03:15
ETTh2,96,NLinear,Huber,1.0,"Σρ_δ(r)/δ + λ·Σ_h w_hᵀPen w_h, δ = 1, ρ = r²/2 trong ngưỡng (tổng, không phạt bias)",1.0,,0.1377424184858108,0.20210444466818325,0.3071426437464583,0.09528863419486769,0.2745766063759114,0.33251680493447533,2,True,0.343550999998115,warm,,1e-09,1,16,float32,NVIDIA GeForce RTX 5060 Ti,2.14.0+cu130,0c39bb9363fb,2026-09-30T23:03:15
ETTh2,96,NLinear,Huber,3.0,"Σρ_δ(r)/δ + λ·Σ_h w_hᵀPen w_h, δ = 1, ρ = r²/2 trong ngưỡng (tổng, không phạt bias)",1.0,,0.1377457585014044,0.20210036012257845,0.30713857582834114,0.09528676187871471,0.27457114942511207,0.33251072635686085,2,True,0.34470149999833666,warm,,1e-09,1,16,float32,NVIDIA GeForce RTX 5060 Ti,2.14.0+cu130,0c39bb9363fb,2026-09-30T23:03:16
ETTh2,96,NLinear,Huber,10.0,"Σρ_δ(r)/δ + λ·Σ_h w_hᵀPen w_h, δ = 1, ρ = r²/2 trong ngưỡng (tổng, không phạt bias)",1.0,,0.13775739686425123,0.20208634896179253,0.3071246289474825,0.09528033005697556,0.2745520008589885,0.3324895866018419,3,True,0.5142487999983132,warm,,1e-09,1,16,float32,NVIDIA GeForce RTX 5060 Ti,2.14.0+cu130,0c39bb9363fb,2026-09-30T23:03:16
ETTh2,96,NLinear,Huber,30.0,"Σρ_δ(r)/δ + λ·Σ_h w_hᵀPen w_h, δ = 1, ρ = r²/2 trong ngưỡng (tổng, không phạt bias)",1.0,,0.13779021954801246,0.20204865794193308,0.30708731636584824,0.095263045906799,0.2744999079307294,0.33243202846077113,3,True,0.5129031999967992,warm,,1e-09,1,16,float32,NVIDIA GeForce RTX 5060 Ti,2.14.0+cu130,0c39bb9363fb,2026-09-30T23:03:17
ETTh2,96,NLinear,Huber,100.0,"Σρ_δ(r)/δ + λ·Σ_h w_hᵀPen w_h, δ = 1, ρ = r²/2 trong ngưỡng (tổng, không phạt bias)",1.0,,0.1379005411471871,0.2019390498846948,0.3069807626765775,0.09521295618547157,0.27434148012756204,0.3322571769333121,4,True,0.6738343000033638,warm,,1e-09,1,16,float32,NVIDIA GeForce RTX 5060 Ti,2.14.0+cu130,0c39bb9363fb,2026-09-30T23:03:18
ETTh2,96,NLinear,Huber,300.0,"Σρ_δ(r)/δ + λ·Σ_h w_hᵀPen w_h, δ = 1, ρ = r²/2 trong ngưỡng (tổng, không phạt bias)",1.0,,0.13818510301744907,0.20175301590839617,0.3068132544134707,0.09512915797614561,0.2740291700974173,0.33191243347302446,5,True,0.7932672000024468,warm,,1e-09,1,16,float32,NVIDIA GeForce RTX 5060 Ti,2.14.0+cu130,0c39bb9363fb,2026-09-30T23:03:19
ETTh2,96,NLinear,Huber,1000.0,"Σρ_δ(r)/δ + λ·Σ_h w_hᵀPen w_h, δ = 1, ρ = r²/2 trong ngưỡng (tổng, không phạt bias)",1.0,,0.1389759332922473,0.20167664370222807,0.30683026425870213,0.09510334324041696,0.27359820216532993,0.33143515413860264,6,True,0.9509811000025366,warm,,1e-09,1,16,float32,NVIDIA GeForce RTX 5060 Ti,2.14.0+cu130,0c39bb9363fb,2026-09-30T23:03:20
ETTh2,96,NLinear,Huber,3000.0,"Σρ_δ(r)/δ + λ·Σ_h w_hᵀPen w_h, δ = 1, ρ = r²/2 trong ngưỡng (tổng, không phạt bias)",1.0,,0.14051828355716894,0.2024045037727301,0.3077646428587553,0.0954632986775505,0.2736373305181038,0.3314244353636168,7,True,1.1118381000123918,warm,,1e-09,1,16,float32,NVIDIA GeForce RTX 5060 Ti,2.14.0+cu130,0c39bb9363fb,2026-09-30T23:03:21
ETTh2,96,NLinear,Huber,10000.0,"Σρ_δ(r)/δ + λ·Σ_h w_hᵀPen w_h, δ = 1, ρ = r²/2 trong ngưỡng (tổng, không phạt bias)",1.0,,0.14355264287525743,0.2052365183151789,0.3109076309108003,0.09681920938587114,0.2752952844929206,0.3329495553013465,7,True,1.1065890000027139,warm,,1e-09,1,16,float32,NVIDIA GeForce RTX 5060 Ti,2.14.0+cu130,0c39bb9363fb,2026-09-30T23:03:23
ETTh2,192,Linear,MSE,0.0,"Σr² + λ·Σ_h w_hᵀPen w_h (tổng, không phạt bias)",,,0.4769638502207509,0.3032463517013488,0.3862113583460038,0.13814996807539529,0.39716857618668727,0.427568502197113,0,True,0.14039790000242647,closed_form,,,,16,float64,NVIDIA GeForce RTX 5060 Ti,2.14.0+cu130,0c39bb9363fb,2026-09-30T23:03:24
ETTh2,192,Linear,MSE,0.01,"Σr² + λ·Σ_h w_hᵀPen w_h (tổng, không phạt bias)",,,0.4769638732551092,0.30324634173715137,0.3862113500660992,0.13814996357355563,0.3971685645404414,0.42756849510574146,0,True,0.012037799999234267,closed_form,,,,16,float64,NVIDIA GeForce RTX 5060 Ti,2.14.0+cu130,0c39bb9363fb,2026-09-30T23:03:24
ETTh2,192,Linear,MSE,0.0158489,"Σr² + λ·Σ_h w_hᵀPen w_h (tổng, không phạt bias)",,,0.47696388672763035,0.30324633590929123,0.3862113452234841,0.13814996094051865,0.39716855772877185,0.427568490958124,0,True,0.00579229999857489,closed_form,,,,16,float64,NVIDIA GeForce RTX 5060 Ti,2.14.0+cu130,0c39bb9363fb,2026-09-30T23:03:24
ETTh2,192,Linear,MSE,0.0251189,"Σr² + λ·Σ_h w_hᵀPen w_h (tổng, không phạt bias)",,,0.47696390808034184,0.3032463266727879,0.3862113375485019,0.1381499567674496,0.3971685469330214,0.4275684843845631,0,True,0.00569309999991674,closed_form,,,,16,float64,NVIDIA GeForce RTX 5060 Ti,2.14.0+cu130,0c39bb9363fb,2026-09-30T23:03:25
ETTh2,192,Linear,MSE,0.0398107,"Σr² + λ·Σ_h w_hᵀPen w_h (tổng, không phạt bias)",,,0.4769639419215708,0.30324631203445307,0.38621132538493225,0.13814995015381987,0.39716852982348794,0.42756847396641967,0,True,0.005375099994125776,closed_form,,,,16,float64,NVIDIA GeForce RTX 5060 Ti,2.14.0+cu130,0c39bb9363fb,2026-09-30T23:03:25
ETTh2,192,Linear,MSE,0.0630957,"Σr² + λ·Σ_h w_hᵀPen w_h (tổng, không phạt bias)",,,0.4769639955560294,0.30324628883513743,0.3862113061076806,0.138149939672313,0.39716850270761145,0.42756845745506733,0,True,0.0070731000014347956,closed_form,,,,16,float64,NVIDIA GeForce RTX 5060 Ti,2.14.0+cu130,0c39bb9363fb,2026-09-30T23:03:25
ETTh2,192,Linear,MSE,0.1,"Σr² + λ·Σ_h w_hᵀPen w_h (tổng, không phạt bias)",,,0.4769640805599884,0.3032462520690185,0.38621127555676005,0.1381499230612704,0.3971684597342425,0.4275684312880776,0,True,0.005545199994230643,closed_form,,,,16,float64,NVIDIA GeForce RTX 5060 Ti,2.14.0+cu130,0c39bb9363fb,2026-09-30T23:03:25
ETTh2,192,Linear,MSE,0.158489,"Σr² + λ·Σ_h w_hᵀPen w_h (tổng, không phạt bias)",,,0.4769642152786289,0.3032461938049971,0.3862112271424778,0.13814989673735809,0.39716839163268436,0.42756838982027046,0,True,0.005651599989505485,closed_form,,,,16,float64,NVIDIA GeForce RTX 5060 Ti,2.14.0+cu130,0c39bb9363fb,2026-09-30T23:03:26
ETTh2,192,Linear,MSE,0.251189,"Σr² + λ·Σ_h w_hᵀPen w_h (tổng, không phạt bias)",,,0.47696442878924117,0.30324610147658226,0.38621115041849147,0.13814985502288635,0.39716828371320073,0.4275683241068135,0,True,0.006388400011928752,closed_form,,,,16,float64,NVIDIA GeForce RTX 5060 Ti,2.14.0+cu130,0c39bb9363fb,2026-09-30T23:03:26
ETTh2,192,Linear,MSE,0.398107,"Σr² + λ·Σ_h w_hᵀPen w_h (tổng, không phạt bias)",,,0.47696476716007974,0.30324595518520164,0.3862110288426731,0.13814978892732283,0.39716811271335395,0.42756821999035516,0,True,0.006397799996193498,closed_form,,,,16,float64,NVIDIA GeForce RTX 5060 Ti,2.14.0+cu130,0c39bb9363fb,2026-09-30T23:03:26
ETTh2,192,Linear,MSE,0.630957,"Σr² + λ·Σ_h w_hᵀPen w_h (tổng, không phạt bias)",,,0.47696530340056376,0.30324572342299855,0.3862108362240401,0.13814968421454704,0.39716784179438525,0.42756805503758644,0,True,0.00548779999371618,closed_form,,,,16,float64,NVIDIA GeForce RTX 5060 Ti,2.14.0+cu130,0c39bb9363fb,2026-09-30T23:03:26
ETTh2,192,Linear,MSE,1.0,"Σr² + λ·Σ_h w_hᵀPen w_h (tổng, không phạt bias)",,,0.47696615317871555,0.3032453563416996,0.38621053113961173,0.1381495183609651,0.39716741266279404,0.427567793764971,0,True,0.03210009999747854,closed_form,,,,16,float64,NVIDIA GeForce RTX 5060 Ti,2.14.0+cu130,0c39bb9363fb,2026-09-30T23:03:27
ETTh2,192,Linear,MSE,1.58489,"Σr² + λ·Σ_h w_hᵀPen w_h (tổng, không phạt bias)",,,0.47696749970866825,0.30324477515715414,0.38621004821289856,0.13814925576658535,0.39716673315864554,0.42756738013577267,0,True,0.005702599999494851,closed_form,,,,16,float64,NVIDIA GeForce RTX 5060 Ti,2.14.0+cu130,0c39bb9363fb,2026-09-30T23:03:27
ETTh2,192,Linear,MSE,2.51189,"Σr² + λ·Σ_h w_hᵀPen w_h (tổng, không phạt bias)",,,0.47696963316679214,0.303243855525794,0.3862092840326517,0.1381488402397702,0.39716565775658463,0.4275667255847097,0,True,0.008098899998003617,closed_form,,,,16,float64,NVIDIA GeForce RTX 5060 Ti,2.14.0+cu130,0c39bb9363fb,2026-09-30T23:03:27
ETTh2,192,Linear,MSE,3.98107,"Σr² + λ·Σ_h w_hᵀPen w_h (tổng, không phạt bias)",,,0.4769730127394471,0.30324240177243017,0.38620807579166805,0.1381481833415468,0.39716395726985004,0.42756569092755575,0,True,0.006262499999138527,closed_form,,,,16,float64,NVIDIA GeForce RTX 5060 Ti,2.14.0+cu130,0c39bb9363fb,2026-09-30T23:03:27
ETTh2,192,Linear,MSE,6.30957,"Σr² + λ·Σ_h w_hᵀPen w_h (tổng, không phạt bias)",,,0.4769783647709112,0.3032401071015421,0.3862061689675787,0.13814714637963155,0.3971612719123738,0.4275640576861214,0,True,0.009386999998241663,closed_form,,,,16,float64,NVIDIA GeForce RTX 5060 Ti,2.14.0+cu130,0c39bb9363fb,2026-09-30T23:03:28
ETTh2,192,Linear,MSE,10.0,"Σr² + λ·Σ_h w_hᵀPen w_h (tổng, không phạt bias)",,,0.4769868365556354,0.30323649370619876,0.38620316690759077,0.13814551327666497,0.3971570402219645,0.42756148710719755,0,True,0.00567379999847617,closed_form,,,,16,float64,NVIDIA GeForce RTX 5060 Ti,2.14.0+cu130,0c39bb9363fb,2026-09-30T23:03:28
ETTh2,192,Linear,MSE,15.8489,"Σr² + λ·Σ_h w_hᵀPen w_h (tổng, không phạt bias)",,,0.47700023679197473,0.3032308251665796,0.3861984586141819,0.13814295081204425,0.39715039401123803,0.427557456846637,0,True,0.00542779998795595,closed_form,,,,16,float64,NVIDIA GeForce RTX 5060 Ti,2.14.0+cu130,0c39bb9363fb,2026-09-30T23:03:28
ETTh2,192,Linear,MSE,25.1189,"Σr² + λ·Σ_h w_hᵀPen w_h (tổng, không phạt bias)",,,0.4770214088748476,0.3032219852165709,0.38619111697751857,0.1381389534098588,0.3971400101501154,0.4275511708578712,0,True,0.005768199989688583,closed_form,,,,16,float64,NVIDIA GeForce RTX 5060 Ti,2.14.0+cu130,0c39bb9363fb,2026-09-30T23:03:28
ETTh2,192,Linear,MSE,39.8107,"Σr² + λ·Σ_h w_hᵀPen w_h (tổng, không phạt bias)",,,0.4770548000927135,0.3032083287682791,0.38617977984489515,0.1381327747821629,0.39712392069998365,0.4275414488798793,0,True,0.03627920000872109,closed_form,,,,16,float64,NVIDIA GeForce RTX 5060 Ti,2.14.0+cu130,0c39bb9363fb,2026-09-30T23:03:29
ETTh2,192,Linear,MSE,63.0957,"Σr² + λ·Σ_h w_hᵀPen w_h (tổng, không phạt bias)",,,0.4771073185539694,0.30318754124633035,0.38616252463905865,0.13812336192495983,0.39709931130731335,0.42752666133238865,0,True,0.006176700000651181,closed_form,,,,16,float64,NVIDIA GeForce RTX 5060 Ti,2.14.0+cu130,0c39bb9363fb,2026-09-30T23:03:29
ETTh2,192,Linear,MSE,100.0,"Σr² + λ·Σ_h w_hᵀPen w_h (tổng, không phạt bias)",,,0.47718957434550474,0.3031566273315096,0.3861368888332787,0.13810934456557716,0.39706242321355406,0.42750468140969206,0,True,0.030798300009337254,closed_form,,,,16,float64,NVIDIA GeForce RTX 5060 Ti,2.14.0+cu130,0c39bb9363fb,2026-09-30T23:03:29
ETTh2,192,Linear,MSE,158.489,"Σr² + λ·Σ_h w_hᵀPen w_h (tổng, không phạt bias)",,,0.4773175967375402,0.30311230828293195,0.38610023684174577,0.1380892032160222,0.39700883431579853,0.42747320203617306,0,True,0.005629500010400079,closed_form,,,,16,float64,NVIDIA GeForce RTX 5060 Ti,2.14.0+cu130,0c39bb9363fb,2026-09-30T23:03:30
ETTh2,192,Linear,MSE,251.189,"Σr² + λ·Σ_h w_hᵀPen w_h (tổng, không phạt bias)",,,0.4775150399532022,0.30305235377447426,0.3860509196373772,0.13806184915019115,0.3969346510418312,0.42743073581289315,0,True,0.0732315000059316,closed_form,,,,16,float64,NVIDIA GeForce RTX 5060 Ti,2.14.0+cu130,0c39bb9363fb,2026-09-30T23:03:30
ETTh2,192,Linear,MSE,398.107,"Σr² + λ·Σ_h w_hᵀPen w_h (tổng, không phạt bias)",,,0.477815679861731,0.30297857391038824,0.385990757911776,0.1380279411486044,0.39683936705869544,0.42737871661217197,0,True,0.029184800005168654,closed_form,,,,16,float64,NVIDIA GeForce RTX 5060 Ti,2.14.0+cu130,0c39bb9363fb,2026-09-30T23:03:30
ETTh2,192,Linear,MSE,630.957,"Σr² + λ·Σ_h w_hᵀPen w_h (tổng, không phạt bias)",,,0.4782658078357712,0.3029018966596282,0.38592895366665714,0.1379921351908734,0.3967308836240282,0.4273255122360253,0,True,0.005728999996790662,closed_form,,,,16,float64,NVIDIA GeForce RTX 5060 Ti,2.14.0+cu130,0c39bb9363fb,2026-09-30T23:03:30
ETTh2,192,Linear,MSE,1000.0,"Σr² + λ·Σ_h w_hᵀPen w_h (tổng, không phạt bias)",,,0.4789258656565922,0.3028487650309019,0.38588760906059216,0.1379659326963619,0.39663207905595727,0.42729098362752443,0,True,0.03235409999615513,closed_form,,,,16,float64,NVIDIA GeForce RTX 5060 Ti,2.14.0+cu130,0c39bb9363fb,2026-09-30T23:03:31
ETTh2,192,Linear,MSE,1584.89,"Σr² + λ·Σ_h w_hᵀPen w_h (tổng, không phạt bias)",,,0.47987091208652766,0.30286639749081157,0.385905744236412,0.13797002612987164,0.3965867285648493,0.42731230765870676,0,True,0.005616499998723157,closed_form,,,,16,float64,NVIDIA GeForce RTX 5060 Ti,2.14.0+cu130,0c39bb9363fb,2026-09-30T23:03:31
ETTh2,192,Linear,MSE,2511.89,"Σr² + λ·Σ_h w_hᵀPen w_h (tổng, không phạt bias)",,,0.4811899071539254,0.3030244315555989,0.38604058138116865,0.1380349868523828,0.3966626157059314,0.42744290481944763,0,True,0.007289200002560392,closed_form,,,,16,float64,NVIDIA GeForce RTX 5060 Ti,2.14.0+cu130,0c39bb9363fb,2026-09-30T23:03:31
ETTh2,192,Linear,MSE,3981.07,"Σr² + λ·Σ_h w_hᵀPen w_h (tổng, không phạt bias)",,,0.48298377972720064,0.3034130602707753,0.3863650971389482,0.13820030100608327,0.3969521054275381,0.4277556074477067,0,True,0.007282999999006279,closed_form,,,,16,float64,NVIDIA GeForce RTX 5060 Ti,2.14.0+cu130,0c39bb9363fb,2026-09-30T23:03:31
ETTh2,192,Linear,MSE,6309.57,"Σr² + λ·Σ_h w_hᵀPen w_h (tổng, không phạt bias)",,,0.485362670938075,0.3041398334418451,0.3869622327980333,0.13851277202411152,0.39757220342867194,0.4283403322037788,0,True,0.029666400005226023,closed_form,,,,16,float64,NVIDIA GeForce RTX 5060 Ti,2.14.0+cu130,0c39bb9363fb,2026-09-30T23:03:32
ETTh2,192,Linear,MSE,10000.0,"Σr² + λ·Σ_h w_hᵀPen w_h (tổng, không phạt bias)",,,0.4884432563310836,0.30532514195452476,0.38791720787608386,0.1390245256703427,0.3986641617075172,0.429305242298706,0,True,0.007750099990516901,closed_form,,,,16,float64,NVIDIA GeForce RTX 5060 Ti,2.14.0+cu130,0c39bb9363fb,2026-09-30T23:03:32
ETTh2,192,Linear,MSE,15848.9,"Σr² + λ·Σ_h w_hᵀPen w_h (tổng, không phạt bias)",,,0.4923503939792336,0.3070949900363738,0.389311540569842,0.13979019478670304,0.4003908559056731,0.4307733050187904,0,True,0.006579399996553548,closed_form,,,,16,float64,NVIDIA GeForce RTX 5060 Ti,2.14.0+cu130,0c39bb9363fb,2026-09-30T23:03:32
ETTh2,192,Linear,MSE,25118.9,"Σr² + λ·Σ_h w_hᵀPen w_h (tổng, không phạt bias)",,,0.49722769300041103,0.3095775765929284,0.39122218692487337,0.14086608811405493,0.40293537820868025,0.4328882157822059,0,True,0.033047800010535866,closed_form,,,,16,float64,NVIDIA GeForce RTX 5060 Ti,2.14.0+cu130,0c39bb9363fb,2026-09-30T23:03:33
ETTh2,192,Linear,MSE,39810.7,"Σr² + λ·Σ_h w_hᵀPen w_h (tổng, không phạt bias)",,,0.5032544035293907,0.3129208046700559,0.39375089417028775,0.14231858563549396,0.40651429650803406,0.4358182036617835,0,True,0.005623600009130314,closed_form,,,,16,float64,NVIDIA GeForce RTX 5060 Ti,2.14.0+cu130,0c39bb9363fb,2026-09-30T23:03:33
ETTh2,192,Linear,MSE,63095.7,"Σr² + λ·Σ_h w_hᵀPen w_h (tổng, không phạt bias)",,,0.5106573931511283,0.3173420024467038,0.39705574771459184,0.1442463904288306,0.4114221056698609,0.43978650668677866,0,True,0.029890899997553788,closed_form,,,,16,float64,NVIDIA GeForce RTX 5060 Ti,2.14.0+cu130,0c39bb9363fb,2026-09-30T23:03:33
ETTh2,192,Linear,MSE,100000.0,"Σr² + λ·Σ_h w_hᵀPen w_h (tổng, không phạt bias)",,,0.5197025256129093,0.3231915660130453,0.4013975526581272,0.1468079213806792,0.41810468823067853,0.44510501609444947,0,True,0.0065162999962922186,closed_form,,,,16,float64,NVIDIA GeForce RTX 5060 Ti,2.14.0+cu130,0c39bb9363fb,2026-09-30T23:03:33
ETTh2,192,DLinear,MSE,0.0,"Σr² + λ·Σ_h w_hᵀPen w_h (tổng, không phạt bias)",,25,0.4769638502207509,0.3032463517013488,0.3862113583460038,0.13814996807539529,0.39716857618668727,0.427568502197113,0,True,0,closed_form,Linear,,,16,float64,NVIDIA GeForce RTX 5060 Ti,2.14.0+cu130,0c39bb9363fb,2026-09-30T23:03:33
ETTh2,192,DLinear,MSE,0.01,"Σr² + λ·Σ_h w_hᵀPen w_h (tổng, không phạt bias)",,25,0.47696387008624874,0.3032463433227812,0.3862113516753835,0.13814996435555313,0.39716856568917197,0.42756849579562684,0,True,0.005859599987161346,closed_form,,,,16,float64,NVIDIA GeForce RTX 5060 Ti,2.14.0+cu130,0c39bb9363fb,2026-09-30T23:03:34
ETTh2,192,DLinear,MSE,0.0158489,"Σr² + λ·Σ_h w_hᵀPen w_h (tổng, không phạt bias)",,25,0.47696388170534787,0.3032463384223204,0.38621134777391036,0.13814996217988937,0.39716855954936353,0.42756849205151315,0,True,0.0060461999964900315,closed_form,,,,16,float64,NVIDIA GeForce RTX 5060 Ti,2.14.0+cu130,0c39bb9363fb,2026-09-30T23:03:34
ETTh2,192,DLinear,MSE,0.0251189,"Σr² + λ·Σ_h w_hᵀPen w_h (tổng, không phạt bias)",,25,0.476963900120565,0.30324633065563456,0.3862113415905876,0.13814995873170316,0.39716854981842475,0.42756848611746573,0,True,0.05230219999793917,closed_form,,,,16,float64,NVIDIA GeForce RTX 5060 Ti,2.14.0+cu130,0c39bb9363fb,2026-09-30T23:03:34
ETTh2,192,DLinear,MSE,0.0398107,"Σr² + λ·Σ_h w_hᵀPen w_h (tổng, không phạt bias)",,25,0.4769639293062779,0.3032463183467033,0.38621133179093675,0.13814995326688764,0.3971685343964106,0.4275684767128592,0,True,0.029334699996979907,closed_form,,,,16,float64,NVIDIA GeForce RTX 5060 Ti,2.14.0+cu130,0c39bb9363fb,2026-09-30T23:03:34
ETTh2,192,DLinear,MSE,0.0630957,"Σr² + λ·Σ_h w_hᵀPen w_h (tổng, không phạt bias)",,25,0.47696397556234105,0.30324629883906506,0.38621131626041,0.13814994460604516,0.3971685099548904,0.4275684618078274,0,True,0.0069078999949852005,closed_form,,,,16,float64,NVIDIA GeForce RTX 5060 Ti,2.14.0+cu130,0c39bb9363fb,2026-09-30T23:03:35
ETTh2,192,DLinear,MSE,0.1,"Σr² + λ·Σ_h w_hᵀPen w_h (tổng, không phạt bias)",,25,0.47696404887261495,0.3032462679233962,0.38621129164748763,0.13814993088034333,0.3971684712196225,0.4275684381856768,0,True,0.038648399990051985,closed_form,,,,16,float64,NVIDIA GeForce RTX 5060 Ti,2.14.0+cu130,0c39bb9363fb,2026-09-30T23:03:35
ETTh2,192,DLinear,MSE,0.158489,"Σr² + λ·Σ_h w_hᵀPen w_h (tổng, không phạt bias)",,25,0.4769641650588953,0.3032462189304634,0.386211252642364,0.13814990912879954,0.3971684098337661,0.42756840075065344,0,True,0.009681099996669218,closed_form,,,,16,float64,NVIDIA GeForce RTX 5060 Ti,2.14.0+cu130,0c39bb9363fb,2026-09-30T23:03:35
ETTh2,192,DLinear,MSE,0.251189,"Σr² + λ·Σ_h w_hᵀPen w_h (tổng, không phạt bias)",,25,0.47696434919923747,0.3032461412929306,0.38621119082946664,0.13814987465973178,0.39716831255509166,0.4275683414279348,0,True,0.0058825000014621764,closed_form,,,,16,float64,NVIDIA GeForce RTX 5060 Ti,2.14.0+cu130,0c39bb9363fb,2026-09-30T23:03:36
ETTh2,192,DLinear,MSE,0.398107,"Σr² + λ·Σ_h w_hᵀPen w_h (tổng, không phạt bias)",,25,0.47696464102665426,0.3032460182772655,0.3862110928824611,0.1381498200437082,0.39716815841208236,0.427568247431841,0,True,0.006026799994288012,closed_form,,,,16,float64,NVIDIA GeForce RTX 5060 Ti,2.14.0+cu130,0c39bb9363fb,2026-09-30T23:03:36
ETTh2,192,DLinear,MSE,0.630957,"Σr² + λ·Σ_h w_hᵀPen w_h (tổng, không phạt bias)",,25,0.4769651035126621,0.30324582338583334,0.38621093769827486,0.13814973351597407,0.39716791419058256,0.4275680985106904,0,True,0.034975499991560355,closed_form,,,,16,float64,NVIDIA GeForce RTX 5060 Ti,2.14.0+cu130,0c39bb9363fb,2026-09-30T23:03:36
ETTh2,192,DLinear,MSE,1.0,"Σr² + λ·Σ_h w_hᵀPen w_h (tổng, không phạt bias)",,25,0.4769658364279993,0.30324551469352745,0.3862106919065011,0.13814959646155983,0.3971675273242685,0.4275678626155501,0,True,0.006796000001486391,closed_form,,,,16,float64,NVIDIA GeForce RTX 5060 Ti,2.14.0+cu130,0c39bb9363fb,2026-09-30T23:03:36
ETTh2,192,DLinear,MSE,1.58489,"Σr² + λ·Σ_h w_hᵀPen w_h (tổng, không phạt bias)",,25,0.4769669978202481,0.30324502592991154,0.3862103027657849,0.13814937945470804,0.39716691468661863,0.42756748904140957,0,True,0.034340500002144836,closed_form,,,,16,float64,NVIDIA GeForce RTX 5060 Ti,2.14.0+cu130,0c39bb9363fb,2026-09-30T23:03:37
ETTh2,192,DLinear,MSE,2.51189,"Σr² + λ·Σ_h w_hᵀPen w_h (tổng, không phạt bias)",,25,0.47696883804237217,0.3032442524797579,0.3862096869777346,0.13814903604025353,0.39716594496365215,0.4275668978103223,0,True,0.006840399990323931,closed_form,,,,16,float64,NVIDIA GeForce RTX 5060 Ti,2.14.0+cu130,0c39bb9363fb,2026-09-30T23:03:37
ETTh2,192,DLinear,MSE,3.98107,"Σr² + λ·Σ_h w_hᵀPen w_h (tổng, không phạt bias)",,25,0.47697175335204595,0.3032430296588011,0.386208713606717,0.13814849308052954,0.39716441121718227,0.4275659632735565,0,True,0.008517100010067225,closed_form,,,,16,float64,NVIDIA GeForce RTX 5060 Ti,2.14.0+cu130,0c39bb9363fb,2026-09-30T23:03:37
ETTh2,192,DLinear,MSE,6.30957,"Σr² + λ·Σ_h w_hᵀPen w_h (tổng, không phạt bias)",,25,0.47697637077660726,0.30324109912362035,0.3862071771212926,0.13814763582196235,0.39716198825438553,0.4275644877978028,0,True,0.026112299994565547,closed_form,,,,16,float64,NVIDIA GeForce RTX 5060 Ti,2.14.0+cu130,0c39bb9363fb,2026-09-30T23:03:37
ETTh2,192,DLinear,MSE,10.0,"Σr² + λ·Σ_h w_hᵀPen w_h (tổng, không phạt bias)",,25,0.4769836812962482,0.30323805817965044,0.3862047568110151,0.13814628533874482,0.39715816775980406,0.42756216242710504,0,True,0.006297699990682304,closed_form,,,,16,float64,NVIDIA GeForce RTX 5060 Ti,2.14.0+cu130,0c39bb9363fb,2026-09-30T23:03:38
ETTh2,192,DLinear,MSE,15.8489,"Σr² + λ·Σ_h w_hᵀPen w_h (tổng, không phạt bias)",,25,0.4769952485852081,0.30323328529806326,0.3862009587917778,0.13814416533979423,0.3971521616234199,0.4275585108909327,0,True,0.0072912000032374635,closed_form,,,,16,float64,NVIDIA GeForce RTX 5060 Ti,2.14.0+cu130,0c39bb9363fb,2026-09-30T23:03:38
ETTh2,192,DLinear,MSE,25.1189,"Σr² + λ·Σ_h w_hᵀPen w_h (tổng, không phạt bias)",,25,0.47701353434395494,0.3032258361523357,0.3861950330826853,0.13814085570756604,0.3971427634730834,0.4275528069692749,0,True,0.005899200012208894,closed_form,,,,16,float64,NVIDIA GeForce RTX 5060 Ti,2.14.0+cu130,0c39bb9363fb,2026-09-30T23:03:38
ETTh2,192,DLinear,MSE,39.8107,"Σr² + λ·Σ_h w_hᵀPen w_h (tổng, không phạt bias)",,25,0.47704239755488265,0.30321431343847793,0.38618587240046104,0.1381357339712083,0.3971281657566283,0.42754396948403833,0,True,0.03339060000143945,closed_form,,,,16,float64,NVIDIA GeForce RTX 5060 Ti,2.14.0+cu130,0c39bb9363fb,2026-09-30T23:03:38
ETTh2,192,DLinear,MSE,63.0957,"Σr² + λ·Σ_h w_hᵀPen w_h (tổng, không phạt bias)",,25,0.47708785392290587,0.3031967368975155,0.3861719115058004,0.1381279158927021,0.3971057501240141,0.4275304441529016,0,True,0.006178799987537786,closed_form,,,,16,float64,NVIDIA GeForce RTX 5060 Ti,2.14.0+cu130,0c39bb9363fb,2026-09-30T23:03:39
ETTh2,192,DLinear,MSE,100.0,"Σr² + λ·Σ_h w_hᵀPen w_h (tổng, không phạt bias)",,25,0.47715919520380773,0.3031705069080233,0.38615109275609805,0.13811623545888305,0.39707193531065427,0.42751018103885824,0,True,0.005760999993071891,closed_form,,,,16,float64,NVIDIA GeForce RTX 5060 Ti,2.14.0+cu130,0c39bb9363fb,2026-09-30T23:03:39
ETTh2,192,DLinear,MSE,158.489,"Σr² + λ·Σ_h w_hᵀPen w_h (tổng, không phạt bias)",,25,0.47727058443645654,0.30313267982931436,0.3861211446582547,0.1380993590126668,0.3970222924321279,0.4274807632664573,0,True,0.04975409999315161,closed_form,,,,16,float64,NVIDIA GeForce RTX 5060 Ti,2.14.0+cu130,0c39bb9363fb,2026-09-30T23:03:39
ETTh2,192,DLinear,MSE,251.189,"Σr² + λ·Σ_h w_hᵀPen w_h (tổng, không phạt bias)",,25,0.4774432147339363,0.30308097136798334,0.3860804767098084,0.13807621512764343,0.3969523460906481,0.4274400470716762,0,True,0.005937399997492321,closed_form,,,,16,float64,NVIDIA GeForce RTX 5060 Ti,2.14.0+cu130,0c39bb9363fb,2026-09-30T23:03:40
ETTh2,192,DLinear,MSE,398.107,"Σr² + λ·Σ_h w_hᵀPen w_h (tổng, không phạt bias)",,25,0.4777080037283348,0.3030160796121924,0.3860298675176351,0.13804699988910707,0.39685968728909604,0.42738796589417594,0,True,0.061470100001315586,closed_form,,,,16,float64,NVIDIA GeForce RTX 5060 Ti,2.14.0+cu130,0c39bb9363fb,2026-09-30T23:03:40
ETTh2,192,DLinear,MSE,630.957,"Σr² + λ·Σ_h w_hᵀPen w_h (tổng, không phạt bias)",,25,0.4781087009072713,0.30294574972526717,0.38597582519635665,0.1380149466894015,0.39674791485279554,0.42732922437236587,0,True,0.006224800003110431,closed_form,,,,16,float64,NVIDIA GeForce RTX 5060 Ti,2.14.0+cu130,0c39bb9363fb,2026-09-30T23:03:40
ETTh2,192,DLinear,MSE,1000.0,"Σr² + λ·Σ_h w_hᵀPen w_h (tổng, không phạt bias)",,25,0.4787050454377062,0.3028902705046239,0.38593499551385907,0.13798873096806327,0.39663232600871623,0.4272782025614805,0,True,0.006410699992557056,closed_form,,,,16,float64,NVIDIA GeForce RTX 5060 Ti,2.14.0+cu130,0c39bb9363fb,2026-09-30T23:03:40
ETTh2,192,DLinear,MSE,1584.89,"Σr² + λ·Σ_h w_hᵀPen w_h (tổng, không phạt bias)",,25,0.4795755181036013,0.3028881464590421,0.3859385756024512,0.1379849608681586,0.39654652091721865,0.42726380053945484,0,True,0.02469310000014957,closed_form,,,,16,float64,NVIDIA GeForce RTX 5060 Ti,2.14.0+cu130,0c39bb9363fb,2026-09-30T23:03:41
ETTh2,192,DLinear,MSE,2511.89,"Σr² + λ·Σ_h w_hᵀPen w_h (tổng, không phạt bias)",,25,0.48081876780164234,0.30300090249643596,0.3860351810667586,0.13803028172340498,0.3965494664754353,0.4273343072496417,0,True,0.005871299988939427,closed_form,,,,16,float64,NVIDIA GeForce RTX 5060 Ti,2.14.0+cu130,0c39bb9363fb,2026-09-30T23:03:41
ETTh2,192,DLinear,MSE,3981.07,"Σr² + λ·Σ_h w_hᵀPen w_h (tổng, không phạt bias)",,25,0.4825516942986022,0.3033171110313548,0.38629353385180565,0.13816312872281558,0.39673347476540416,0.42756338000129623,0,True,0.006069600000046194,closed_form,,,,16,float64,NVIDIA GeForce RTX 5060 Ti,2.14.0+cu130,0c39bb9363fb,2026-09-30T23:03:41
ETTh2,192,DLinear,MSE,6309.57,"Σr² + λ·Σ_h w_hᵀPen w_h (tổng, không phạt bias)",,25,0.48490239588527106,0.3039546180241552,0.3868056003267691,0.13843472517093774,0.3972314134336287,0.4280532409112304,0,True,0.006194500005221926,closed_form,,,,16,float64,NVIDIA GeForce RTX 5060 Ti,2.14.0+cu130,0c39bb9363fb,2026-09-30T23:03:41
ETTh2,192,DLinear,MSE,10000.0,"Σr² + λ·Σ_h w_hᵀPen w_h (tổng, không phạt bias)",,25,0.4879988648177885,0.3050555113309086,0.38767655304384313,0.13890695419671092,0.39821583609092465,0.42893538958580785,0,True,0.006400999991456047,closed_form,,,,16,float64,NVIDIA GeForce RTX 5060 Ti,2.14.0+cu130,0c39bb9363fb,2026-09-30T23:03:42
ETTh2,192,DLinear,MSE,15848.9,"Σr² + λ·Σ_h w_hᵀPen w_h (tổng, không phạt bias)",,25,0.49196175795712604,0.3067693204906599,0.38900919689488217,0.1396452283761196,0.39988304995806684,0.4303597493803823,0,True,0.006760999996913597,closed_form,,,,16,float64,NVIDIA GeForce RTX 5060 Ti,2.14.0+cu130,0c39bb9363fb,2026-09-30T23:03:42
ETTh2,192,DLinear,MSE,25118.9,"Σr² + λ·Σ_h w_hᵀPen w_h (tổng, không phạt bias)",,25,0.49691259349079564,0.3092353038912791,0.3908955111330736,0.14071109962995784,0.4024310782875944,0.4324797007108417,0,True,0.006549300000187941,closed_form,,,,16,float64,NVIDIA GeForce RTX 5060 Ti,2.14.0+cu130,0c39bb9363fb,2026-09-30T23:03:42
ETTh2,192,DLinear,MSE,39810.7,"Σr² + λ·Σ_h w_hᵀPen w_h (tổng, không phạt bias)",,25,0.5029986834427069,0.3125909838717069,0.39342833318365883,0.14216650784000512,0.4060599570525738,0.4354484558356667,0,True,0.028602599995792843,closed_form,,,,16,float64,NVIDIA GeForce RTX 5060 Ti,2.14.0+cu130,0c39bb9363fb,2026-09-30T23:03:42
ETTh2,192,DLinear,MSE,63095.7,"Σr² + λ·Σ_h w_hᵀPen w_h (tổng, không phạt bias)",,25,0.5104205476102728,0.3170254701238497,0.39674389988055275,0.14409752235283055,0.4110218651323651,0.4394531681222874,0,True,0.0069303999916883186,closed_form,,,,16,float64,NVIDIA GeForce RTX 5060 Ti,2.14.0+cu130,0c39bb9363fb,2026-09-30T23:03:43
ETTh2,192,DLinear,MSE,100000.0,"Σr² + λ·Σ_h w_hᵀPen w_h (tổng, không phạt bias)",,25,0.5194376421972658,0.3228586543172042,0.4010748954616469,0.1466488970714368,0.41771726181763175,0.4447685210621528,0,True,0.006049900010111742,closed_form,,,,16,float64,NVIDIA GeForce RTX 5060 Ti,2.14.0+cu130,0c39bb9363fb,2026-09-30T23:03:43
ETTh2,192,NLinear,MSE,0.0,"Σr² + λ·Σ_h w_hᵀPen w_h (tổng, không phạt bias)",,,0.4963271336357521,0.2717284888618103,0.3589388757632667,0.1241862007722995,0.33433344556664846,0.3761701705679976,0,True,0.18855349998921156,closed_form,,,,16,float64,NVIDIA GeForce RTX 5060 Ti,2.14.0+cu130,0c39bb9363fb,2026-09-30T23:03:43
ETTh2,192,NLinear,MSE,0.01,"Σr² + λ·Σ_h w_hᵀPen w_h (tổng, không phạt bias)",,,0.4963271482250097,0.27172848038908975,0.3589388678378805,0.1241861970262218,0.3343334347981272,0.37617015882203947,0,True,0.007593899994390085,closed_form,,,,16,float64,NVIDIA GeForce RTX 5060 Ti,2.14.0+cu130,0c39bb9363fb,2026-09-30T23:03:44
ETTh2,192,NLinear,MSE,0.0158489,"Σr² + λ·Σ_h w_hᵀPen w_h (tổng, không phạt bias)",,,0.4963271567580893,0.2717284754335582,0.3589388632025979,0.12418619483521326,0.33433342849980824,0.37617015195205045,0,True,0.00563529999635648,closed_form,,,,16,float64,NVIDIA GeForce RTX 5060 Ti,2.14.0+cu130,0c39bb9363fb,2026-09-30T23:03:44
ETTh2,192,NLinear,MSE,0.0251189,"Σr² + λ·Σ_h w_hᵀPen w_h (tổng, không phạt bias)",,,0.4963271702822347,0.27172846757958796,0.3589388558562618,0.12418619136270719,0.33433341851764176,0.3761701410638253,0,True,0.03741000000445638,closed_form,,,,16,float64,NVIDIA GeForce RTX 5060 Ti,2.14.0+cu130,0c39bb9363fb,2026-09-30T23:03:44
ETTh2,192,NLinear,MSE,0.0398107,"Σr² + λ·Σ_h w_hᵀPen w_h (tổng, không phạt bias)",,,0.49632719171620926,0.2717284551323159,0.3589388442134022,0.12418618585934832,0.334333402697456,0.37617012380768383,0,True,0.00668569999106694,closed_form,,,,16,float64,NVIDIA GeForce RTX 5060 Ti,2.14.0+cu130,0c39bb9363fb,2026-09-30T23:03:44
ETTh2,192,NLinear,MSE,0.0630957,"Σr² + λ·Σ_h w_hᵀPen w_h (tổng, không phạt bias)",,,0.49632722568656934,0.27172843540540786,0.3589388257611475,0.12418617713742021,0.33433337762485854,0.37617009645919464,0,True,0.034427899998263456,closed_form,,,,16,float64,NVIDIA GeForce RTX 5060 Ti,2.14.0+cu130,0c39bb9363fb,2026-09-30T23:03:45
ETTh2,192,NLinear,MSE,0.1,"Σr² + λ·Σ_h w_hᵀPen w_h (tổng, không phạt bias)",,,0.4963272795253071,0.27172840414218374,0.3589387965178372,0.12418616331490821,0.33433333788935815,0.37617005311614987,0,True,0.006473000001278706,closed_form,,,,16,float64,NVIDIA GeForce RTX 5060 Ti,2.14.0+cu130,0c39bb9363fb,2026-09-30T23:03:45
ETTh2,192,NLinear,MSE,0.158489,"Σr² + λ·Σ_h w_hᵀPen w_h (tổng, không phạt bias)",,,0.49632736485153833,0.271728354598328,0.35893875017616417,0.12418614140994197,0.33433327491814785,0.37616998442768973,0,True,0.006238200003281236,closed_form,,,,16,float64,NVIDIA GeForce RTX 5060 Ti,2.14.0+cu130,0c39bb9363fb,2026-09-30T23:03:45
ETTh2,192,NLinear,MSE,0.251189,"Σr² + λ·Σ_h w_hᵀPen w_h (tổng, không phạt bias)",,,0.4963275000815236,0.27172827608740746,0.358938676740592,0.12418610669773893,0.3343331751265675,0.37616987557833725,0,True,0.005630499988910742,closed_form,,,,16,float64,NVIDIA GeForce RTX 5060 Ti,2.14.0+cu130,0c39bb9363fb,2026-09-30T23:03:45
ETTh2,192,NLinear,MSE,0.398107,"Σr² + λ·Σ_h w_hᵀPen w_h (tổng, không phạt bias)",,,0.4963277143924645,0.2717281516869722,0.35893856039187083,0.12418605169644145,0.3343330170002681,0.3761697030984262,0,True,0.020863500001723878,closed_form,,,,16,float64,NVIDIA GeForce RTX 5060 Ti,2.14.0+cu130,0c39bb9363fb,2026-09-30T23:03:46
ETTh2,192,NLinear,MSE,0.630957,"Σr² + λ·Σ_h w_hᵀPen w_h (tổng, không phạt bias)",,,0.4963280540237237,0.271727954599417,0.3589383760760591,0.1241859645582515,0.3343327664640383,0.37616942981949497,0,True,0.007700899994233623,closed_form,,,,16,float64,NVIDIA GeForce RTX 5060 Ti,2.14.0+cu130,0c39bb9363fb,2026-09-30T23:03:46
ETTh2,192,NLinear,MSE,1.0,"Σr² + λ·Σ_h w_hᵀPen w_h (tổng, không phạt bias)",,,0.4963285922294289,0.2717276424229589,0.3589380841323155,0.1241858265367391,0.3343323695854587,0.3761689969019687,0,True,0.08888279998791404,closed_form,,,,16,float64,NVIDIA GeForce RTX 5060 Ti,2.14.0+cu130,0c39bb9363fb,2026-09-30T23:03:46
ETTh2,192,NLinear,MSE,1.58489,"Σr² + λ·Σ_h w_hᵀPen w_h (tổng, không phạt bias)",,,0.49632944503558546,0.271727148128515,0.35893762188714556,0.12418560799817759,0.33433174106930014,0.37616831128038797,0,True,0.021218199995928444,closed_form,,,,16,float64,NVIDIA GeForce RTX 5060 Ti,2.14.0+cu130,0c39bb9363fb,2026-09-30T23:03:47
ETTh2,192,NLinear,MSE,2.51189,"Σr² + λ·Σ_h w_hᵀPen w_h (tổng, không phạt bias)",,,0.49633079619031806,0.27172636589024707,0.35893689034850296,0.12418526215866207,0.3343307461545533,0.3761672259408994,0,True,0.007223100008559413,closed_form,,,,16,float64,NVIDIA GeForce RTX 5060 Ti,2.14.0+cu130,0c39bb9363fb,2026-09-30T23:03:47
ETTh2,192,NLinear,MSE,3.98107,"Σr² + λ·Σ_h w_hᵀPen w_h (tổng, không phạt bias)",,,0.49633293642616133,0.2717251290854184,0.3589357338026302,0.12418471536190082,0.33432917241763294,0.37616550907730284,0,True,0.1436212999979034,closed_form,,,,16,float64,NVIDIA GeForce RTX 5060 Ti,2.14.0+cu130,0c39bb9363fb,2026-09-30T23:03:47
ETTh2,192,NLinear,MSE,6.30957,"Σr² + λ·Σ_h w_hᵀPen w_h (tổng, không phạt bias)",,,0.49633632553184626,0.27172317624722075,0.3589339077845153,0.12418385203781675,0.33432668591178044,0.3761627964477076,0,True,0.00583379999443423,closed_form,,,,16,float64,NVIDIA GeForce RTX 5060 Ti,2.14.0+cu130,0c39bb9363fb,2026-09-30T23:03:47
ETTh2,192,NLinear,MSE,10.0,"Σr² + λ·Σ_h w_hᵀPen w_h (tổng, không phạt bias)",,,0.49634168953024765,0.2717200996042076,0.3589310301967336,0.12418249198006756,0.33432276430041014,0.37615851777085296,0,True,0.03408329999365378,closed_form,,,,16,float64,NVIDIA GeForce RTX 5060 Ti,2.14.0+cu130,0c39bb9363fb,2026-09-30T23:03:48
ETTh2,192,NLinear,MSE,15.8489,"Σr² + λ·Σ_h w_hᵀPen w_h (tổng, không phạt bias)",,,0.4963501724061126,0.2717152692642739,0.35892651299482853,0.12418035689975711,0.33431659688162063,0.3761517896356581,0,True,0.006884300004458055,closed_form,,,,16,float64,NVIDIA GeForce RTX 5060 Ti,2.14.0+cu130,0c39bb9363fb,2026-09-30T23:03:48
ETTh2,192,NLinear,MSE,25.1189,"Σr² + λ·Σ_h w_hᵀPen w_h (tổng, không phạt bias)",,,0.49636357114084495,0.2717077268515325,0.35891945662494257,0.12417702358304047,0.33430694053947235,0.37614125217880406,0,True,0.025031099998159334,closed_form,,,,16,float64,NVIDIA GeForce RTX 5060 Ti,2.14.0+cu130,0c39bb9363fb,2026-09-30T23:03:48
ETTh2,192,NLinear,MSE,39.8107,"Σr² + λ·Σ_h w_hᵀPen w_h (tổng, không phạt bias)",,,0.49638469283299547,0.2716960508259424,0.35890853876375445,0.12417186479638048,0.33429192715417166,0.3761248603836515,0,True,0.018334299995331094,closed_form,,,,16,float64,NVIDIA GeForce RTX 5060 Ti,2.14.0+cu130,0c39bb9363fb,2026-09-30T23:03:49
ETTh2,192,NLinear,MSE,63.0957,"Σr² + λ·Σ_h w_hᵀPen w_h (tổng, không phạt bias)",,,0.49641788937230635,0.27167821761051486,0.358891864393842,0.12416398897964583,0.3342688364666123,0.37609963883027014,0,True,0.006505999990622513,closed_form,,,,16,float64,NVIDIA GeForce RTX 5060 Ti,2.14.0+cu130,0c39bb9363fb,2026-09-30T23:03:49
ETTh2,192,NLinear,MSE,100.0,"Σr² + λ·Σ_h w_hᵀPen w_h (tổng, không phạt bias)",,,0.49646982489989316,0.271651546783815,0.3588669323172515,0.12415221859288471,0.33423391081604925,0.37606140692003776,0,True,0.006190999993123114,closed_form,,,,16,float64,NVIDIA GeForce RTX 5060 Ti,2.14.0+cu130,0c39bb9363fb,2026-09-30T23:03:49
ETTh2,192,NLinear,MSE,158.489,"Σr² + λ·Σ_h w_hᵀPen w_h (tổng, không phạt bias)",,,0.49655052233128266,0.27161293650262486,0.35883091480566565,0.12413520007671708,0.3341824040654775,0.3760048732460639,0,True,0.06246919999830425,closed_form,,,,16,float64,NVIDIA GeForce RTX 5060 Ti,2.14.0+cu130,0c39bb9363fb,2026-09-30T23:03:49
ETTh2,192,NLinear,MSE,251.189,"Σr² + λ·Σ_h w_hᵀPen w_h (tổng, không phạt bias)",,,0.4966746760569147,0.27155977629134354,0.35878153816973185,0.12411182009217787,0.3341092420052047,0.37592427706887593,0,True,0.009747799995238893,closed_form,,,,16,float64,NVIDIA GeForce RTX 5060 Ti,2.14.0+cu130,0c39bb9363fb,2026-09-30T23:03:50
ETTh2,192,NLinear,MSE,398.107,"Σr² + λ·Σ_h w_hᵀPen w_h (tổng, không phạt bias)",,,0.4968630777110482,0.27149205615708344,0.35871890878262624,0.12408216310840534,0.3340108221578733,0.37581494834762236,0,True,0.005400300011388026,closed_form,,,,16,float64,NVIDIA GeForce RTX 5060 Ti,2.14.0+cu130,0c39bb9363fb,2026-09-30T23:03:50
ETTh2,192,NLinear,MSE,630.957,"Σr² + λ·Σ_h w_hᵀPen w_h (tổng, không phạt bias)",,,0.49714388619345834,0.27141591264478926,0.35864923033494367,0.12404912220206164,0.3338882367380186,0.3756767348225222,0,True,0.04711549999774434,closed_form,,,,16,float64,NVIDIA GeForce RTX 5060 Ti,2.14.0+cu130,0c39bb9363fb,2026-09-30T23:03:50
ETTh2,192,NLinear,MSE,1000.0,"Σr² + λ·Σ_h w_hᵀPen w_h (tổng, không phạt bias)",,,0.49755334688467273,0.2713478947950783,0.3585884982065093,0.12402034367976246,0.33375134148278196,0.3755173299180161,0,True,0.00576720001117792,closed_form,,,,16,float64,NVIDIA GeForce RTX 5060 Ti,2.14.0+cu130,0c39bb9363fb,2026-09-30T23:03:51
ETTh2,192,NLinear,MSE,1584.89,"Σr² + λ·Σ_h w_hᵀPen w_h (tổng, không phạt bias)",,,0.4981357547862672,0.2713179792628431,0.3585644960124954,0.12400961085665155,0.33362197623302586,0.37535590137521657,0,True,0.006289600001764484,closed_form,,,,16,float64,NVIDIA GeForce RTX 5060 Ti,2.14.0+cu130,0c39bb9363fb,2026-09-30T23:03:51
ETTh2,192,NLinear,MSE,2511.89,"Σr² + λ·Σ_h w_hᵀPen w_h (tổng, không phạt bias)",,,0.4989425921955918,0.2713695785052255,0.35861494743656747,0.12403684356603861,0.33353497438762003,0.3752215176723128,0,True,0.005967599994619377,closed_form,,,,16,float64,NVIDIA GeForce RTX 5060 Ti,2.14.0+cu130,0c39bb9363fb,2026-09-30T23:03:51
ETTh2,192,NLinear,MSE,3981.07,"Σr² + λ·Σ_h w_hᵀPen w_h (tổng, không phạt bias)",,,0.5000303972277337,0.271556972567813,0.358786422175544,0.12412686595375866,0.33353766866365325,0.37515231188675885,0,True,0.007245500004501082,closed_form,,,,16,float64,NVIDIA GeForce RTX 5060 Ti,2.14.0+cu130,0c39bb9363fb,2026-09-30T23:03:51
ETTh2,192,NLinear,MSE,6309.57,"Σr² + λ·Σ_h w_hᵀPen w_h (tổng, không phạt bias)",,,0.5014569061685387,0.27194161331663214,0.3591263266249839,0.12430766218630006,0.3336892755445126,0.3751969280750451,0,True,0.035622800001874566,closed_form,,,,16,float64,NVIDIA GeForce RTX 5060 Ti,2.14.0+cu130,0c39bb9363fb,2026-09-30T23:03:52
ETTh2,192,NLinear,MSE,10000.0,"Σr² + λ·Σ_h w_hᵀPen w_h (tổng, không phạt bias)",,,0.503276000942893,0.2725855953413863,0.35968303694633447,0.12460746641482455,0.3340585028295101,0.3754116802130667,0,True,0.08485559999826364,closed_form,,,,16,float64,NVIDIA GeForce RTX 5060 Ti,2.14.0+cu130,0c39bb9363fb,2026-09-30T23:03:52
ETTh2,192,NLinear,MSE,15848.9,"Σr² + λ·Σ_h w_hᵀPen w_h (tổng, không phạt bias)",,,0.5055359159554922,0.2735387345668093,0.36049641359612505,0.12504929664272002,0.3347151404534428,0.37585910854712207,0,True,0.011398999995435588,closed_form,,,,16,float64,NVIDIA GeForce RTX 5060 Ti,2.14.0+cu130,0c39bb9363fb,2026-09-30T23:03:52
ETTh2,192,NLinear,MSE,25118.9,"Σr² + λ·Σ_h w_hᵀPen w_h (tổng, không phạt bias)",,,0.5082865772835167,0.2748247432053547,0.361594464506329,0.12564536542239751,0.335717104798674,0.37659902570888454,0,True,0.061545100004877895,closed_form,,,,16,float64,NVIDIA GeForce RTX 5060 Ti,2.14.0+cu130,0c39bb9363fb,2026-09-30T23:03:53
ETTh2,192,NLinear,MSE,39810.7,"Σr² + λ·Σ_h w_hᵀPen w_h (tổng, không phạt bias)",,,0.5115953083868189,0.276445280255854,0.36299381835491223,0.12639960580723145,0.33710632351018,0.37767862564857624,0,True,0.0971677999914391,closed_form,,,,16,float64,NVIDIA GeForce RTX 5060 Ti,2.14.0+cu130,0c39bb9363fb,2026-09-30T23:03:53
ETTh2,192,NLinear,MSE,63095.7,"Σr² + λ·Σ_h w_hᵀPen w_h (tổng, không phạt bias)",,,0.515559510113,0.27841548550832834,0.3647304848878343,0.12732419776962642,0.33892997794325785,0.3791525495088568,0,True,0.0399187000002712,closed_form,,,,16,float64,NVIDIA GeForce RTX 5060 Ti,2.14.0+cu130,0c39bb9363fb,2026-09-30T23:03:53
ETTh2,192,NLinear,MSE,100000.0,"Σr² + λ·Σ_h w_hᵀPen w_h (tổng, không phạt bias)",,,0.5202990346187862,0.28081189917717875,0.36689303313959915,0.1284611837083528,0.3412813990009108,0.3810993865435417,0,True,0.1878982000052929,closed_form,,,,16,float64,NVIDIA GeForce RTX 5060 Ti,2.14.0+cu130,0c39bb9363fb,2026-09-30T23:03:54
ETTh2,192,Linear,MAE,0.0,"Σ|r| + λ·Σ_h w_hᵀPen w_h (irls δ = 1e-6, tổng, không phạt bias)",1e-06,,0.387815499523326,0.27378429073189187,0.3564429031146607,0.12415919360607754,0.3540775067846769,0.38611174224131195,452,True,141.36061610000615,ols,,3e-11,1,16,float32,NVIDIA GeForce RTX 5060 Ti,2.14.0+cu130,0c39bb9363fb,2026-09-30T23:06:16
ETTh2,192,Linear,MAE,1.0,"Σ|r| + λ·Σ_h w_hᵀPen w_h (irls δ = 1e-6, tổng, không phạt bias)",1e-06,,0.38781792339421006,0.2737842631341897,0.35644287621711696,0.12415918117394432,0.35407748076488343,0.38611171507882436,1,True,0.3532503999886103,warm,,1e-10,1,16,float32,NVIDIA GeForce RTX 5060 Ti,2.14.0+cu130,0c39bb9363fb,2026-09-30T23:06:17
ETTh2,192,Linear,MAE,3.0,"Σ|r| + λ·Σ_h w_hᵀPen w_h (irls δ = 1e-6, tổng, không phạt bias)",1e-06,,0.3878227689503435,0.27378264990123197,0.35644131689082936,0.12415844966351966,0.35407600926181787,0.3861102386246441,45,True,14.206684000004316,warm,,1e-10,1,16,float32,NVIDIA GeForce RTX 5060 Ti,2.14.0+cu130,0c39bb9363fb,2026-09-30T23:06:31
ETTh2,192,Linear,MAE,10.0,"Σ|r| + λ·Σ_h w_hᵀPen w_h (irls δ = 1e-6, tổng, không phạt bias)",1e-06,,0.3878396806523971,0.27377019565160016,0.3564293225876641,0.12415269695195372,0.3540633477784854,0.38609995445750517,212,True,67.15940869999758,warm,,1e-10,1,16,float32,NVIDIA GeForce RTX 5060 Ti,2.14.0+cu130,0c39bb9363fb,2026-09-30T23:07:39
ETTh2,192,Linear,MAE,30.0,"Σ|r| + λ·Σ_h w_hᵀPen w_h (irls δ = 1e-6, tổng, không phạt bias)",1e-06,,0.3878876743579012,0.27374184847062016,0.35640294456582206,0.12413968282562267,0.35402899215358163,0.3860752084342376,253,True,79.2706390999956,warm,,1e-10,1,16,float32,NVIDIA GeForce RTX 5060 Ti,2.14.0+cu130,0c39bb9363fb,2026-09-30T23:08:58
ETTh2,192,Linear,MAE,100.0,"Σ|r| + λ·Σ_h w_hᵀPen w_h (irls δ = 1e-6, tổng, không phạt bias)",1e-06,,0.3880520753152491,0.273658890269855,0.35632718989965195,0.12410157287466995,0.35391748495387254,0.38599879143545807,244,True,76.10237380000763,warm,,1e-10,1,16,float32,NVIDIA GeForce RTX 5060 Ti,2.14.0+cu130,0c39bb9363fb,2026-09-30T23:10:15
ETTh2,192,Linear,MAE,300.0,"Σ|r| + λ·Σ_h w_hᵀPen w_h (irls δ = 1e-6, tổng, không phạt bias)",1e-06,,0.38849490147350924,0.27347307661487413,0.35615655464151164,0.12401617706886796,0.35364349683061286,0.38581762732956854,193,True,60.747867199999746,warm,,1e-10,1,16,float32,NVIDIA GeForce RTX 5060 Ti,2.14.0+cu130,0c39bb9363fb,2026-09-30T23:11:16
ETTh2,192,Linear,MAE,1000.0,"Σ|r| + λ·Σ_h w_hᵀPen w_h (irls δ = 1e-6, tổng, không phạt bias)",1e-06,,0.38982688264921994,0.2732262063430335,0.35592976735084797,0.12389700266588852,0.35311940758346844,0.3855105807372219,143,True,45.64861709999968,warm,,1e-10,1,16,float32,NVIDIA GeForce RTX 5060 Ti,2.14.0+cu130,0c39bb9363fb,2026-09-30T23:12:02
ETTh2,192,Linear,MAE,3000.0,"Σ|r| + λ·Σ_h w_hᵀPen w_h (irls δ = 1e-6, tổng, không phạt bias)",1e-06,,0.39269877341064574,0.27358299511535755,0.35626808073896904,0.12403704587365806,0.3527742740110462,0.3855322263532982,142,True,44.95656930000405,warm,,1e-10,1,16,float32,NVIDIA GeForce RTX 5060 Ti,2.14.0+cu130,0c39bb9363fb,2026-09-30T23:12:47
ETTh2,192,Linear,MAE,10000.0,"Σ|r| + λ·Σ_h w_hᵀPen w_h (irls δ = 1e-6, tổng, không phạt bias)",1e-06,,0.3990871852008049,0.2761960699028615,0.3586439828459713,0.1251616408662251,0.3534926344362437,0.3868570008077685,129,True,40.72669300000416,warm,,1e-10,1,16,float32,NVIDIA GeForce RTX 5060 Ti,2.14.0+cu130,0c39bb9363fb,2026-09-30T23:13:28
ETTh2,192,DLinear,MAE,0.0,"Σ|r| + λ·Σ_h w_hᵀPen w_h (irls δ = 1e-6, tổng, không phạt bias)",1e-06,25,0.387815499523326,0.27378429073189187,0.3564429031146607,0.12415919360607754,0.3540775067846769,0.38611174224131195,452,True,0,ols,Linear,3e-11,1,16,float32,NVIDIA GeForce RTX 5060 Ti,2.14.0+cu130,0c39bb9363fb,2026-09-30T23:13:28
ETTh2,192,DLinear,MAE,1.0,"Σ|r| + λ·Σ_h w_hᵀPen w_h (irls δ = 1e-6, tổng, không phạt bias)",1e-06,25,0.3878177481807917,0.27378426427011854,0.35644287765308297,0.12415918175020241,0.35407748164020736,0.38611171580972803,1,True,0.3520522000035271,warm,,1e-10,1,16,float32,NVIDIA GeForce RTX 5060 Ti,2.14.0+cu130,0c39bb9363fb,2026-09-30T23:13:29
ETTh2,192,DLinear,MAE,3.0,"Σ|r| + λ·Σ_h w_hᵀPen w_h (irls δ = 1e-6, tổng, không phạt bias)",1e-06,25,0.3878222442618807,0.2737832663246531,0.35644193560077675,0.12415873211236564,0.3540765645817748,0.38611080865151154,28,True,8.957733599992935,warm,,1e-10,1,16,float32,NVIDIA GeForce RTX 5060 Ti,2.14.0+cu130,0c39bb9363fb,2026-09-30T23:13:38
ETTh2,192,DLinear,MAE,10.0,"Σ|r| + λ·Σ_h w_hᵀPen w_h (irls δ = 1e-6, tổng, không phạt bias)",1e-06,25,0.3878379372907931,0.27377184891997797,0.3564312699767627,0.12415350929722664,0.3540647451882949,0.3861012609718153,205,True,63.4446423999907,warm,,1e-10,1,16,float32,NVIDIA GeForce RTX 5060 Ti,2.14.0+cu130,0c39bb9363fb,2026-09-30T23:14:42
ETTh2,192,DLinear,MAE,30.0,"Σ|r| + λ·Σ_h w_hᵀPen w_h (irls δ = 1e-6, tổng, không phạt bias)",1e-06,25,0.3878824954876166,0.27374514098364394,0.3564071186545187,0.12414142251175196,0.35403018994365465,0.3860768902621627,250,True,78.48273719999997,warm,,1e-10,1,16,float32,NVIDIA GeForce RTX 5060 Ti,2.14.0+cu130,0c39bb9363fb,2026-09-30T23:16:01
ETTh2,192,DLinear,MAE,100.0,"Σ|r| + λ·Σ_h w_hᵀPen w_h (irls δ = 1e-6, tổng, không phạt bias)",1e-06,25,0.38803541893719,0.2736655471466282,0.3563375416485289,0.1241054467726316,0.35391822216772795,0.3860017322669106,245,True,77.42851100000553,warm,,1e-10,1,16,float32,NVIDIA GeForce RTX 5060 Ti,2.14.0+cu130,0c39bb9363fb,2026-09-30T23:17:19
ETTh2,192,DLinear,MAE,300.0,"Σ|r| + λ·Σ_h w_hᵀPen w_h (irls δ = 1e-6, tổng, không phạt bias)",1e-06,25,0.388449320452464,0.2734913658973294,0.35618295057418997,0.12402648309526919,0.35363468050082886,0.38581692461243067,193,True,60.5941271000047,warm,,1e-10,1,16,float32,NVIDIA GeForce RTX 5060 Ti,2.14.0+cu130,0c39bb9363fb,2026-09-30T23:18:20
ETTh2,192,DLinear,MAE,1000.0,"Σ|r| + λ·Σ_h w_hᵀPen w_h (irls δ = 1e-6, tổng, không phạt bias)",1e-06,25,0.38971280493444466,0.2732490529665624,0.3559721870709094,0.12391127032304614,0.35308678221259526,0.38550229822418947,145,True,45.549410200008424,warm,,1e-10,1,16,float32,NVIDIA GeForce RTX 5060 Ti,2.14.0+cu130,0c39bb9363fb,2026-09-30T23:19:06
ETTh2,192,DLinear,MAE,3000.0,"Σ|r| + λ·Σ_h w_hᵀPen w_h (irls δ = 1e-6, tổng, không phạt bias)",1e-06,25,0.3925116552822125,0.27356332041831377,0.35627268064683226,0.12403354817751037,0.3526028529436429,0.3854210022132383,140,True,43.865512000003946,warm,,1e-10,1,16,float32,NVIDIA GeForce RTX 5060 Ti,2.14.0+cu130,0c39bb9363fb,2026-09-30T23:19:50
ETTh2,192,DLinear,MAE,10000.0,"Σ|r| + λ·Σ_h w_hᵀPen w_h (irls δ = 1e-6, tổng, không phạt bias)",1e-06,25,0.39888909617788554,0.276129816762909,0.35858127179797694,0.12513392187601424,0.3531626309796471,0.3866445855395292,128,True,40.36433399999805,warm,,1e-10,1,16,float32,NVIDIA GeForce RTX 5060 Ti,2.14.0+cu130,0c39bb9363fb,2026-09-30T23:20:31
ETTh2,192,NLinear,MAE,0.0,"Σ|r| + λ·Σ_h w_hᵀPen w_h (irls δ = 1e-6, tổng, không phạt bias)",1e-06,,0.39007740941492547,0.26606348812444996,0.34920659057798314,0.1209314882750301,0.34641012959152645,0.3765447671570927,455,True,144.3630686000106,ols,,3e-11,1,16,float32,NVIDIA GeForce RTX 5060 Ti,2.14.0+cu130,0c39bb9363fb,2026-09-30T23:22:55
ETTh2,192,NLinear,MAE,1.0,"Σ|r| + λ·Σ_h w_hᵀPen w_h (irls δ = 1e-6, tổng, không phạt bias)",1e-06,,0.3900792381739494,0.26606347310233197,0.34920657386010356,0.12093148132082533,0.34641012781481306,0.37654475561740797,1,True,0.3382146000076318,warm,,1e-10,1,16,float32,NVIDIA GeForce RTX 5060 Ti,2.14.0+cu130,0c39bb9363fb,2026-09-30T23:22:56
ETTh2,192,NLinear,MAE,3.0,"Σ|r| + λ·Σ_h w_hᵀPen w_h (irls δ = 1e-6, tổng, không phạt bias)",1e-06,,0.39008289518054773,0.26606317583670225,0.34920628082539656,0.1209313468369781,0.3464099665851265,0.37654449293962455,12,True,3.7466277000057744,warm,,1e-10,1,16,float32,NVIDIA GeForce RTX 5060 Ti,2.14.0+cu130,0c39bb9363fb,2026-09-30T23:23:00
ETTh2,192,NLinear,MAE,10.0,"Σ|r| + λ·Σ_h w_hᵀPen w_h (irls δ = 1e-6, tổng, không phạt bias)",1e-06,,0.3900956513740999,0.2660512786783718,0.34919499801375936,0.1209260347323638,0.34639853960846195,0.37653211168626016,205,True,63.93175849999534,warm,,1e-10,1,16,float32,NVIDIA GeForce RTX 5060 Ti,2.14.0+cu130,0c39bb9363fb,2026-09-30T23:24:04
ETTh2,192,NLinear,MAE,30.0,"Σ|r| + λ·Σ_h w_hᵀPen w_h (irls δ = 1e-6, tổng, không phạt bias)",1e-06,,0.3901318222832285,0.26601920975708676,0.3491655782346867,0.12091214546230968,0.3463581836339865,0.3764953826611659,257,True,81.31898609999917,warm,,1e-10,1,16,float32,NVIDIA GeForce RTX 5060 Ti,2.14.0+cu130,0c39bb9363fb,2026-09-30T23:25:26
ETTh2,192,NLinear,MAE,100.0,"Σ|r| + λ·Σ_h w_hᵀPen w_h (irls δ = 1e-6, tổng, không phạt bias)",1e-06,,0.3902553063172619,0.2659203204802413,0.34907599268522504,0.12086908127953042,0.3462296548866037,0.37637824539981674,246,True,78.06854819999717,warm,,1e-10,1,16,float32,NVIDIA GeForce RTX 5060 Ti,2.14.0+cu130,0c39bb9363fb,2026-09-30T23:26:44
ETTh2,192,NLinear,MAE,300.0,"Σ|r| + λ·Σ_h w_hᵀPen w_h (irls δ = 1e-6, tổng, không phạt bias)",1e-06,,0.39058549511445195,0.2657078711266924,0.34888508942544366,0.12077646316736222,0.3459336851600545,0.3761134916359386,191,True,60.772131899997476,warm,,1e-10,1,16,float32,NVIDIA GeForce RTX 5060 Ti,2.14.0+cu130,0c39bb9363fb,2026-09-30T23:27:46
ETTh2,192,NLinear,MAE,1000.0,"Σ|r| + λ·Σ_h w_hᵀPen w_h (irls δ = 1e-6, tổng, không phạt bias)",1e-06,,0.39156326059095387,0.26535382048359535,0.348596524540873,0.1206251662545639,0.3453170409540698,0.37557638813949684,143,True,45.73792179999873,warm,,1e-10,1,16,float32,NVIDIA GeForce RTX 5060 Ti,2.14.0+cu130,0c39bb9363fb,2026-09-30T23:28:32
ETTh2,192,NLinear,MAE,3000.0,"Σ|r| + λ·Σ_h w_hᵀPen w_h (irls δ = 1e-6, tổng, không phạt bias)",1e-06,,0.39362061752025307,0.26530994533456326,0.3486648321080022,0.12061912816014027,0.3446719517754061,0.3751155716325958,117,True,36.817513300004066,warm,,1e-10,1,16,float32,NVIDIA GeForce RTX 5060 Ti,2.14.0+cu130,0c39bb9363fb,2026-09-30T23:29:09
ETTh2,192,NLinear,MAE,10000.0,"Σ|r| + λ·Σ_h w_hᵀPen w_h (irls δ = 1e-6, tổng, không phạt bias)",1e-06,,0.398020817026191,0.26664897210294186,0.3501506233506955,0.12125615691730188,0.34441339263729526,0.37529479523433346,103,True,31.63091059999715,warm,,1e-10,1,16,float32,NVIDIA GeForce RTX 5060 Ti,2.14.0+cu130,0c39bb9363fb,2026-09-30T23:29:41
ETTh2,192,Linear,Huber,0.0,"Σρ_δ(r)/δ + λ·Σ_h w_hᵀPen w_h, δ = 1, ρ = r²/2 trong ngưỡng (tổng, không phạt bias)",1.0,,0.16887262103692305,0.2847160794532576,0.3691264911950173,0.12937949625105577,0.3717440770673162,0.4055073700512802,9,True,2.7562382999894908,ols,,1e-09,1,16,float32,NVIDIA GeForce RTX 5060 Ti,2.14.0+cu130,0c39bb9363fb,2026-09-30T23:29:44
ETTh2,192,Linear,Huber,1.0,"Σρ_δ(r)/δ + λ·Σ_h w_hᵀPen w_h, δ = 1, ρ = r²/2 trong ngưỡng (tổng, không phạt bias)",1.0,,0.16887489826793822,0.2847134096766074,0.3691242853182031,0.12937830469698297,0.3717413287601142,0.4055055638903008,2,True,0.6338605000055395,warm,,1e-09,1,16,float32,NVIDIA GeForce RTX 5060 Ti,2.14.0+cu130,0c39bb9363fb,2026-09-30T23:29:45
ETTh2,192,Linear,Huber,3.0,"Σρ_δ(r)/δ + λ·Σ_h w_hᵀPen w_h, δ = 1, ρ = r²/2 trong ngưỡng (tổng, không phạt bias)",1.0,,0.1688794461493114,0.28470891048409,0.36912040233714577,0.12937624526709882,0.3717357107370766,0.4055020663850088,2,True,0.633175900002243,warm,,1e-09,1,16,float32,NVIDIA GeForce RTX 5060 Ti,2.14.0+cu130,0c39bb9363fb,2026-09-30T23:29:46
ETTh2,192,Linear,Huber,10.0,"Σρ_δ(r)/δ + λ·Σ_h w_hᵀPen w_h, δ = 1, ρ = r²/2 trong ngưỡng (tổng, không phạt bias)",1.0,,0.1688952950377705,0.28469371112477965,0.3691071651418331,0.12936925183135,0.37171609923378973,0.40548992992015753,3,True,0.9349634999962291,warm,,1e-09,1,16,float32,NVIDIA GeForce RTX 5060 Ti,2.14.0+cu130,0c39bb9363fb,2026-09-30T23:29:47
ETTh2,192,Linear,Huber,30.0,"Σρ_δ(r)/δ + λ·Σ_h w_hᵀPen w_h, δ = 1, ρ = r²/2 trong ngưỡng (tổng, không phạt bias)",1.0,,0.16894000664328682,0.28465332925791587,0.369071954564267,0.12935062327746724,0.3716631908035295,0.40545749025795563,4,True,1.2445471999963047,warm,,1e-09,1,16,float32,NVIDIA GeForce RTX 5060 Ti,2.14.0+cu130,0c39bb9363fb,2026-09-30T23:29:49
ETTh2,192,Linear,Huber,100.0,"Σρ_δ(r)/δ + λ·Σ_h w_hᵀPen w_h, δ = 1, ρ = r²/2 trong ngưỡng (tổng, không phạt bias)",1.0,,0.1690904478164048,0.28454010941174523,0.36897379357461924,0.1292980225349713,0.3715082448140357,0.40536539965162427,5,True,1.542417899996508,warm,,1e-09,1,16,float32,NVIDIA GeForce RTX 5060 Ti,2.14.0+cu130,0c39bb9363fb,2026-09-30T23:29:51
ETTh2,192,Linear,Huber,300.0,"Σρ_δ(r)/δ + λ·Σ_h w_hᵀPen w_h, δ = 1, ρ = r²/2 trong ngưỡng (tổng, không phạt bias)",1.0,,0.16947964538801838,0.28437383252711607,0.3688314827315105,0.1292184614908144,0.371235480634972,0.405221980723624,5,True,1.5418004999955883,warm,,1e-09,1,16,float32,NVIDIA GeForce RTX 5060 Ti,2.14.0+cu130,0c39bb9363fb,2026-09-30T23:29:52
ETTh2,192,Linear,Huber,1000.0,"Σρ_δ(r)/δ + λ·Σ_h w_hᵀPen w_h, δ = 1, ρ = r²/2 trong ngưỡng (tổng, không phạt bias)",1.0,,0.170569552198802,0.2844887627875601,0.3689460244069748,0.1292556666783106,0.3710494850664877,0.4052637475680832,6,True,1.8459316000080435,warm,,1e-09,1,16,float32,NVIDIA GeForce RTX 5060 Ti,2.14.0+cu130,0c39bb9363fb,2026-09-30T23:29:55
ETTh2,192,Linear,Huber,3000.0,"Σρ_δ(r)/δ + λ·Σ_h w_hᵀPen w_h, δ = 1, ρ = r²/2 trong ngưỡng (tổng, không phạt bias)",1.0,,0.1727323294863456,0.2859024780129241,0.3701988943849152,0.12985919168200763,0.37186854904606326,0.4062751968645759,7,True,2.147408800010453,warm,,1e-09,1,16,float32,NVIDIA GeForce RTX 5060 Ti,2.14.0+cu130,0c39bb9363fb,2026-09-30T23:29:57
ETTh2,192,Linear,Huber,10000.0,"Σρ_δ(r)/δ + λ·Σ_h w_hᵀPen w_h, δ = 1, ρ = r²/2 trong ngưỡng (tổng, không phạt bias)",1.0,,0.1771953704549183,0.29087057458226157,0.3743807742690561,0.13200917086504513,0.37575644553994464,0.41007707311078595,8,True,2.451198900002055,warm,,1e-09,1,16,float32,NVIDIA GeForce RTX 5060 Ti,2.14.0+cu130,0c39bb9363fb,2026-09-30T23:30:00
ETTh2,192,DLinear,Huber,0.0,"Σρ_δ(r)/δ + λ·Σ_h w_hᵀPen w_h, δ = 1, ρ = r²/2 trong ngưỡng (tổng, không phạt bias)",1.0,25,0.16887262103692305,0.2847160794532576,0.3691264911950173,0.12937949625105577,0.3717440770673162,0.4055073700512802,9,True,0,ols,Linear,1e-09,1,16,float32,NVIDIA GeForce RTX 5060 Ti,2.14.0+cu130,0c39bb9363fb,2026-09-30T23:30:00
ETTh2,192,DLinear,Huber,1.0,"Σρ_δ(r)/δ + λ·Σ_h w_hᵀPen w_h, δ = 1, ρ = r²/2 trong ngưỡng (tổng, không phạt bias)",1.0,25,0.16887463981713116,0.2847137321750364,0.3691246337991374,0.1293784682312829,0.3717415751321309,0.4055057448151288,2,True,0.6339926999935415,warm,,1e-09,1,16,float32,NVIDIA GeForce RTX 5060 Ti,2.14.0+cu130,0c39bb9363fb,2026-09-30T23:30:01
ETTh2,192,DLinear,Huber,3.0,"Σρ_δ(r)/δ + λ·Σ_h w_hᵀPen w_h, δ = 1, ρ = r²/2 trong ngưỡng (tổng, không phạt bias)",1.0,25,0.16887867246488958,0.2847098802850004,0.3691214519518829,0.1293767375085006,0.37173645633564506,0.4055026174171399,2,True,0.6332914999948116,warm,,1e-09,1,16,float32,NVIDIA GeForce RTX 5060 Ti,2.14.0+cu130,0c39bb9363fb,2026-09-30T23:30:02
ETTh2,192,DLinear,Huber,10.0,"Σρ_δ(r)/δ + λ·Σ_h w_hᵀPen w_h, δ = 1, ρ = r²/2 trong ngưỡng (tổng, không phạt bias)",1.0,25,0.16889273537289196,0.2846969223584735,0.36911065963252904,0.12937088513051695,0.3717185819716146,0.405491786830805,3,True,0.938395599994692,warm,,1e-09,1,16,float32,NVIDIA GeForce RTX 5060 Ti,2.14.0+cu130,0c39bb9363fb,2026-09-30T23:30:03
ETTh2,192,DLinear,Huber,30.0,"Σρ_δ(r)/δ + λ·Σ_h w_hᵀPen w_h, δ = 1, ρ = r²/2 trong ngưỡng (tổng, không phạt bias)",1.0,25,0.16893248832257418,0.2846624219733302,0.3690819071659959,0.1293552654269661,0.37167009081950675,0.405462633330146,4,True,1.238364899996668,warm,,1e-09,1,16,float32,NVIDIA GeForce RTX 5060 Ti,2.14.0+cu130,0c39bb9363fb,2026-09-30T23:30:05
ETTh2,192,DLinear,Huber,100.0,"Σρ_δ(r)/δ + λ·Σ_h w_hᵀPen w_h, δ = 1, ρ = r²/2 trong ngưỡng (tổng, không phạt bias)",1.0,25,0.16906710011709758,0.2845647687580789,0.3690009919726909,0.1293107757780062,0.37152537847597034,0.4053779913599155,5,True,1.542480499992962,warm,,1e-09,1,16,float32,NVIDIA GeForce RTX 5060 Ti,2.14.0+cu130,0c39bb9363fb,2026-09-30T23:30:07
ETTh2,192,DLinear,Huber,300.0,"Σρ_δ(r)/δ + λ·Σ_h w_hᵀPen w_h, δ = 1, ρ = r²/2 trong ngưỡng (tổng, không phạt bias)",1.0,25,0.1694211888831455,0.2844155879733061,0.368880266760138,0.12924109170800616,0.3712538749757855,0.40523514189443866,5,True,1.5421086999995168,warm,,1e-09,1,16,float32,NVIDIA GeForce RTX 5060 Ti,2.14.0+cu130,0c39bb9363fb,2026-09-30T23:30:08
ETTh2,192,DLinear,Huber,1000.0,"Σρ_δ(r)/δ + λ·Σ_h w_hᵀPen w_h, δ = 1, ρ = r²/2 trong ngưỡng (tổng, không phạt bias)",1.0,25,0.1704500369563143,0.28449139752535213,0.36896480586277347,0.12926335227157085,0.3709796018272673,0.4052052167617033,6,True,1.8445994000067003,warm,,1e-09,1,16,float32,NVIDIA GeForce RTX 5060 Ti,2.14.0+cu130,0c39bb9363fb,2026-09-30T23:30:11
ETTh2,192,DLinear,Huber,3000.0,"Σρ_δ(r)/δ + λ·Σ_h w_hᵀPen w_h, δ = 1, ρ = r²/2 trong ngưỡng (tổng, không phạt bias)",1.0,25,0.17258625653670023,0.2857848250259968,0.37009413156676463,0.12981174589099026,0.37160683043838205,0.40606934373040404,7,True,2.1475666999904206,warm,,1e-09,1,16,float32,NVIDIA GeForce RTX 5060 Ti,2.14.0+cu130,0c39bb9363fb,2026-09-30T23:30:13
ETTh2,192,DLinear,Huber,10000.0,"Σρ_δ(r)/δ + λ·Σ_h w_hᵀPen w_h, δ = 1, ρ = r²/2 trong ngưỡng (tổng, không phạt bias)",1.0,25,0.1770821004603882,0.2907205010720673,0.3742220331272389,0.13194212229003435,0.3754676268139428,0.4098590500167698,8,True,2.4500837000086904,warm,,1e-09,1,16,float32,NVIDIA GeForce RTX 5060 Ti,2.14.0+cu130,0c39bb9363fb,2026-09-30T23:30:16
ETTh2,192,NLinear,Huber,0.0,"Σρ_δ(r)/δ + λ·Σ_h w_hᵀPen w_h, δ = 1, ρ = r²/2 trong ngưỡng (tổng, không phạt bias)",1.0,,0.17285639782343495,0.2681175428956991,0.3524612295532621,0.12203913930922347,0.3404732987865624,0.3752263956042128,9,True,2.7696602000069106,ols,,1e-09,1,16,float32,NVIDIA GeForce RTX 5060 Ti,2.14.0+cu130,0c39bb9363fb,2026-09-30T23:30:19
ETTh2,192,NLinear,Huber,1.0,"Σρ_δ(r)/δ + λ·Σ_h w_hᵀPen w_h, δ = 1, ρ = r²/2 trong ngưỡng (tổng, không phạt bias)",1.0,,0.17285793629486831,0.2681150921440182,0.3524590481266684,0.12203807290505508,0.34047112526023465,0.3752236020934361,2,True,0.6364636999933282,warm,,1e-09,1,16,float32,NVIDIA GeForce RTX 5060 Ti,2.14.0+cu130,0c39bb9363fb,2026-09-30T23:30:20
ETTh2,192,NLinear,Huber,3.0,"Σρ_δ(r)/δ + λ·Σ_h w_hᵀPen w_h, δ = 1, ρ = r²/2 trong ngưỡng (tổng, không phạt bias)",1.0,,0.17286100846879493,0.2681109332362361,0.3524551995785023,0.1220362303523812,0.34046585732804974,0.3752179084190389,2,True,0.6374025999975856,warm,,1e-09,1,16,float32,NVIDIA GeForce RTX 5060 Ti,2.14.0+cu130,0c39bb9363fb,2026-09-30T23:30:21
ETTh2,192,NLinear,Huber,10.0,"Σρ_δ(r)/δ + λ·Σ_h w_hᵀPen w_h, δ = 1, ρ = r²/2 trong ngưỡng (tổng, không phạt bias)",1.0,,0.1728717109728334,0.2680967998687606,0.35244206593800437,0.12202995527646988,0.3404471978975127,0.3751980860534755,3,True,0.9414498999976786,warm,,1e-09,1,16,float32,NVIDIA GeForce RTX 5060 Ti,2.14.0+cu130,0c39bb9363fb,2026-09-30T23:30:22
ETTh2,192,NLinear,Huber,30.0,"Σρ_δ(r)/δ + λ·Σ_h w_hᵀPen w_h, δ = 1, ρ = r²/2 trong ngưỡng (tổng, không phạt bias)",1.0,,0.1729018738358548,0.2680589020162035,0.35240693681565716,0.12201313789723592,0.34039661364323753,0.3751443151654126,3,True,0.9412935000000289,warm,,1e-09,1,16,float32,NVIDIA GeForce RTX 5060 Ti,2.14.0+cu130,0c39bb9363fb,2026-09-30T23:30:24
ETTh2,192,NLinear,Huber,100.0,"Σρ_δ(r)/δ + λ·Σ_h w_hᵀPen w_h, δ = 1, ρ = r²/2 trong ngưỡng (tổng, không phạt bias)",1.0,,0.17300306133713786,0.26794941562207863,0.3523066884376463,0.1219646394896507,0.34024379860112447,0.3749823113082165,4,True,1.2449879000050714,warm,,1e-09,1,16,float32,NVIDIA GeForce RTX 5060 Ti,2.14.0+cu130,0c39bb9363fb,2026-09-30T23:30:25
ETTh2,192,NLinear,Huber,300.0,"Σρ_δ(r)/δ + λ·Σ_h w_hᵀPen w_h, δ = 1, ρ = r²/2 trong ngưỡng (tổng, không phạt bias)",1.0,,0.1732630775271379,0.26776600710234877,0.35214622645335264,0.12188420216009921,0.3399471616817024,0.37466804785873786,5,True,1.5494032999995397,warm,,1e-09,1,16,float32,NVIDIA GeForce RTX 5060 Ti,2.14.0+cu130,0c39bb9363fb,2026-09-30T23:30:27
ETTh2,192,NLinear,Huber,1000.0,"Σρ_δ(r)/δ + λ·Σ_h w_hᵀPen w_h, δ = 1, ρ = r²/2 trong ngưỡng (tổng, không phạt bias)",1.0,,0.17398223692827022,0.2676927168616024,0.3521300470769713,0.12185871654774974,0.339545744756811,0.374240226712342,6,True,1.8556700000044657,warm,,1e-09,1,16,float32,NVIDIA GeForce RTX 5060 Ti,2.14.0+cu130,0c39bb9363fb,2026-09-30T23:30:29
ETTh2,192,NLinear,Huber,3000.0,"Σρ_δ(r)/δ + λ·Σ_h w_hᵀPen w_h, δ = 1, ρ = r²/2 trong ngưỡng (tổng, không phạt bias)",1.0,,0.17537999339787788,0.2683958588793135,0.3528857792684836,0.12219380652725052,0.3395807121889671,0.37423318140476836,6,True,1.8531839000061154,warm,,1e-09,1,16,float32,NVIDIA GeForce RTX 5060 Ti,2.14.0+cu130,0c39bb9363fb,2026-09-30T23:30:31
ETTh2,192,NLinear,Huber,10000.0,"Σρ_δ(r)/δ + λ·Σ_h w_hᵀPen w_h, δ = 1, ρ = r²/2 trong ngưỡng (tổng, không phạt bias)",1.0,,0.17812882710961564,0.2710908428018244,0.355483643782624,0.12345018062830798,0.3410531967446983,0.37556157736033546,7,True,2.157931699999608,warm,,1e-09,1,16,float32,NVIDIA GeForce RTX 5060 Ti,2.14.0+cu130,0c39bb9363fb,2026-09-30T23:30:34
ETTh2,336,Linear,MSE,0.0,"Σr² + λ·Σ_h w_hᵀPen w_h (tổng, không phạt bias)",,,0.5613083219247419,0.40898639607842835,0.4462503244000707,0.17978096570687524,0.4858141029827085,0.48365542320201566,0,True,0.17513010000402573,closed_form,,,,16,float64,NVIDIA GeForce RTX 5060 Ti,2.14.0+cu130,0c39bb9363fb,2026-09-30T23:30:35
ETTh2,336,Linear,MSE,0.01,"Σr² + λ·Σ_h w_hᵀPen w_h (tổng, không phạt bias)",,,0.5613083414326283,0.40898638764656475,0.4462503183870776,0.1797809621221917,0.48581409235659917,0.4836554178229944,0,True,0.01712220000626985,closed_form,,,,16,float64,NVIDIA GeForce RTX 5060 Ti,2.14.0+cu130,0c39bb9363fb,2026-09-30T23:30:36
ETTh2,336,Linear,MSE,0.0158489,"Σr² + λ·Σ_h w_hᵀPen w_h (tổng, không phạt bias)",,,0.5613083528425566,0.40898638271494225,0.44625031487017386,0.17978096002558389,0.4858140861415903,0.48365541467688833,0,True,0.01023350001196377,closed_form,,,,16,float64,NVIDIA GeForce RTX 5060 Ti,2.14.0+cu130,0c39bb9363fb,2026-09-30T23:30:36
ETTh2,336,Linear,MSE,0.0251189,"Σr² + λ·Σ_h w_hᵀPen w_h (tổng, không phạt bias)",,,0.561308370926245,0.4089863748988835,0.44625030929626525,0.17978095670269922,0.4858140762914847,0.4836554096906304,0,True,0.017336599994450808,closed_form,,,,16,float64,NVIDIA GeForce RTX 5060 Ti,2.14.0+cu130,0c39bb9363fb,2026-09-30T23:30:37
ETTh2,336,Linear,MSE,0.0398107,"Σr² + λ·Σ_h w_hᵀPen w_h (tổng, không phạt bias)",,,0.5613083995864976,0.40898636251174203,0.44625030046255587,0.1797809514364827,0.48581406068065447,0.4836554017882438,0,True,0.00632430000405293,closed_form,,,,16,float64,NVIDIA GeForce RTX 5060 Ti,2.14.0+cu130,0c39bb9363fb,2026-09-30T23:30:37
ETTh2,336,Linear,MSE,0.0630957,"Σr² + λ·Σ_h w_hᵀPen w_h (tổng, không phạt bias)",,,0.5613084450096891,0.4089863428802487,0.44625028646245735,0.17978094309042858,0.48581403594000283,0.4836553892642689,0,True,0.00908740000159014,closed_form,,,,16,float64,NVIDIA GeForce RTX 5060 Ti,2.14.0+cu130,0c39bb9363fb,2026-09-30T23:30:37
ETTh2,336,Linear,MSE,0.1,"Σr² + λ·Σ_h w_hᵀPen w_h (tổng, không phạt bias)",,,0.5613085169997702,0.40898631176853345,0.4462502642749682,0.17978092986370703,0.48581399673095044,0.4836553694163683,0,True,0.006373600001097657,closed_form,,,,16,float64,NVIDIA GeForce RTX 5060 Ti,2.14.0+cu130,0c39bb9363fb,2026-09-30T23:30:38
ETTh2,336,Linear,MSE,0.158489,"Σr² + λ·Σ_h w_hᵀPen w_h (tổng, không phạt bias)",,,0.5613086310932526,0.40898626246552067,0.4462502291149647,0.1797809089031733,0.4858139345949734,0.48365533796212284,0,True,0.009038000003783964,closed_form,,,,16,float64,NVIDIA GeForce RTX 5060 Ti,2.14.0+cu130,0c39bb9363fb,2026-09-30T23:30:38
ETTh2,336,Linear,MSE,0.251189,"Σr² + λ·Σ_h w_hᵀPen w_h (tổng, không phạt bias)",,,0.5613088119155691,0.40898618433812167,0.4462501733980445,0.17978087568825155,0.4858138361293629,0.48365528812089287,0,True,0.0061261999944690615,closed_form,,,,16,float64,NVIDIA GeForce RTX 5060 Ti,2.14.0+cu130,0c39bb9363fb,2026-09-30T23:30:38
ETTh2,336,Linear,MSE,0.398107,"Σr² + λ·Σ_h w_hᵀPen w_h (tổng, không phạt bias)",,,0.5613090984815079,0.40898606055005615,0.4462500851225766,0.1797808230610581,0.4858136801100794,0.483655209146159,0,True,0.007290399997145869,closed_form,,,,16,float64,NVIDIA GeForce RTX 5060 Ti,2.14.0+cu130,0c39bb9363fb,2026-09-30T23:30:39
ETTh2,336,Linear,MSE,0.630957,"Σr² + λ·Σ_h w_hᵀPen w_h (tổng, không phạt bias)",,,0.5613095526215328,0.40898586444443336,0.44624994529737044,0.1797807396883392,0.48581343292710893,0.483655084031399,0,True,0.00808510000933893,closed_form,,,,16,float64,NVIDIA GeForce RTX 5060 Ti,2.14.0+cu130,0c39bb9363fb,2026-09-30T23:30:39
ETTh2,336,Linear,MSE,1.0,"Σr² + λ·Σ_h w_hᵀPen w_h (tổng, không phạt bias)",,,0.5613102722915829,0.40898555385282365,0.44624972388440265,0.17978060764163212,0.485813041397874,0.4836548858949876,0,True,0.007106100005330518,closed_form,,,,16,float64,NVIDIA GeForce RTX 5060 Ti,2.14.0+cu130,0c39bb9363fb,2026-09-30T23:30:40
ETTh2,336,Linear,MSE,1.58489,"Σr² + λ·Σ_h w_hᵀPen w_h (tổng, không phạt bias)",,,0.5613114126469846,0.40898506214191316,0.44624937336062004,0.17978039858981681,0.4858124214470635,0.4836545721836656,0,True,0.006453399997553788,closed_form,,,,16,float64,NVIDIA GeForce RTX 5060 Ti,2.14.0+cu130,0c39bb9363fb,2026-09-30T23:30:40
ETTh2,336,Linear,MSE,2.51189,"Σr² + λ·Σ_h w_hᵀPen w_h (tổng, không phạt bias)",,,0.5613132194155684,0.40898428417821164,0.44624881874552524,0.17978006782955347,0.48581144032647133,0.4836540757540573,0,True,0.007438200002070516,closed_form,,,,16,float64,NVIDIA GeForce RTX 5060 Ti,2.14.0+cu130,0c39bb9363fb,2026-09-30T23:30:40
ETTh2,336,Linear,MSE,3.98107,"Σr² + λ·Σ_h w_hᵀPen w_h (tổng, không phạt bias)",,,0.5613160814247543,0.40898305459870243,0.4462479421054399,0.17977954504071705,0.4858098889997206,0.48365329115892863,0,True,0.007147500000428408,closed_form,,,,16,float64,NVIDIA GeForce RTX 5060 Ti,2.14.0+cu130,0c39bb9363fb,2026-09-30T23:30:41
ETTh2,336,Linear,MSE,6.30957,"Σr² + λ·Σ_h w_hᵀPen w_h (tổng, không phạt bias)",,,0.5613206136699938,0.4089811143391783,0.44624655865656043,0.17977872003984222,0.4858074393826453,0.4836520529585202,0,True,0.00591599999461323,closed_form,,,,16,float64,NVIDIA GeForce RTX 5060 Ti,2.14.0+cu130,0c39bb9363fb,2026-09-30T23:30:41
ETTh2,336,Linear,MSE,10.0,"Σr² + λ·Σ_h w_hᵀPen w_h (tổng, không phạt bias)",,,0.5613277874292099,0.4089780604449781,0.4462443814431132,0.17977742140190903,0.48580357965640786,0.4836501040875152,0,True,0.013198499989812262,closed_form,,,,16,float64,NVIDIA GeForce RTX 5060 Ti,2.14.0+cu130,0c39bb9363fb,2026-09-30T23:30:42
ETTh2,336,Linear,MSE,15.8489,"Σr² + λ·Σ_h w_hᵀPen w_h (tổng, không phạt bias)",,,0.5613391335756792,0.4089732731514574,0.4462409702598886,0.17977538535905244,0.48579751881746114,0.48364704982192364,0,True,0.007432200000039302,closed_form,,,,16,float64,NVIDIA GeForce RTX 5060 Ti,2.14.0+cu130,0c39bb9363fb,2026-09-30T23:30:42
ETTh2,336,Linear,MSE,25.1189,"Σr² + λ·Σ_h w_hᵀPen w_h (tổng, không phạt bias)",,,0.5613570579167847,0.40896581624064526,0.44623565879223115,0.1797722131944425,0.48578805238496026,0.4836422900019611,0,True,0.006060100000468083,closed_form,,,,16,float64,NVIDIA GeForce RTX 5060 Ti,2.14.0+cu130,0c39bb9363fb,2026-09-30T23:30:42
ETTh2,336,Linear,MSE,39.8107,"Σr² + λ·Σ_h w_hᵀPen w_h (tổng, không phạt bias)",,,0.5613853213087621,0.4089543180151963,0.4462274706732695,0.17976732006078674,0.48577339131900943,0.48363495063840817,0,True,0.20573309999599587,closed_form,,,,16,float64,NVIDIA GeForce RTX 5060 Ti,2.14.0+cu130,0c39bb9363fb,2026-09-30T23:30:43
ETTh2,336,Linear,MSE,63.0957,"Σr² + λ·Σ_h w_hᵀPen w_h (tổng, không phạt bias)",,,0.5614297608131853,0.40893686862128253,0.4462150490382125,0.179759889995501,0.485750982710499,0.4836238087565202,0,True,0.006921100008185022,closed_form,,,,16,float64,NVIDIA GeForce RTX 5060 Ti,2.14.0+cu130,0c39bb9363fb,2026-09-30T23:30:43
ETTh2,336,Linear,MSE,100.0,"Σr² + λ·Σ_h w_hᵀPen w_h (tổng, không phạt bias)",,,0.5614993304250315,0.40891104686384644,0.44619670596875743,0.17974888443531845,0.4857174293478637,0.4836073004107057,0,True,0.011696400004439056,closed_form,,,,16,float64,NVIDIA GeForce RTX 5060 Ti,2.14.0+cu130,0c39bb9363fb,2026-09-30T23:30:44
ETTh2,336,Linear,MSE,158.489,"Σr² + λ·Σ_h w_hᵀPen w_h (tổng, không phạt bias)",,,0.5616075329759983,0.40887433183351146,0.4461706810607428,0.17973321144865004,0.48566876020102684,0.4835838479451397,0,True,0.006802199990488589,closed_form,,,,16,float64,NVIDIA GeForce RTX 5060 Ti,2.14.0+cu130,0c39bb9363fb,2026-09-30T23:30:44
ETTh2,336,Linear,MSE,251.189,"Σr² + λ·Σ_h w_hᵀPen w_h (tổng, không phạt bias)",,,0.561774243980424,0.40882537091250254,0.44613610552740723,0.17971225482238015,0.4856015295500818,0.4835526579586964,0,True,0.006258099994738586,closed_form,,,,16,float64,NVIDIA GeForce RTX 5060 Ti,2.14.0+cu130,0c39bb9363fb,2026-09-30T23:30:45
ETTh2,336,Linear,MSE,398.107,"Σr² + λ·Σ_h w_hᵀPen w_h (tổng, không phạt bias)",,,0.5620277497028001,0.4087667364115347,0.446094935988847,0.1796870319801902,0.48551540231453005,0.48351548477574496,0,True,0.00599079999665264,closed_form,,,,16,float64,NVIDIA GeForce RTX 5060 Ti,2.14.0+cu130,0c39bb9363fb,2026-09-30T23:30:45
ETTh2,336,Linear,MSE,630.957,"Σr² + λ·Σ_h w_hᵀPen w_h (tổng, không phạt bias)",,,0.5624066669582956,0.40870950451321375,0.44605540992191867,0.17966212966389916,0.4854176063994305,0.48347967379690715,0,True,0.006903700006660074,closed_form,,,,16,float64,NVIDIA GeForce RTX 5060 Ti,2.14.0+cu130,0c39bb9363fb,2026-09-30T23:30:45
ETTh2,336,Linear,MSE,1000.0,"Σr² + λ·Σ_h w_hᵀPen w_h (tổng, không phạt bias)",,,0.5629612188824098,0.40867891356854696,0.446036056581076,0.17964811062611366,0.4853286337456114,0.4834619228931553,0,True,0.006434499999159016,closed_form,,,,16,float64,NVIDIA GeForce RTX 5060 Ti,2.14.0+cu130,0c39bb9363fb,2026-09-30T23:30:46
ETTh2,336,Linear,MSE,1584.89,"Σr² + λ·Σ_h w_hᵀPen w_h (tổng, không phạt bias)",,,0.5637535661135443,0.4087189408184136,0.4460681021162308,0.17966346783146497,0.4852873170088866,0.4834926241054003,0,True,0.04843080000136979,closed_form,,,,16,float64,NVIDIA GeForce RTX 5060 Ti,2.14.0+cu130,0c39bb9363fb,2026-09-30T23:30:46
ETTh2,336,Linear,MSE,2511.89,"Σr² + λ·Σ_h w_hᵀPen w_h (tổng, không phạt bias)",,,0.5648571557274055,0.4088937958436986,0.44619719617048165,0.1797352414766266,0.4853537663786612,0.4836159067325825,0,True,0.007402100003673695,closed_form,,,,16,float64,NVIDIA GeForce RTX 5060 Ti,2.14.0+cu130,0c39bb9363fb,2026-09-30T23:30:47
ETTh2,336,Linear,MSE,3981.07,"Σr² + λ·Σ_h w_hᵀPen w_h (tổng, không phạt bias)",,,0.566354867497215,0.40928664523607633,0.44648020455249254,0.17989840175684504,0.4856107713546365,0.4838915854827957,0,True,0.006071699986932799,closed_form,,,,16,float64,NVIDIA GeForce RTX 5060 Ti,2.14.0+cu130,0c39bb9363fb,2026-09-30T23:30:47
ETTh2,336,Linear,MSE,6309.57,"Σr² + λ·Σ_h w_hᵀPen w_h (tổng, không phạt bias)",,,0.5683360732777637,0.4099973371625565,0.4469843278380531,0.18019483322970745,0.4861649220610521,0.48439446488492266,0,True,0.008596100000431761,closed_form,,,,16,float64,NVIDIA GeForce RTX 5060 Ti,2.14.0+cu130,0c39bb9363fb,2026-09-30T23:30:47
ETTh2,336,Linear,MSE,10000.0,"Σr² + λ·Σ_h w_hᵀPen w_h (tổng, không phạt bias)",,,0.5708936393719274,0.41113850157990894,0.4477816572730034,0.18067187127539744,0.4871459808205715,0.4852146088293564,0,True,0.008646500005852431,closed_form,,,,16,float64,NVIDIA GeForce RTX 5060 Ti,2.14.0+cu130,0c39bb9363fb,2026-09-30T23:30:48
ETTh2,336,Linear,MSE,15848.9,"Σr² + λ·Σ_h w_hᵀPen w_h (tổng, không phạt bias)",,,0.5741255327007002,0.4128284984733791,0.4489411925124369,0.18137981523506655,0.4887020539284082,0.4864534751471483,0,True,0.009578900004271418,closed_form,,,,16,float64,NVIDIA GeForce RTX 5060 Ti,2.14.0+cu130,0c39bb9363fb,2026-09-30T23:30:48
ETTh2,336,Linear,MSE,25118.9,"Σr² + λ·Σ_h w_hᵀPen w_h (tổng, không phạt bias)",,,0.5781460559192597,0.4151881596662156,0.4505320517593688,0.18237124294091317,0.4909952789786673,0.48822816274240977,0,True,0.030374099995242432,closed_form,,,,16,float64,NVIDIA GeForce RTX 5060 Ti,2.14.0+cu130,0c39bb9363fb,2026-09-30T23:30:49
ETTh2,336,Linear,MSE,39810.7,"Σr² + λ·Σ_h w_hᵀPen w_h (tổng, không phạt bias)",,,0.5831040991184602,0.41835873716989197,0.4526429248503884,0.18370919792615528,0.49421405336383806,0.4906809193354547,0,True,0.008215900001232512,closed_form,,,,16,float64,NVIDIA GeForce RTX 5060 Ti,2.14.0+cu130,0c39bb9363fb,2026-09-30T23:30:49
ETTh2,336,Linear,MSE,63095.7,"Σr² + λ·Σ_h w_hᵀPen w_h (tổng, không phạt bias)",,,0.589196273052421,0.42255207265757716,0.4554046917526797,0.1854887490285266,0.4986212186329485,0.4940007452920898,0,True,0.007183100009569898,closed_form,,,,16,float64,NVIDIA GeForce RTX 5060 Ti,2.14.0+cu130,0c39bb9363fb,2026-09-30T23:30:49
ETTh2,336,Linear,MSE,100000.0,"Σr² + λ·Σ_h w_hᵀPen w_h (tổng, không phạt bias)",,,0.5966586584346594,0.4281140551912629,0.459052799935608,0.18786313698831406,0.5046393743827302,0.49846264332574725,0,True,0.03215890000865329,closed_form,,,,16,float64,NVIDIA GeForce RTX 5060 Ti,2.14.0+cu130,0c39bb9363fb,2026-09-30T23:30:50
ETTh2,336,DLinear,MSE,0.0,"Σr² + λ·Σ_h w_hᵀPen w_h (tổng, không phạt bias)",,25,0.5613083219247419,0.40898639607842835,0.4462503244000707,0.17978096570687524,0.4858141029827085,0.48365542320201566,0,True,0,closed_form,Linear,,,16,float64,NVIDIA GeForce RTX 5060 Ti,2.14.0+cu130,0c39bb9363fb,2026-09-30T23:30:50
ETTh2,336,DLinear,MSE,0.01,"Σr² + λ·Σ_h w_hᵀPen w_h (tổng, không phạt bias)",,25,0.5613083392485355,0.40898638850422997,0.4462503192680138,0.1797809625342739,0.485814093427069,0.48365541831530723,0,True,0.009943500001099892,closed_form,,,,16,float64,NVIDIA GeForce RTX 5060 Ti,2.14.0+cu130,0c39bb9363fb,2026-09-30T23:30:50
ETTh2,336,DLinear,MSE,0.0158489,"Σr² + λ·Σ_h w_hᵀPen w_h (tổng, không phạt bias)",,25,0.5613083493810186,0.4089863840742335,0.446250316266356,0.1797809606786827,0.48581408783815233,0.48365541545714763,0,True,0.005767800001194701,closed_form,,,,16,float64,NVIDIA GeForce RTX 5060 Ti,2.14.0+cu130,0c39bb9363fb,2026-09-30T23:30:51
ETTh2,336,DLinear,MSE,0.0251189,"Σr² + λ·Σ_h w_hᵀPen w_h (tổng, không phạt bias)",,25,0.5613083654400806,0.4089863770531884,0.4462503115090582,0.17978095773777925,0.4858140789803264,0.48365541092726505,0,True,0.01155940000899136,closed_form,,,,16,float64,NVIDIA GeForce RTX 5060 Ti,2.14.0+cu130,0c39bb9363fb,2026-09-30T23:30:51
ETTh2,336,DLinear,MSE,0.0398107,"Σr² + λ·Σ_h w_hᵀPen w_h (tổng, không phạt bias)",,25,0.5613083908915856,0.40898636592599324,0.4462503039695759,0.17978095307693212,0.48581406494207996,0.483655403748084,0,True,0.006544000003486872,closed_form,,,,16,float64,NVIDIA GeForce RTX 5060 Ti,2.14.0+cu130,0c39bb9363fb,2026-09-30T23:30:51
ETTh2,336,DLinear,MSE,0.0630957,"Σr² + λ·Σ_h w_hᵀPen w_h (tổng, không phạt bias)",,25,0.5613084312293262,0.4089863482912567,0.44625029202062233,0.17978094569026798,0.48581404269367134,0.483655392370264,0,True,0.013120899995556101,closed_form,,,,16,float64,NVIDIA GeForce RTX 5060 Ti,2.14.0+cu130,0c39bb9363fb,2026-09-30T23:30:52
ETTh2,336,DLinear,MSE,0.1,"Σr² + λ·Σ_h w_hᵀPen w_h (tổng, không phạt bias)",,25,0.5613084951597123,0.4089863203438678,0.4462502730837262,0.17978093398393233,0.4858140074342093,0.4836553743387862,0,True,0.015170700004091486,closed_form,,,,16,float64,NVIDIA GeForce RTX 5060 Ti,2.14.0+cu130,0c39bb9363fb,2026-09-30T23:30:52
ETTh2,336,DLinear,MSE,0.158489,"Σr² + λ·Σ_h w_hᵀPen w_h (tổng, không phạt bias)",,25,0.5613085964800607,0.4089862760551259,0.44625024307441397,0.1797809154326625,0.48581395155697915,0.483655345763165,0,True,0.007091299994499423,closed_form,,,,16,float64,NVIDIA GeForce RTX 5060 Ti,2.14.0+cu130,0c39bb9363fb,2026-09-30T23:30:53
ETTh2,336,DLinear,MSE,0.251189,"Σr² + λ·Σ_h w_hᵀPen w_h (tổng, không phạt bias)",,25,0.5613087570594228,0.40898620587286216,0.44625019551924006,0.17978088603528633,0.4858138630086999,0.48365530048162503,0,True,0.008268999998108484,closed_form,,,,16,float64,NVIDIA GeForce RTX 5060 Ti,2.14.0+cu130,0c39bb9363fb,2026-09-30T23:30:53
ETTh2,336,DLinear,MSE,0.398107,"Σr² + λ·Σ_h w_hᵀPen w_h (tổng, không phạt bias)",,25,0.5613090115461981,0.4089860946717022,0.44625012017257226,0.17978083945609583,0.4858137227015295,0.48365522873199673,0,True,0.008462600002530962,closed_form,,,,16,float64,NVIDIA GeForce RTX 5060 Ti,2.14.0+cu130,0c39bb9363fb,2026-09-30T23:30:53
ETTh2,336,DLinear,MSE,0.630957,"Σr² + λ·Σ_h w_hᵀPen w_h (tổng, không phạt bias)",,25,0.5613094148525892,0.4089859185021106,0.44625000082038346,0.17978076566298465,0.48581350040652366,0.48365511505493075,0,True,0.008258699992438778,closed_form,,,,16,float64,NVIDIA GeForce RTX 5060 Ti,2.14.0+cu130,0c39bb9363fb,2026-09-30T23:30:54
ETTh2,336,DLinear,MSE,1.0,"Σr² + λ·Σ_h w_hᵀPen w_h (tổng, không phạt bias)",,25,0.561310053978114,0.4089856394745857,0.44624981179946477,0.1797806487842521,0.48581314828665645,0.48365493500326256,0,True,0.007137900000088848,closed_form,,,,16,float64,NVIDIA GeForce RTX 5060 Ti,2.14.0+cu130,0c39bb9363fb,2026-09-30T23:30:54
ETTh2,336,DLinear,MSE,1.58489,"Σr² + λ·Σ_h w_hᵀPen w_h (tổng, không phạt bias)",,25,0.5613110667338128,0.408985197707635,0.4462495125682418,0.17978046373499998,0.48581259070609395,0.48365464995540436,0,True,0.01965770000242628,closed_form,,,,16,float64,NVIDIA GeForce RTX 5060 Ti,2.14.0+cu130,0c39bb9363fb,2026-09-30T23:30:55
ETTh2,336,DLinear,MSE,2.51189,"Σr² + λ·Σ_h w_hᵀPen w_h (tổng, không phạt bias)",,25,0.5613126714033206,0.40898449869658365,0.44624903910579344,0.17978017092417117,0.48581170821375974,0.4836541988342064,0,True,0.015543500005151145,closed_form,,,,16,float64,NVIDIA GeForce RTX 5060 Ti,2.14.0+cu130,0c39bb9363fb,2026-09-30T23:30:55
ETTh2,336,DLinear,MSE,3.98107,"Σr² + λ·Σ_h w_hᵀPen w_h (tổng, không phạt bias)",,25,0.5613152134501884,0.40898339373561843,0.44624829062729526,0.17977970804859147,0.48581031264137303,0.483653485529914,0,True,0.008596100000431761,closed_form,,,,16,float64,NVIDIA GeForce RTX 5060 Ti,2.14.0+cu130,0c39bb9363fb,2026-09-30T23:30:55
ETTh2,336,DLinear,MSE,6.30957,"Σr² + λ·Σ_h w_hᵀPen w_h (tổng, không phạt bias)",,25,0.5613192394391787,0.40898164970381895,0.4462471091407494,0.17977897742394044,0.4858081084800194,0.48365235935922823,0,True,0.009328399988589808,closed_form,,,,16,float64,NVIDIA GeForce RTX 5060 Ti,2.14.0+cu130,0c39bb9363fb,2026-09-30T23:30:56
ETTh2,336,DLinear,MSE,10.0,"Σr² + λ·Σ_h w_hᵀPen w_h (tổng, không phạt bias)",,25,0.5613256129659526,0.40897890361563866,0.4462452490485434,0.17977782691433628,0.48580463428355064,0.4836505853568714,0,True,0.007719600005657412,closed_form,,,,16,float64,NVIDIA GeForce RTX 5060 Ti,2.14.0+cu130,0c39bb9363fb,2026-09-30T23:30:56
ETTh2,336,DLinear,MSE,15.8489,"Σr² + λ·Σ_h w_hᵀPen w_h (tổng, không phạt bias)",,25,0.561335696161211,0.40897459621542054,0.4462423326329799,0.17977602203595083,0.48579917578016557,0.4836478023527104,0,True,0.048987099988153204,closed_form,,,,16,float64,NVIDIA GeForce RTX 5060 Ti,2.14.0+cu130,0c39bb9363fb,2026-09-30T23:30:57
ETTh2,336,DLinear,MSE,25.1189,"Σr² + λ·Σ_h w_hᵀPen w_h (tổng, không phạt bias)",,25,0.5613516320920123,0.4089678802575476,0.44623778625828564,0.17977320734099184,0.48579064252548715,0.4836434593174911,0,True,0.013973599998280406,closed_form,,,,16,float64,NVIDIA GeForce RTX 5060 Ti,2.14.0+cu130,0c39bb9363fb,2026-09-30T23:30:57
ETTh2,336,DLinear,MSE,39.8107,"Σr² + λ·Σ_h w_hᵀPen w_h (tổng, không phạt bias)",,25,0.5613767769543895,0.4089575082534427,0.44623076996803257,0.17976885892884134,0.48577740782089135,0.4836367429668177,0,True,0.008605000009993091,closed_form,,,,16,float64,NVIDIA GeForce RTX 5060 Ti,2.14.0+cu130,0c39bb9363fb,2026-09-30T23:30:57
ETTh2,336,DLinear,MSE,63.0957,"Σr² + λ·Σ_h w_hᵀPen w_h (tổng, không phạt bias)",,25,0.5614163546998245,0.408941727672654,0.4462201036551887,0.1797622394635732,0.4857571327539175,0.48362650660874407,0,True,0.0070792999904369935,closed_form,,,,16,float64,NVIDIA GeForce RTX 5060 Ti,2.14.0+cu130,0c39bb9363fb,2026-09-30T23:30:58
ETTh2,336,DLinear,MSE,100.0,"Σr² + λ·Σ_h w_hᵀPen w_h (tổng, không phạt bias)",,25,0.561478415261821,0.4089182765568197,0.446204279832316,0.17975239395506487,0.4857266604223605,0.48361125300115004,0,True,0.006742099998518825,closed_form,,,,16,float64,NVIDIA GeForce RTX 5060 Ti,2.14.0+cu130,0c39bb9363fb,2026-09-30T23:30:58
ETTh2,336,DLinear,MSE,158.489,"Σr² + λ·Σ_h w_hᵀPen w_h (tổng, không phạt bias)",,25,0.5615751854208857,0.4088846926692017,0.4461816933091052,0.17973827441293336,0.4856821875359563,0.4835893219566733,0,True,0.024174200007109903,closed_form,,,,16,float64,NVIDIA GeForce RTX 5060 Ti,2.14.0+cu130,0c39bb9363fb,2026-09-30T23:30:59
ETTh2,336,DLinear,MSE,251.189,"Σr² + λ·Σ_h w_hᵀPen w_h (tổng, không phạt bias)",,25,0.5617248657894952,0.4088393363814107,0.44615127604297816,0.17971915964658633,0.4856201137347802,0.4835595536786847,0,True,0.0068746999895665795,closed_form,,,,16,float64,NVIDIA GeForce RTX 5060 Ti,2.14.0+cu130,0c39bb9363fb,2026-09-30T23:30:59
ETTh2,336,DLinear,MSE,398.107,"Σr² + λ·Σ_h w_hᵀPen w_h (tổng, không phạt bias)",,25,0.5619538131360364,0.40878368364226086,0.446114185244669,0.17969560306747898,0.4855391398522601,0.48352266628163093,0,True,0.009727399999974295,closed_form,,,,16,float64,NVIDIA GeForce RTX 5060 Ti,2.14.0+cu130,0c39bb9363fb,2026-09-30T23:30:59
ETTh2,336,DLinear,MSE,630.957,"Σr² + λ·Σ_h w_hᵀPen w_h (tổng, không phạt bias)",,25,0.5622989581701594,0.40872625747997204,0.44607669933766986,0.17967106744480257,0.4854440198324011,0.4834839038107714,0,True,0.0071017000009305775,closed_form,,,,16,float64,NVIDIA GeForce RTX 5060 Ti,2.14.0+cu130,0c39bb9363fb,2026-09-30T23:31:00
ETTh2,336,DLinear,MSE,1000.0,"Σr² + λ·Σ_h w_hᵀPen w_h (tổng, không phạt bias)",,25,0.5628101227302874,0.4086878207972916,0.44605309934880005,0.1796540997743844,0.4853507157446713,0.4834563094987538,0,True,0.006786699988879263,closed_form,,,,16,float64,NVIDIA GeForce RTX 5060 Ti,2.14.0+cu130,0c39bb9363fb,2026-09-30T23:31:00
ETTh2,336,DLinear,MSE,1584.89,"Σr² + λ·Σ_h w_hᵀPen w_h (tổng, không phạt bias)",,25,0.563551883402171,0.40870650358079136,0.44607013036671844,0.17966049956505206,0.4852919747429474,0.48346572981851776,0,True,0.03706119999696966,closed_form,,,,16,float64,NVIDIA GeForce RTX 5060 Ti,2.14.0+cu130,0c39bb9363fb,2026-09-30T23:31:01
ETTh2,336,DLinear,MSE,2511.89,"Σr² + λ·Σ_h w_hᵀPen w_h (tổng, không phạt bias)",,25,0.5646043083912944,0.40884172719467216,0.4461682185065809,0.17971500208671043,0.48532286248057194,0.48355319856606516,0,True,0.009872599999653175,closed_form,,,,16,float64,NVIDIA GeForce RTX 5060 Ti,2.14.0+cu130,0c39bb9363fb,2026-09-30T23:31:01
ETTh2,336,DLinear,MSE,3981.07,"Σr² + λ·Σ_h w_hᵀPen w_h (tổng, không phạt bias)",,25,0.566061000917136,0.40917697188874474,0.4464028825928663,0.17985249830185396,0.4855268726102267,0.483779456515507,0,True,0.006709000008413568,closed_form,,,,16,float64,NVIDIA GeForce RTX 5060 Ti,2.14.0+cu130,0c39bb9363fb,2026-09-30T23:31:01
ETTh2,336,DLinear,MSE,6309.57,"Σr² + λ·Σ_h w_hᵀPen w_h (tổng, không phạt bias)",,25,0.5680231179190819,0.40982076195054545,0.4468488332024708,0.18011857221174155,0.486021368260162,0.48422874201531835,0,True,0.007656899993889965,closed_form,,,,16,float64,NVIDIA GeForce RTX 5060 Ti,2.14.0+cu130,0c39bb9363fb,2026-09-30T23:31:02
ETTh2,336,DLinear,MSE,10000.0,"Σr² + λ·Σ_h w_hᵀPen w_h (tổng, không phạt bias)",,25,0.5705904368964986,0.4109016077675479,0.44759111181199507,0.18056761422670908,0.4869559854726395,0.4850062467431626,0,True,0.008012000005692244,closed_form,,,,16,float64,NVIDIA GeForce RTX 5060 Ti,2.14.0+cu130,0c39bb9363fb,2026-09-30T23:31:02
ETTh2,336,DLinear,MSE,15848.9,"Σr² + λ·Σ_h w_hᵀPen w_h (tổng, không phạt bias)",,25,0.5738569348938967,0.4125536815952301,0.4487124593480717,0.1812571203311252,0.48849805919535155,0.48622994732670316,0,True,0.04309079999802634,closed_form,,,,16,float64,NVIDIA GeForce RTX 5060 Ti,2.14.0+cu130,0c39bb9363fb,2026-09-30T23:31:03
ETTh2,336,DLinear,MSE,25118.9,"Σr² + λ·Σ_h w_hᵀPen w_h (tổng, không phạt bias)",,25,0.5779205093767429,0.4149034735842928,0.45029146641307716,0.1822424321570252,0.49081364533313154,0.48802297541994977,0,True,0.006442900004913099,closed_form,,,,16,float64,NVIDIA GeForce RTX 5060 Ti,2.14.0+cu130,0c39bb9363fb,2026-09-30T23:31:03
ETTh2,336,DLinear,MSE,39810.7,"Σr² + λ·Σ_h w_hᵀPen w_h (tổng, không phạt bias)",,25,0.5829070401519374,0.4180816713513883,0.4524066802660259,0.1835821529768853,0.4940712414916693,0.49050839471694024,0,True,0.007704899995587766,closed_form,,,,16,float64,NVIDIA GeForce RTX 5060 Ti,2.14.0+cu130,0c39bb9363fb,2026-09-30T23:31:03
ETTh2,336,DLinear,MSE,63095.7,"Σr² + λ·Σ_h w_hᵀPen w_h (tổng, không phạt bias)",,25,0.5889948927812736,0.4222764605242515,0.45517536132256414,0.18536097761019144,0.4984967181004898,0.49384441366212056,0,True,0.017104500002460554,closed_form,,,,16,float64,NVIDIA GeForce RTX 5060 Ti,2.14.0+cu130,0c39bb9363fb,2026-09-30T23:31:04
ETTh2,336,DLinear,MSE,100000.0,"Σr² + λ·Σ_h w_hᵀPen w_h (tổng, không phạt bias)",,25,0.5964176929614002,0.4278095655747491,0.4588086633856496,0.18772147806414133,0.5044790763970899,0.4982821214104049,0,True,0.010677700003725477,closed_form,,,,16,float64,NVIDIA GeForce RTX 5060 Ti,2.14.0+cu130,0c39bb9363fb,2026-09-30T23:31:04
ETTh2,336,NLinear,MSE,0.0,"Σr² + λ·Σ_h w_hᵀPen w_h (tổng, không phạt bias)",,,0.5975426268829268,0.36113618874869496,0.4150170692322777,0.160480573666398,0.3587892334383011,0.40036572051300734,0,True,0.22521409999171738,closed_form,,,,16,float64,NVIDIA GeForce RTX 5060 Ti,2.14.0+cu130,0c39bb9363fb,2026-09-30T23:31:05
ETTh2,336,NLinear,MSE,0.01,"Σr² + λ·Σ_h w_hᵀPen w_h (tổng, không phạt bias)",,,0.5975426407132888,0.3611361804643001,0.4150170629311691,0.16048057021285167,0.3587892231512047,0.4003657100392362,0,True,0.01813209999818355,closed_form,,,,16,float64,NVIDIA GeForce RTX 5060 Ti,2.14.0+cu130,0c39bb9363fb,2026-09-30T23:31:05
ETTh2,336,NLinear,MSE,0.0158489,"Σr² + λ·Σ_h w_hᵀPen w_h (tổng, không phạt bias)",,,0.5975426488024987,0.361136175618917,0.41501705924580257,0.16048056819293943,0.3587892171344662,0.4003657039132833,0,True,0.006920399988302961,closed_form,,,,16,float64,NVIDIA GeForce RTX 5060 Ti,2.14.0+cu130,0c39bb9363fb,2026-09-30T23:31:05
ETTh2,336,NLinear,MSE,0.0251189,"Σr² + λ·Σ_h w_hᵀPen w_h (tổng, không phạt bias)",,,0.5975426616231507,0.36113616793952025,0.4150170534048714,0.16048056499160251,0.3587892075985797,0.40036569420425383,0,True,0.16849660000298172,closed_form,,,,16,float64,NVIDIA GeForce RTX 5060 Ti,2.14.0+cu130,0c39bb9363fb,2026-09-30T23:31:06
ETTh2,336,NLinear,MSE,0.0398107,"Σr² + λ·Σ_h w_hᵀPen w_h (tổng, không phạt bias)",,,0.5975426819421791,0.36113615576892,0.4150170441479058,0.160480559918004,0.35878919248569113,0.4003656788169395,0,True,0.14062940000439994,closed_form,,,,16,float64,NVIDIA GeForce RTX 5060 Ti,2.14.0+cu130,0c39bb9363fb,2026-09-30T23:31:07
ETTh2,336,NLinear,MSE,0.0630957,"Σr² + λ·Σ_h w_hᵀPen w_h (tổng, không phạt bias)",,,0.5975427141454726,0.3611361364804947,0.4150170294771178,0.16048055187717924,0.3587891685340839,0.4003656544301691,0,True,0.006430199995520525,closed_form,,,,16,float64,NVIDIA GeForce RTX 5060 Ti,2.14.0+cu130,0c39bb9363fb,2026-09-30T23:31:07
ETTh2,336,NLinear,MSE,0.1,"Σr² + λ·Σ_h w_hᵀPen w_h (tổng, không phạt bias)",,,0.5975427651836162,0.36113610591218553,0.41501700622667886,0.16048053913408744,0.35878913057522804,0.4003656157811989,0,True,0.1749085999908857,closed_form,,,,16,float64,NVIDIA GeForce RTX 5060 Ti,2.14.0+cu130,0c39bb9363fb,2026-09-30T23:31:08
ETTh2,336,NLinear,MSE,0.158489,"Σr² + λ·Σ_h w_hᵀPen w_h (tổng, không phạt bias)",,,0.59754284607129,0.36113605746960215,0.4150169693803077,0.16048051893973161,0.358789070419771,0.4003655545317092,0,True,0.007275900003151037,closed_form,,,,16,float64,NVIDIA GeForce RTX 5060 Ti,2.14.0+cu130,0c39bb9363fb,2026-09-30T23:31:08
ETTh2,336,NLinear,MSE,0.251189,"Σr² + λ·Σ_h w_hᵀPen w_h (tổng, không phạt bias)",,,0.5975429742666887,0.36113598070388514,0.41501691099171106,0.16048048693833492,0.3587889750908637,0.40036545747040864,0,True,0.005772499993327074,closed_form,,,,16,float64,NVIDIA GeForce RTX 5060 Ti,2.14.0+cu130,0c39bb9363fb,2026-09-30T23:31:08
ETTh2,336,NLinear,MSE,0.398107,"Σr² + λ·Σ_h w_hᵀPen w_h (tổng, không phạt bias)",,,0.5975431774290397,0.3611358590688342,0.4150168184759849,0.16048043623241776,0.3587888240372165,0.4003653036737355,0,True,0.008535200002370402,closed_form,,,,16,float64,NVIDIA GeForce RTX 5060 Ti,2.14.0+cu130,0c39bb9363fb,2026-09-30T23:31:09
ETTh2,336,NLinear,MSE,0.630957,"Σr² + λ·Σ_h w_hᵀPen w_h (tổng, không phạt bias)",,,0.5975434993918235,0.3611356663627568,0.41501667190335034,0.1604803558996773,0.3587885847100874,0.40036505998613925,0,True,0.007240599996293895,closed_form,,,,16,float64,NVIDIA GeForce RTX 5060 Ti,2.14.0+cu130,0c39bb9363fb,2026-09-30T23:31:09
ETTh2,336,NLinear,MSE,1.0,"Σr² + λ·Σ_h w_hᵀPen w_h (tổng, không phạt bias)",,,0.5975440095970921,0.36113536112703476,0.4150164397327425,0.16048022865834694,0.358788205595934,0.40036467392233116,0,True,0.006256500011659227,closed_form,,,,16,float64,NVIDIA GeForce RTX 5060 Ti,2.14.0+cu130,0c39bb9363fb,2026-09-30T23:31:10
ETTh2,336,NLinear,MSE,1.58489,"Σr² + λ·Σ_h w_hᵀPen w_h (tổng, không phạt bias)",,,0.5975448180314993,0.36113487782418074,0.4150160721765147,0.1604800271906898,0.3587876052322129,0.40036406251685613,0,True,0.009373300010338426,closed_form,,,,16,float64,NVIDIA GeForce RTX 5060 Ti,2.14.0+cu130,0c39bb9363fb,2026-09-30T23:31:10
ETTh2,336,NLinear,MSE,2.51189,"Σr² + λ·Σ_h w_hᵀPen w_h (tổng, không phạt bias)",,,0.5975460988750891,0.36113411298486725,0.41501549055932413,0.160479708370892,0.3587866549313137,0.4003630946435045,0,True,0.06327829998917878,closed_form,,,,16,float64,NVIDIA GeForce RTX 5060 Ti,2.14.0+cu130,0c39bb9363fb,2026-09-30T23:31:10
ETTh2,336,NLinear,MSE,3.98107,"Σr² + λ·Σ_h w_hᵀPen w_h (tổng, không phạt bias)",,,0.5975481277122484,0.36113290370056655,0.4150145709780159,0.16047920430630758,0.3587851518882206,0.40036156357184166,0,True,0.007747900002868846,closed_form,,,,16,float64,NVIDIA GeForce RTX 5060 Ti,2.14.0+cu130,0c39bb9363fb,2026-09-30T23:31:11
ETTh2,336,NLinear,MSE,6.30957,"Σr² + λ·Σ_h w_hᵀPen w_h (tổng, không phạt bias)",,,0.5975513403522008,0.3611309943423439,0.4150131192485805,0.16047840848115996,0.35878277738992076,0.4003591451027679,0,True,0.0076659000042127445,closed_form,,,,16,float64,NVIDIA GeForce RTX 5060 Ti,2.14.0+cu130,0c39bb9363fb,2026-09-30T23:31:11
ETTh2,336,NLinear,MSE,10.0,"Σr² + λ·Σ_h w_hᵀPen w_h (tổng, không phạt bias)",,,0.5975564248962111,0.36112798626600673,0.41501083292690866,0.16047715483428338,0.35877903320796156,0.4003553305965433,0,True,0.006825999997090548,closed_form,,,,16,float64,NVIDIA GeForce RTX 5060 Ti,2.14.0+cu130,0c39bb9363fb,2026-09-30T23:31:12
ETTh2,336,NLinear,MSE,15.8489,"Σr² + λ·Σ_h w_hᵀPen w_h (tổng, không phạt bias)",,,0.5975644654352941,0.3611232637316182,0.4150072438145879,0.16047518698718888,0.3587731467534677,0.4003493316554592,0,True,0.007100000002537854,closed_form,,,,16,float64,NVIDIA GeForce RTX 5060 Ti,2.14.0+cu130,0c39bb9363fb,2026-09-30T23:31:12
ETTh2,336,NLinear,MSE,25.1189,"Σr² + λ·Σ_h w_hᵀPen w_h (tổng, không phạt bias)",,,0.5975771645236793,0.36111589001344857,0.4150016418241092,0.1604721152073873,0.3587639350640627,0.40033993629968684,0,True,0.00771169998915866,closed_form,,,,16,float64,NVIDIA GeForce RTX 5060 Ti,2.14.0+cu130,0c39bb9363fb,2026-09-30T23:31:12
ETTh2,336,NLinear,MSE,39.8107,"Σr² + λ·Σ_h w_hᵀPen w_h (tổng, không phạt bias)",,,0.5975971809193389,0.3611044759215716,0.41499297956919784,0.16046736226521927,0.3587496245855472,0.40032532548979016,0,True,0.00958379999792669,closed_form,,,,16,float64,NVIDIA GeForce RTX 5060 Ti,2.14.0+cu130,0c39bb9363fb,2026-09-30T23:31:13
ETTh2,336,NLinear,MSE,63.0957,"Σr² + λ·Σ_h w_hᵀPen w_h (tổng, không phạt bias)",,,0.5976286345717854,0.3610870443090338,0.41497976803051434,0.16046010855944703,0.3587276427396638,0.4003028526585312,0,True,0.006991999995079823,closed_form,,,,16,float64,NVIDIA GeForce RTX 5060 Ti,2.14.0+cu130,0c39bb9363fb,2026-09-30T23:31:13
ETTh2,336,NLinear,MSE,100.0,"Σr² + λ·Σ_h w_hᵀPen w_h (tổng, không phạt bias)",,,0.5976778299774241,0.36106097645848884,0.41496006878208197,0.1604492735531267,0.3586944592448786,0.4002688504114596,0,True,0.006551400001626462,closed_form,,,,16,float64,NVIDIA GeForce RTX 5060 Ti,2.14.0+cu130,0c39bb9363fb,2026-09-30T23:31:14
ETTh2,336,NLinear,MSE,158.489,"Σr² + λ·Σ_h w_hᵀPen w_h (tổng, không phạt bias)",,,0.5977542395415696,0.36102323998449026,0.4149317021162942,0.16043361934941594,0.35864566844773466,0.400218694574498,0,True,0.006960900005651638,closed_form,,,,16,float64,NVIDIA GeForce RTX 5060 Ti,2.14.0+cu130,0c39bb9363fb,2026-09-30T23:31:14
ETTh2,336,NLinear,MSE,251.189,"Σr² + λ·Σ_h w_hᵀPen w_h (tổng, không phạt bias)",,,0.5978717316774281,0.3609712703293146,0.41489292178969983,0.1604121364971762,0.3585766791979426,0.4001473319681357,0,True,0.006931600000825711,closed_form,,,,16,float64,NVIDIA GeForce RTX 5060 Ti,2.14.0+cu130,0c39bb9363fb,2026-09-30T23:31:14
ETTh2,336,NLinear,MSE,398.107,"Σr² + λ·Σ_h w_hᵀPen w_h (tổng, không phạt bias)",,,0.598049896919238,0.36090499789469643,0.41484403077452997,0.16038492489686768,0.35848450695949835,0.4000509170359665,0,True,0.006176599999889731,closed_form,,,,16,float64,NVIDIA GeForce RTX 5060 Ti,2.14.0+cu130,0c39bb9363fb,2026-09-30T23:31:15
ETTh2,336,NLinear,MSE,630.957,"Σr² + λ·Σ_h w_hᵀPen w_h (tổng, không phạt bias)",,,0.5983152230948873,0.36083023424498845,0.4147901700542062,0.1603546661323231,0.3583708941457004,0.39992950673478656,0,True,0.04688809999788646,closed_form,,,,16,float64,NVIDIA GeForce RTX 5060 Ti,2.14.0+cu130,0c39bb9363fb,2026-09-30T23:31:15
ETTh2,336,NLinear,MSE,1000.0,"Σr² + λ·Σ_h w_hᵀPen w_h (tổng, không phạt bias)",,,0.5987017642220774,0.36076271840589147,0.4147443698237361,0.1603283924703497,0.3582461447513468,0.3997904006992895,0,True,0.00774660000752192,closed_form,,,,16,float64,NVIDIA GeForce RTX 5060 Ti,2.14.0+cu130,0c39bb9363fb,2026-09-30T23:31:16
ETTh2,336,NLinear,MSE,1584.89,"Σr² + λ·Σ_h w_hᵀPen w_h (tổng, không phạt bias)",,,0.599251128210629,0.3607309782491979,0.4147296226636917,0.16031875181037064,0.3581320953829407,0.3996501119917775,0,True,0.08612729999003932,closed_form,,,,16,float64,NVIDIA GeForce RTX 5060 Ti,2.14.0+cu130,0c39bb9363fb,2026-09-30T23:31:16
ETTh2,336,NLinear,MSE,2511.89,"Σr² + λ·Σ_h w_hᵀPen w_h (tổng, không phạt bias)",,,0.6000116952533813,0.3607764282742908,0.4147772854286859,0.1603440602240314,0.35806316075829053,0.39953470794510726,0,True,0.006971599999815226,closed_form,,,,16,float64,NVIDIA GeForce RTX 5060 Ti,2.14.0+cu130,0c39bb9363fb,2026-09-30T23:31:16
ETTh2,336,NLinear,MSE,3981.07,"Σr² + λ·Σ_h w_hᵀPen w_h (tổng, không phạt bias)",,,0.6010365678091093,0.36095111231435884,0.4149261337333779,0.16042728895354036,0.35808627103101864,0.39947846947858895,0,True,0.12466560000029858,closed_form,,,,16,float64,NVIDIA GeForce RTX 5060 Ti,2.14.0+cu130,0c39bb9363fb,2026-09-30T23:31:17
ETTh2,336,NLinear,MSE,6309.57,"Σr² + λ·Σ_h w_hᵀPen w_h (tổng, không phạt bias)",,,0.602379806548553,0.3613141935970871,0.41521978094803746,0.16059452648620193,0.35826050791017555,0.39952481760418285,0,True,0.007937200003652833,closed_form,,,,16,float64,NVIDIA GeForce RTX 5060 Ti,2.14.0+cu130,0c39bb9363fb,2026-09-30T23:31:17
ETTh2,336,NLinear,MSE,10000.0,"Σr² + λ·Σ_h w_hᵀPen w_h (tổng, không phạt bias)",,,0.6040917376577982,0.3619252502421049,0.41570105509763083,0.16087219361923227,0.35865389884192,0.3997258458597615,0,True,0.006974899995839223,closed_form,,,,16,float64,NVIDIA GeForce RTX 5060 Ti,2.14.0+cu130,0c39bb9363fb,2026-09-30T23:31:18
ETTh2,336,NLinear,MSE,15848.9,"Σr² + λ·Σ_h w_hᵀPen w_h (tổng, không phạt bias)",,,0.6062181242215403,0.36283121355078524,0.41640672611941665,0.16128177380817166,0.35933327426912687,0.40013712259890927,0,True,0.01323900000716094,closed_form,,,,16,float64,NVIDIA GeForce RTX 5060 Ti,2.14.0+cu130,0c39bb9363fb,2026-09-30T23:31:18
ETTh2,336,NLinear,MSE,25118.9,"Σr² + λ·Σ_h w_hᵀPen w_h (tổng, không phạt bias)",,,0.6088091148641102,0.364053004974176,0.41736010659702416,0.16183466591997317,0.3603502364191385,0.40080918511159597,0,True,0.04629949999798555,closed_form,,,,16,float64,NVIDIA GeForce RTX 5060 Ti,2.14.0+cu130,0c39bb9363fb,2026-09-30T23:31:19
ETTh2,336,NLinear,MSE,39810.7,"Σr² + λ·Σ_h w_hᵀPen w_h (tổng, không phạt bias)",,,0.6119367746738388,0.3655901177279366,0.4185746144938322,0.16253482105645395,0.36173801362875174,0.4017825123403585,0,True,0.010001900009228848,closed_form,,,,16,float64,NVIDIA GeForce RTX 5060 Ti,2.14.0+cu130,0c39bb9363fb,2026-09-30T23:31:19
ETTh2,336,NLinear,MSE,63095.7,"Σr² + λ·Σ_h w_hᵀPen w_h (tổng, không phạt bias)",,,0.6157094003124552,0.3674550486539791,0.4200791641551491,0.1633940891224022,0.36353554104392943,0.40310202547124874,0,True,0.016508299988345243,closed_form,,,,16,float64,NVIDIA GeForce RTX 5060 Ti,2.14.0+cu130,0c39bb9363fb,2026-09-30T23:31:19
ETTh2,336,NLinear,MSE,100000.0,"Σr² + λ·Σ_h w_hᵀPen w_h (tổng, không phạt bias)",,,0.6202658356543459,0.36971744778126925,0.421945773636554,0.16445114563253566,0.3658325669210182,0.4048427287967735,0,True,0.006624600006034598,closed_form,,,,16,float64,NVIDIA GeForce RTX 5060 Ti,2.14.0+cu130,0c39bb9363fb,2026-09-30T23:31:20
ETTh2,336,Linear,MAE,0.0,"Σ|r| + λ·Σ_h w_hᵀPen w_h (irls δ = 1e-6, tổng, không phạt bias)",1e-06,,0.431251252518255,0.37384982283032375,0.416163035708552,0.16311620352465342,0.41161767788647063,0.4301407207570657,453,True,243.61860770000203,ols,,3e-11,1,16,float32,NVIDIA GeForce RTX 5060 Ti,2.14.0+cu130,0c39bb9363fb,2026-09-30T23:35:24
ETTh2,336,Linear,MAE,1.0,"Σ|r| + λ·Σ_h w_hᵀPen w_h (irls δ = 1e-6, tổng, không phạt bias)",1e-06,,0.43125348789025575,0.3738497916886304,0.41616301028988134,0.16311618968367742,0.41161764722448746,0.4301406945189233,1,True,0.5864163999940502,warm,,1e-10,1,16,float32,NVIDIA GeForce RTX 5060 Ti,2.14.0+cu130,0c39bb9363fb,2026-09-30T23:35:26
ETTh2,336,Linear,MAE,3.0,"Σ|r| + λ·Σ_h w_hᵀPen w_h (irls δ = 1e-6, tổng, không phạt bias)",1e-06,,0.43125795667353534,0.37384829913396195,0.4161618106356579,0.1631155352411078,0.41161605541386426,0.43013945345531723,39,True,21.012249799998244,warm,,1e-10,1,16,float32,NVIDIA GeForce RTX 5060 Ti,2.14.0+cu130,0c39bb9363fb,2026-09-30T23:35:47
ETTh2,336,Linear,MAE,10.0,"Σ|r| + λ·Σ_h w_hᵀPen w_h (irls δ = 1e-6, tổng, không phạt bias)",1e-06,,0.43127354356203856,0.3738343487556259,0.4161512003536223,0.16310958867529124,0.4115985222013505,0.43012767686728093,219,True,117.85446279999451,warm,,1e-10,1,16,float32,NVIDIA GeForce RTX 5060 Ti,2.14.0+cu130,0c39bb9363fb,2026-09-30T23:37:46
ETTh2,336,Linear,MAE,30.0,"Σ|r| + λ·Σ_h w_hᵀPen w_h (irls δ = 1e-6, tổng, không phạt bias)",1e-06,,0.43131772363005905,0.37380766678321625,0.4161309517830321,0.16309847298410254,0.41155893120614195,0.43010374787326133,258,True,138.79664080000657,warm,,1e-10,1,16,float32,NVIDIA GeForce RTX 5060 Ti,2.14.0+cu130,0c39bb9363fb,2026-09-30T23:40:05
ETTh2,336,Linear,MAE,100.0,"Σ|r| + λ·Σ_h w_hᵀPen w_h (irls δ = 1e-6, tổng, không phạt bias)",1e-06,,0.431468480870298,0.3737311494315197,0.4160739355031334,0.163066798237603,0.4114370754587623,0.43003486506247307,241,True,129.7318712999986,warm,,1e-10,1,16,float32,NVIDIA GeForce RTX 5060 Ti,2.14.0+cu130,0c39bb9363fb,2026-09-30T23:42:15
ETTh2,336,Linear,MAE,300.0,"Σ|r| + λ·Σ_h w_hᵀPen w_h (irls δ = 1e-6, tổng, không phạt bias)",1e-06,,0.4318708203729767,0.3735641993712502,0.41594965519269084,0.16299723657026347,0.4111471740807121,0.42986881306911956,187,True,100.75274280000303,warm,,1e-10,1,16,float32,NVIDIA GeForce RTX 5060 Ti,2.14.0+cu130,0c39bb9363fb,2026-09-30T23:43:57
ETTh2,336,Linear,MAE,1000.0,"Σ|r| + λ·Σ_h w_hᵀPen w_h (irls δ = 1e-6, tổng, không phạt bias)",1e-06,,0.43306027485684806,0.37338712407674474,0.41583231058634806,0.1629268694056719,0.41055934514096715,0.4296004533770731,142,True,76.61870710000221,warm,,1e-10,1,16,float32,NVIDIA GeForce RTX 5060 Ti,2.14.0+cu130,0c39bb9363fb,2026-09-30T23:45:14
ETTh2,336,Linear,MAE,3000.0,"Σ|r| + λ·Σ_h w_hᵀPen w_h (irls δ = 1e-6, tổng, không phạt bias)",1e-06,,0.43557030084139836,0.3738709326464092,0.4162504807357926,0.1631418872340083,0.4099927727540989,0.4295381955442635,120,True,64.8142821000074,warm,,1e-10,1,16,float32,NVIDIA GeForce RTX 5060 Ti,2.14.0+cu130,0c39bb9363fb,2026-09-30T23:46:19
ETTh2,336,Linear,MAE,10000.0,"Σ|r| + λ·Σ_h w_hᵀPen w_h (irls δ = 1e-6, tổng, không phạt bias)",1e-06,,0.44105169051732074,0.37670731887721565,0.4185631303558744,0.1643784561570854,0.4098286487657476,0.4303142303486889,110,True,59.37226469999587,warm,,1e-10,1,16,float32,NVIDIA GeForce RTX 5060 Ti,2.14.0+cu130,0c39bb9363fb,2026-09-30T23:47:19
ETTh2,336,DLinear,MAE,0.0,"Σ|r| + λ·Σ_h w_hᵀPen w_h (irls δ = 1e-6, tổng, không phạt bias)",1e-06,25,0.431251252518255,0.37384982283032375,0.416163035708552,0.16311620352465342,0.41161767788647063,0.4301407207570657,453,True,0,ols,Linear,3e-11,1,16,float32,NVIDIA GeForce RTX 5060 Ti,2.14.0+cu130,0c39bb9363fb,2026-09-30T23:47:19
ETTh2,336,DLinear,MAE,1.0,"Σ|r| + λ·Σ_h w_hᵀPen w_h (irls δ = 1e-6, tổng, không phạt bias)",1e-06,25,0.4312533668058941,0.373849791646935,0.41616301063755823,0.16311618973172867,0.41161764698569236,0.43014069463514676,1,True,0.5894571999961045,warm,,1e-10,1,16,float32,NVIDIA GeForce RTX 5060 Ti,2.14.0+cu130,0c39bb9363fb,2026-09-30T23:47:20
ETTh2,336,DLinear,MAE,3.0,"Σ|r| + λ·Σ_h w_hᵀPen w_h (irls δ = 1e-6, tổng, không phạt bias)",1e-06,25,0.43125759418735865,0.37384883495391696,0.4161622587276939,0.163115773053922,0.41161660272581535,0.4301398989607586,25,True,13.491110499991919,warm,,1e-10,1,16,float32,NVIDIA GeForce RTX 5060 Ti,2.14.0+cu130,0c39bb9363fb,2026-09-30T23:47:34
ETTh2,336,DLinear,MAE,10.0,"Σ|r| + λ·Σ_h w_hᵀPen w_h (irls δ = 1e-6, tổng, không phạt bias)",1e-06,25,0.4312723393148331,0.3738345322862688,0.4161516376873963,0.16310974123594352,0.41159819570456474,0.43012762361358875,213,True,117.44573569999193,warm,,1e-10,1,16,float32,NVIDIA GeForce RTX 5060 Ti,2.14.0+cu130,0c39bb9363fb,2026-09-30T23:49:32
ETTh2,336,DLinear,MAE,30.0,"Σ|r| + λ·Σ_h w_hᵀPen w_h (irls δ = 1e-6, tổng, không phạt bias)",1e-06,25,0.4313141511197209,0.37380726144834664,0.416131696052069,0.16309850561655173,0.41155898077999803,0.4301034971020497,257,True,187.01818890000868,warm,,1e-10,1,16,float32,NVIDIA GeForce RTX 5060 Ti,2.14.0+cu130,0c39bb9363fb,2026-09-30T23:52:40
ETTh2,336,DLinear,MAE,100.0,"Σ|r| + λ·Σ_h w_hᵀPen w_h (irls δ = 1e-6, tổng, không phạt bias)",1e-06,25,0.4314569914040203,0.37373164814955667,0.4160778942764103,0.16306739610471896,0.41144483074458565,0.4300392690687896,240,True,234.5102893000003,warm,,1e-10,1,16,float32,NVIDIA GeForce RTX 5060 Ti,2.14.0+cu130,0c39bb9363fb,2026-09-30T23:56:36
ETTh2,336,DLinear,MAE,300.0,"Σ|r| + λ·Σ_h w_hᵀPen w_h (irls δ = 1e-6, tổng, không phạt bias)",1e-06,25,0.43183966666659435,0.37356858925328934,0.4159600270610127,0.1630002021456687,0.4111654421192803,0.4298818858578536,187,True,272.51748640000005,warm,,1e-10,1,16,float32,NVIDIA GeForce RTX 5060 Ti,2.14.0+cu130,0c39bb9363fb,2026-10-01T00:01:10
ETTh2,336,DLinear,MAE,1000.0,"Σ|r| + λ·Σ_h w_hᵀPen w_h (irls δ = 1e-6, tổng, không phạt bias)",1e-06,25,0.432982670672839,0.3733787766509203,0.41583937048948133,0.16292443322256145,0.4105823974993625,0.4296097953247775,140,True,205.63546269999642,warm,,1e-10,1,16,float32,NVIDIA GeForce RTX 5060 Ti,2.14.0+cu130,0c39bb9363fb,2026-10-01T00:04:36
ETTh2,336,DLinear,MAE,3000.0,"Σ|r| + λ·Σ_h w_hᵀPen w_h (irls δ = 1e-6, tổng, không phạt bias)",1e-06,25,0.43544366019091935,0.37379798051058927,0.41621046017046376,0.16311163756068417,0.40991545911125654,0.4294738073136108,118,True,180.30114279998816,warm,,1e-10,1,16,float32,NVIDIA GeForce RTX 5060 Ti,2.14.0+cu130,0c39bb9363fb,2026-10-01T00:07:38
ETTh2,336,DLinear,MAE,10000.0,"Σ|r| + λ·Σ_h w_hᵀPen w_h (irls δ = 1e-6, tổng, không phạt bias)",1e-06,25,0.44091256836933973,0.37658917405992104,0.41846230330818496,0.1643222514430025,0.409739268881075,0.43023962852462394,113,True,177.49584029999096,warm,,1e-10,1,16,float32,NVIDIA GeForce RTX 5060 Ti,2.14.0+cu130,0c39bb9363fb,2026-10-01T00:10:36
ETTh2,336,NLinear,MAE,0.0,"Σ|r| + λ·Σ_h w_hᵀPen w_h (irls δ = 1e-6, tổng, không phạt bias)",1e-06,,0.43688917237010294,0.35689445367461414,0.40451923898627024,0.15678945787763876,0.37788942779022183,0.4038918645348032,445,True,458.83149270000285,ols,,3e-11,1,16,float32,NVIDIA GeForce RTX 5060 Ti,2.14.0+cu130,0c39bb9363fb,2026-10-01T00:18:16
ETTh2,336,NLinear,MAE,1.0,"Σ|r| + λ·Σ_h w_hᵀPen w_h (irls δ = 1e-6, tổng, không phạt bias)",1e-06,,0.43689099553931005,0.3568944314091716,0.40451921703464916,0.15678944714688783,0.37788943804171093,0.40389186058393894,1,True,0.7264863000018522,warm,,1e-10,1,16,float32,NVIDIA GeForce RTX 5060 Ti,2.14.0+cu130,0c39bb9363fb,2026-10-01T00:18:17
ETTh2,336,NLinear,MAE,3.0,"Σ|r| + λ·Σ_h w_hᵀPen w_h (irls δ = 1e-6, tổng, không phạt bias)",1e-06,,0.4368946409251264,0.3568937696890396,0.4045186004967439,0.15678913936226962,0.37788942251593083,0.4038915779200888,20,True,13.293635300011374,warm,,1e-10,1,16,float32,NVIDIA GeForce RTX 5060 Ti,2.14.0+cu130,0c39bb9363fb,2026-10-01T00:18:31
ETTh2,336,NLinear,MAE,10.0,"Σ|r| + λ·Σ_h w_hᵀPen w_h (irls δ = 1e-6, tổng, không phạt bias)",1e-06,,0.436907348744496,0.3568782136485317,0.40450542351830965,0.15678234384091472,0.37787747555733253,0.4038786273646926,209,True,137.12148909999814,warm,,1e-10,1,16,float32,NVIDIA GeForce RTX 5060 Ti,2.14.0+cu130,0c39bb9363fb,2026-10-01T00:20:49
ETTh2,336,NLinear,MAE,30.0,"Σ|r| + λ·Σ_h w_hᵀPen w_h (irls δ = 1e-6, tổng, không phạt bias)",1e-06,,0.436943328942923,0.35684084697739316,0.4044758909078976,0.15676670959612055,0.377831785235488,0.4038369411464523,251,True,135.1364758000127,warm,,1e-10,1,16,float32,NVIDIA GeForce RTX 5060 Ti,2.14.0+cu130,0c39bb9363fb,2026-10-01T00:44:16
ETTh2,336,NLinear,MAE,100.0,"Σ|r| + λ·Σ_h w_hᵀPen w_h (irls δ = 1e-6, tổng, không phạt bias)",1e-06,,0.43706574301586576,0.35672289409058255,0.40438224773643044,0.1567176670342604,0.3776922587434488,0.40370755941189,238,True,128.52673630000209,warm,,1e-10,1,16,float32,NVIDIA GeForce RTX 5060 Ti,2.14.0+cu130,0c39bb9363fb,2026-10-01T00:46:25
ETTh2,336,NLinear,MAE,300.0,"Σ|r| + λ·Σ_h w_hᵀPen w_h (irls δ = 1e-6, tổng, không phạt bias)",1e-06,,0.43738973590411806,0.35647539009458623,0.40419414478092663,0.15661661109540098,0.37735128970977555,0.40340361078962633,185,True,99.9989559000096,warm,,1e-10,1,16,float32,NVIDIA GeForce RTX 5060 Ti,2.14.0+cu130,0c39bb9363fb,2026-10-01T00:48:06
ETTh2,336,NLinear,MAE,1000.0,"Σ|r| + λ·Σ_h w_hᵀPen w_h (irls δ = 1e-6, tổng, không phạt bias)",1e-06,,0.43832987721147587,0.3560823943395925,0.4039128967851937,0.1564602343740621,0.37667110268275583,0.4028183101424203,138,True,74.67823570000473,warm,,1e-10,1,16,float32,NVIDIA GeForce RTX 5060 Ti,2.14.0+cu130,0c39bb9363fb,2026-10-01T00:49:21
ETTh2,336,NLinear,MAE,3000.0,"Σ|r| + λ·Σ_h w_hᵀPen w_h (irls δ = 1e-6, tổng, không phạt bias)",1e-06,,0.4402587824221572,0.35607969491745184,0.4040085038849464,0.15648747063896687,0.3759636545056213,0.4022790043084075,115,True,62.2932015999977,warm,,1e-10,1,16,float32,NVIDIA GeForce RTX 5060 Ti,2.14.0+cu130,0c39bb9363fb,2026-10-01T00:50:24
ETTh2,336,NLinear,MAE,10000.0,"Σ|r| + λ·Σ_h w_hᵀPen w_h (irls δ = 1e-6, tổng, không phạt bias)",1e-06,,0.44429383756227525,0.35754892225886253,0.4054476593875982,0.1571940805178364,0.3756287997363861,0.4022655503304728,99,True,53.638332199989236,warm,,1e-10,1,16,float32,NVIDIA GeForce RTX 5060 Ti,2.14.0+cu130,0c39bb9363fb,2026-10-01T00:51:19
ETTh2,336,Linear,Huber,0.0,"Σρ_δ(r)/δ + λ·Σ_h w_hᵀPen w_h, δ = 1, ρ = r²/2 trong ngưỡng (tổng, không phạt bias)",1.0,,0.19831478621646478,0.3843520238104399,0.42705928565939083,0.1683506385627343,0.4406502898404397,0.453147331929125,9,True,4.942334600011236,ols,,1e-09,1,16,float32,NVIDIA GeForce RTX 5060 Ti,2.14.0+cu130,0c39bb9363fb,2026-10-01T00:51:24
ETTh2,336,Linear,Huber,1.0,"Σρ_δ(r)/δ + λ·Σ_h w_hᵀPen w_h, δ = 1, ρ = r²/2 trong ngưỡng (tổng, không phạt bias)",1.0,,0.19831679573037045,0.3843488236671539,0.42705711622310555,0.16834929209096758,0.4406477523990436,0.45314580372818747,2,True,1.1399358000053326,warm,,1e-09,1,16,float32,NVIDIA GeForce RTX 5060 Ti,2.14.0+cu130,0c39bb9363fb,2026-10-01T00:51:26
ETTh2,336,Linear,Huber,3.0,"Σρ_δ(r)/δ + λ·Σ_h w_hᵀPen w_h, δ = 1, ρ = r²/2 trong ngưỡng (tổng, không phạt bias)",1.0,,0.19832080859573295,0.384344426723889,0.427053965317855,0.16834743140927327,0.4406418047117612,0.4531426400154812,2,True,1.1365513000055216,warm,,1e-09,1,16,float32,NVIDIA GeForce RTX 5060 Ti,2.14.0+cu130,0c39bb9363fb,2026-10-01T00:51:28
ETTh2,336,Linear,Huber,10.0,"Σρ_δ(r)/δ + λ·Σ_h w_hᵀPen w_h, δ = 1, ρ = r²/2 trong ngưỡng (tổng, không phạt bias)",1.0,,0.19833478887072106,0.3843299538613549,0.4270434757668792,0.1683412922979242,0.44062063996001327,0.4531315390136599,3,True,1.6828895000071498,warm,,1e-09,1,16,float32,NVIDIA GeForce RTX 5060 Ti,2.14.0+cu130,0c39bb9363fb,2026-10-01T00:51:30
ETTh2,336,Linear,Huber,30.0,"Σρ_δ(r)/δ + λ·Σ_h w_hᵀPen w_h, δ = 1, ρ = r²/2 trong ngưỡng (tổng, không phạt bias)",1.0,,0.19837419542144683,0.38429173517416226,0.4270158101824023,0.16832506302424322,0.44056333816689075,0.45310181140035266,4,True,2.22356120000768,warm,,1e-09,1,16,float32,NVIDIA GeForce RTX 5060 Ti,2.14.0+cu130,0c39bb9363fb,2026-10-01T00:51:33
ETTh2,336,Linear,Huber,100.0,"Σρ_δ(r)/δ + λ·Σ_h w_hᵀPen w_h, δ = 1, ρ = r²/2 trong ngưỡng (tổng, không phạt bias)",1.0,,0.19850646134346173,0.3841858396476057,0.42693964735898593,0.16828000800417917,0.4403939740154338,0.4530169732298331,5,True,2.765578699996695,warm,,1e-09,1,16,float32,NVIDIA GeForce RTX 5060 Ti,2.14.0+cu130,0c39bb9363fb,2026-10-01T00:51:36
ETTh2,336,Linear,Huber,300.0,"Σρ_δ(r)/δ + λ·Σ_h w_hᵀPen w_h, δ = 1, ρ = r²/2 trong ngưỡng (tổng, không phạt bias)",1.0,,0.19884686370548504,0.38403653585191955,0.42683572368636025,0.16821617006595999,0.4400836368314764,0.45288178302295207,5,True,2.7665774000051897,warm,,1e-09,1,16,float32,NVIDIA GeForce RTX 5060 Ti,2.14.0+cu130,0c39bb9363fb,2026-10-01T00:51:39
ETTh2,336,Linear,Huber,1000.0,"Σρ_δ(r)/δ + λ·Σ_h w_hᵀPen w_h, δ = 1, ρ = r²/2 trong ngưỡng (tổng, không phạt bias)",1.0,,0.19979261420903954,0.38417571637483244,0.42696460167050276,0.16827465772510272,0.439771069890191,0.4528851906252666,6,True,3.310688099998515,warm,,1e-09,1,16,float32,NVIDIA GeForce RTX 5060 Ti,2.14.0+cu130,0c39bb9363fb,2026-10-01T00:51:43
ETTh2,336,Linear,Huber,3000.0,"Σρ_δ(r)/δ + λ·Σ_h w_hᵀPen w_h, δ = 1, ρ = r²/2 trong ngưỡng (tổng, không phạt bias)",1.0,,0.20165468876899187,0.3855686244020189,0.42804927828321115,0.1688669730746832,0.4402622813105889,0.4536713941824663,7,True,3.8518941000074847,warm,,1e-09,1,16,float32,NVIDIA GeForce RTX 5060 Ti,2.14.0+cu130,0c39bb9363fb,2026-10-01T00:51:48
ETTh2,336,Linear,Huber,10000.0,"Σρ_δ(r)/δ + λ·Σ_h w_hᵀPen w_h, δ = 1, ρ = r²/2 trong ngưỡng (tổng, không phạt bias)",1.0,,0.205465933826052,0.3904014532040161,0.43163537599022095,0.1709232788517187,0.4433182184046916,0.4567333580243784,8,True,4.391950200006249,warm,,1e-09,1,16,float32,NVIDIA GeForce RTX 5060 Ti,2.14.0+cu130,0c39bb9363fb,2026-10-01T00:51:53
ETTh2,336,DLinear,Huber,0.0,"Σρ_δ(r)/δ + λ·Σ_h w_hᵀPen w_h, δ = 1, ρ = r²/2 trong ngưỡng (tổng, không phạt bias)",1.0,25,0.19831478621646478,0.3843520238104399,0.42705928565939083,0.1683506385627343,0.4406502898404397,0.453147331929125,9,True,0,ols,Linear,1e-09,1,16,float32,NVIDIA GeForce RTX 5060 Ti,2.14.0+cu130,0c39bb9363fb,2026-10-01T00:51:53
ETTh2,336,DLinear,Huber,1.0,"Σρ_δ(r)/δ + λ·Σ_h w_hᵀPen w_h, δ = 1, ρ = r²/2 trong ngưỡng (tổng, không phạt bias)",1.0,25,0.1983166147959909,0.3843490012304951,0.4270573084566167,0.16834937892032356,0.44064802420357724,0.4531459585205245,2,True,1.1361813999974402,warm,,1e-09,1,16,float32,NVIDIA GeForce RTX 5060 Ti,2.14.0+cu130,0c39bb9363fb,2026-10-01T00:51:55
ETTh2,336,DLinear,Huber,3.0,"Σρ_δ(r)/δ + λ·Σ_h w_hᵀPen w_h, δ = 1, ρ = r²/2 trong ngưỡng (tổng, không phạt bias)",1.0,25,0.19832026700064076,0.3843449591261182,0.42705454511707297,0.16834769231444094,0.4406426304056918,0.4531431123433942,2,True,1.1348431000078563,warm,,1e-09,1,16,float32,NVIDIA GeForce RTX 5060 Ti,2.14.0+cu130,0c39bb9363fb,2026-10-01T00:51:56
ETTh2,336,DLinear,Huber,10.0,"Σρ_δ(r)/δ + λ·Σ_h w_hᵀPen w_h, δ = 1, ρ = r²/2 trong ngưỡng (tổng, không phạt bias)",1.0,25,0.19833299751314323,0.38433170348107937,0.4270453990918868,0.1683421533018849,0.4406234175543177,0.45313312931767774,3,True,1.6811156999901868,warm,,1e-09,1,16,float32,NVIDIA GeForce RTX 5060 Ti,2.14.0+cu130,0c39bb9363fb,2026-10-01T00:51:59
ETTh2,336,DLinear,Huber,30.0,"Σρ_δ(r)/δ + λ·Σ_h w_hᵀPen w_h, δ = 1, ρ = r²/2 trong ngưỡng (tổng, không phạt bias)",1.0,25,0.19836893750203882,0.384296599016219,0.4270212274456937,0.1683274715958277,0.440571251392965,0.453106308858942,4,True,2.221353300003102,warm,,1e-09,1,16,float32,NVIDIA GeForce RTX 5060 Ti,2.14.0+cu130,0c39bb9363fb,2026-10-01T00:52:02
ETTh2,336,DLinear,Huber,100.0,"Σρ_δ(r)/δ + λ·Σ_h w_hᵀPen w_h, δ = 1, ρ = r²/2 trong ngưỡng (tổng, không phạt bias)",1.0,25,0.19849016853368825,0.38419786592846417,0.42695394314231544,0.16828612828139214,0.4404159284615534,0.4530289032222927,4,True,2.2175464000029024,warm,,1e-09,1,16,float32,NVIDIA GeForce RTX 5060 Ti,2.14.0+cu130,0c39bb9363fb,2026-10-01T00:52:04
ETTh2,336,DLinear,Huber,300.0,"Σρ_δ(r)/δ + λ·Σ_h w_hᵀPen w_h, δ = 1, ρ = r²/2 trong ngưỡng (tổng, không phạt bias)",1.0,25,0.19880625326781765,0.38405232531866895,0.4268581042343535,0.16822494151867828,0.4401214944602725,0.4528989836259995,5,True,2.761713800005964,warm,,1e-09,1,16,float32,NVIDIA GeForce RTX 5060 Ti,2.14.0+cu130,0c39bb9363fb,2026-10-01T00:52:08
ETTh2,336,DLinear,Huber,1000.0,"Σρ_δ(r)/δ + λ·Σ_h w_hᵀPen w_h, δ = 1, ρ = r²/2 trong ngưỡng (tổng, không phạt bias)",1.0,25,0.19971011651341336,0.384147865420824,0.42695546537884366,0.1682649881680511,0.4397838217770448,0.45286836340646014,6,True,3.3064306000014767,warm,,1e-09,1,16,float32,NVIDIA GeForce RTX 5060 Ti,2.14.0+cu130,0c39bb9363fb,2026-10-01T00:52:12
ETTh2,336,DLinear,Huber,3000.0,"Σρ_δ(r)/δ + λ·Σ_h w_hᵀPen w_h, δ = 1, ρ = r²/2 trong ngưỡng (tổng, không phạt bias)",1.0,25,0.20155313534216016,0.38544912867351644,0.4279523879497116,0.16881473714945347,0.4401960406415491,0.45358397899027164,7,True,3.8506190000043716,warm,,1e-09,1,16,float32,NVIDIA GeForce RTX 5060 Ti,2.14.0+cu130,0c39bb9363fb,2026-10-01T00:52:16
ETTh2,336,DLinear,Huber,10000.0,"Σρ_δ(r)/δ + λ·Σ_h w_hᵀPen w_h, δ = 1, ρ = r²/2 trong ngưỡng (tổng, không phạt bias)",1.0,25,0.2053783608552257,0.3902667323570583,0.4315085247582383,0.1708596180990575,0.4432857712481965,0.4566702217432795,8,True,4.395370600002934,warm,,1e-09,1,16,float32,NVIDIA GeForce RTX 5060 Ti,2.14.0+cu130,0c39bb9363fb,2026-10-01T00:52:21
ETTh2,336,NLinear,Huber,0.0,"Σρ_δ(r)/δ + λ·Σ_h w_hᵀPen w_h, δ = 1, ρ = r²/2 trong ngưỡng (tổng, không phạt bias)",1.0,,0.2057671155647754,0.3578612338895609,0.40792626459461545,0.15786894135547025,0.3686520424137482,0.4006321277579624,10,True,5.421415100005106,ols,,1e-09,1,16,float32,NVIDIA GeForce RTX 5060 Ti,2.14.0+cu130,0c39bb9363fb,2026-10-01T00:52:27
ETTh2,336,NLinear,Huber,1.0,"Σρ_δ(r)/δ + λ·Σ_h w_hᵀPen w_h, δ = 1, ρ = r²/2 trong ngưỡng (tổng, không phạt bias)",1.0,,0.2057686090281895,0.3578585271462751,0.40792418635093347,0.15786778724011247,0.36865017130336913,0.4006296325283591,2,True,1.1260748999920906,warm,,1e-09,1,16,float32,NVIDIA GeForce RTX 5060 Ti,2.14.0+cu130,0c39bb9363fb,2026-10-01T00:52:29
ETTh2,336,NLinear,Huber,3.0,"Σρ_δ(r)/δ + λ·Σ_h w_hᵀPen w_h, δ = 1, ρ = r²/2 trong ngưỡng (tổng, không phạt bias)",1.0,,0.20577159102694684,0.3578541092123134,0.407920782024956,0.15786595060742598,0.3686446930972927,0.4006239377877518,2,True,1.1203317000035895,warm,,1e-09,1,16,float32,NVIDIA GeForce RTX 5060 Ti,2.14.0+cu130,0c39bb9363fb,2026-10-01T00:52:31
ETTh2,336,NLinear,Huber,10.0,"Σρ_δ(r)/δ + λ·Σ_h w_hᵀPen w_h, δ = 1, ρ = r²/2 trong ngưỡng (tổng, không phạt bias)",1.0,,0.20578197644128268,0.35783920590854534,0.40790930899451633,0.15785978070572057,0.3686248828264267,0.4006038347653378,3,True,1.660042200004682,warm,,1e-09,1,16,float32,NVIDIA GeForce RTX 5060 Ti,2.14.0+cu130,0c39bb9363fb,2026-10-01T00:52:33
ETTh2,336,NLinear,Huber,30.0,"Σρ_δ(r)/δ + λ·Σ_h w_hᵀPen w_h, δ = 1, ρ = r²/2 trong ngưỡng (tổng, không phạt bias)",1.0,,0.20581122194422605,0.3577993311799221,0.40787870207712107,0.15784329466904534,0.36857129229898483,0.40054944382487023,3,True,1.659914600008051,warm,,1e-09,1,16,float32,NVIDIA GeForce RTX 5060 Ti,2.14.0+cu130,0c39bb9363fb,2026-10-01T00:52:35
ETTh2,336,NLinear,Huber,100.0,"Σρ_δ(r)/δ + λ·Σ_h w_hᵀPen w_h, δ = 1, ρ = r²/2 trong ngưỡng (tổng, không phạt bias)",1.0,,0.20590910499646425,0.35768455327366366,0.4077917071588962,0.15779607880392701,0.368409842233538,0.40038619439751305,4,True,2.192955399994389,warm,,1e-09,1,16,float32,NVIDIA GeForce RTX 5060 Ti,2.14.0+cu130,0c39bb9363fb,2026-10-01T00:52:38
ETTh2,336,NLinear,Huber,300.0,"Σρ_δ(r)/δ + λ·Σ_h w_hᵀPen w_h, δ = 1, ρ = r²/2 trong ngưỡng (tổng, không phạt bias)",1.0,,0.2061594346214915,0.3574925274283408,0.407653337020755,0.1577187992909944,0.36809836684506153,0.4000723435734777,5,True,2.7301057999866316,warm,,1e-09,1,16,float32,NVIDIA GeForce RTX 5060 Ti,2.14.0+cu130,0c39bb9363fb,2026-10-01T00:52:41
ETTh2,336,NLinear,Huber,1000.0,"Σρ_δ(r)/δ + λ·Σ_h w_hᵀPen w_h, δ = 1, ρ = r²/2 trong ngưỡng (tổng, không phạt bias)",1.0,,0.2068469990575748,0.35740319673561544,0.4076355884898752,0.15769594516153412,0.3676714479925864,0.3996380668429339,6,True,3.2722798000031617,warm,,1e-09,1,16,float32,NVIDIA GeForce RTX 5060 Ti,2.14.0+cu130,0c39bb9363fb,2026-10-01T00:52:45
ETTh2,336,NLinear,Huber,3000.0,"Σρ_δ(r)/δ + λ·Σ_h w_hᵀPen w_h, δ = 1, ρ = r²/2 trong ngưỡng (tổng, không phạt bias)",1.0,,0.20817521134646746,0.3580681924435825,0.4082757817629592,0.15801666332800893,0.3676582952117485,0.3995662856966442,6,True,3.2717983999900753,warm,,1e-09,1,16,float32,NVIDIA GeForce RTX 5060 Ti,2.14.0+cu130,0c39bb9363fb,2026-10-01T00:52:49
ETTh2,336,NLinear,Huber,10000.0,"Σρ_δ(r)/δ + λ·Σ_h w_hᵀPen w_h, δ = 1, ρ = r²/2 trong ngưỡng (tổng, không phạt bias)",1.0,,0.21078030467670547,0.3606518329575824,0.4105310416966825,0.15921134726844854,0.3689749693240265,0.4006294852309368,7,True,3.8108775000000605,warm,,1e-09,1,16,float32,NVIDIA GeForce RTX 5060 Ti,2.14.0+cu130,0c39bb9363fb,2026-10-01T00:52:54
ETTh2,720,Linear,MSE,0.0,"Σr² + λ·Σ_h w_hᵀPen w_h (tổng, không phạt bias)",,,0.6930024717798945,0.6675578015162847,0.5646897750359542,0.2730712936589629,0.7406606244391931,0.6116146307730229,0,True,0.28983479998714756,closed_form,,,,16,float64,NVIDIA GeForce RTX 5060 Ti,2.14.0+cu130,0c39bb9363fb,2026-10-01T00:52:56
ETTh2,720,Linear,MSE,0.01,"Σr² + λ·Σ_h w_hᵀPen w_h (tổng, không phạt bias)",,,0.6930024886978854,0.6675577931674551,0.5646897698964073,0.2730712904106894,0.7406606159192742,0.6116146268576681,0,True,0.018246299994643778,closed_form,,,,16,float64,NVIDIA GeForce RTX 5060 Ti,2.14.0+cu130,0c39bb9363fb,2026-10-01T00:52:57
ETTh2,720,Linear,MSE,0.0158489,"Σr² + λ·Σ_h w_hᵀPen w_h (tổng, không phạt bias)",,,0.6930024985930101,0.6675577882844026,0.5646897668904114,0.27307128851084245,0.7406606109361565,0.6116146245676716,0,True,0.051018799989833497,closed_form,,,,16,float64,NVIDIA GeForce RTX 5060 Ti,2.14.0+cu130,0c39bb9363fb,2026-10-01T00:52:58
ETTh2,720,Linear,MSE,0.0251189,"Σr² + λ·Σ_h w_hᵀPen w_h (tổng, không phạt bias)",,,0.6930025142758669,0.6675577805453303,0.564689762126225,0.27307128549980364,0.7406606030384939,0.6116146209383052,0,True,0.0372190999914892,closed_form,,,,16,float64,NVIDIA GeForce RTX 5060 Ti,2.14.0+cu130,0c39bb9363fb,2026-10-01T00:52:58
ETTh2,720,Linear,MSE,0.0398107,"Σr² + λ·Σ_h w_hᵀPen w_h (tổng, không phạt bias)",,,0.693002539131101,0.6675577682802203,0.5646897545757011,0.2730712807278162,0.7406605905220489,0.611614615186456,0,True,0.041689599995152093,closed_form,,,,16,float64,NVIDIA GeForce RTX 5060 Ti,2.14.0+cu130,0c39bb9363fb,2026-10-01T00:52:59
ETTh2,720,Linear,MSE,0.0630957,"Σr² + λ·Σ_h w_hᵀPen w_h (tổng, không phạt bias)",,,0.6930025785237323,0.6675577488421774,0.5646897426091987,0.2730712731650454,0.7406605706856948,0.611614606070953,0,True,0.032932200003415346,closed_form,,,,16,float64,NVIDIA GeForce RTX 5060 Ti,2.14.0+cu130,0c39bb9363fb,2026-10-01T00:53:00
ETTh2,720,Linear,MSE,0.1,"Σr² + λ·Σ_h w_hᵀPen w_h (tổng, không phạt bias)",,,0.6930026409560152,0.6675577180371702,0.5646897236447371,0.2730712611796976,0.7406605392494766,0.6116145916250676,0,True,0.03712629999790806,closed_form,,,,16,float64,NVIDIA GeForce RTX 5060 Ti,2.14.0+cu130,0c39bb9363fb,2026-10-01T00:53:01
ETTh2,720,Linear,MSE,0.158489,"Σr² + λ·Σ_h w_hᵀPen w_h (tổng, không phạt bias)",,,0.6930027399015342,0.667557669220528,0.5646896935924168,0.2730712421864732,0.7406604894326181,0.6116145687328951,0,True,0.03602260000479873,closed_form,,,,16,float64,NVIDIA GeForce RTX 5060 Ti,2.14.0+cu130,0c39bb9363fb,2026-10-01T00:53:02
ETTh2,720,Linear,MSE,0.251189,"Σr² + λ·Σ_h w_hᵀPen w_h (tổng, không phạt bias)",,,0.6930028967157145,0.6675575918646721,0.564689645972035,0.27307121208925855,0.7406604104919561,0.6116145324561139,0,True,0.042214100001729093,closed_form,,,,16,float64,NVIDIA GeForce RTX 5060 Ti,2.14.0+cu130,0c39bb9363fb,2026-10-01T00:53:03
ETTh2,720,Linear,MSE,0.398107,"Σr² + λ·Σ_h w_hᵀPen w_h (tổng, không phạt bias)",,,0.6930031452319219,0.6675574693011338,0.5646895705269842,0.2730711644024701,0.7406602854178265,0.6116144749788912,0,True,0.04311589999997523,closed_form,,,,16,float64,NVIDIA GeForce RTX 5060 Ti,2.14.0+cu130,0c39bb9363fb,2026-10-01T00:53:03
ETTh2,720,Linear,MSE,0.630957,"Σr² + λ·Σ_h w_hᵀPen w_h (tổng, không phạt bias)",,,0.693003539067483,0.6675572751405948,0.5646894510180197,0.27307108885784376,0.7406600872810931,0.6116143839212288,0,True,0.032521000000997446,closed_form,,,,16,float64,NVIDIA GeForce RTX 5060 Ti,2.14.0+cu130,0c39bb9363fb,2026-10-01T00:53:04
ETTh2,720,Linear,MSE,1.0,"Σr² + λ·Σ_h w_hᵀPen w_h (tổng, không phạt bias)",,,0.693004163162417,0.6675569676426075,0.564689261754816,0.27307096921296375,0.7406597734883692,0.6116142397090362,0,True,0.04217050000443123,closed_form,,,,16,float64,NVIDIA GeForce RTX 5060 Ti,2.14.0+cu130,0c39bb9363fb,2026-10-01T00:53:05
ETTh2,720,Linear,MSE,1.58489,"Σr² + λ·Σ_h w_hᵀPen w_h (tổng, không phạt bias)",,,0.6930051520454119,0.6675564808619476,0.5646889621469117,0.27307077980432043,0.7406592767491392,0.6116140114300175,0,True,0.021839599998202175,closed_form,,,,16,float64,NVIDIA GeForce RTX 5060 Ti,2.14.0+cu130,0c39bb9363fb,2026-10-01T00:53:06
ETTh2,720,Linear,MSE,2.51189,"Σr² + λ·Σ_h w_hᵀPen w_h (tổng, không phạt bias)",,,0.6930067187508785,0.667555710780348,0.5646884881178635,0.2730704801459334,0.740658490928802,0.611613650368203,0,True,0.047309100002166815,closed_form,,,,16,float64,NVIDIA GeForce RTX 5060 Ti,2.14.0+cu130,0c39bb9363fb,2026-10-01T00:53:07
ETTh2,720,Linear,MSE,3.98107,"Σr² + λ·Σ_h w_hᵀPen w_h (tổng, không phạt bias)",,,0.6930092003089436,0.6675544938628332,0.5646877390113313,0.27307000657214675,0.74065724917928,0.6116130800914148,0,True,0.04432900001120288,closed_form,,,,16,float64,NVIDIA GeForce RTX 5060 Ti,2.14.0+cu130,0c39bb9363fb,2026-10-01T00:53:08
ETTh2,720,Linear,MSE,6.30957,"Σr² + λ·Σ_h w_hᵀPen w_h (tổng, không phạt bias)",,,0.6930131296270355,0.6675525740932655,0.5646865572772964,0.2730692593769657,0.740655290333024,0.6116121809755384,0,True,0.045185099996160716,closed_form,,,,16,float64,NVIDIA GeForce RTX 5060 Ti,2.14.0+cu130,0c39bb9363fb,2026-10-01T00:53:08
ETTh2,720,Linear,MSE,10.0,"Σr² + λ·Σ_h w_hᵀPen w_h (tổng, không phạt bias)",,,0.6930193479359686,0.6675495537153038,0.5646846971478269,0.2730680835616804,0.740652208718048,0.6116107674376641,0,True,0.03862210000806954,closed_form,,,,16,float64,NVIDIA GeForce RTX 5060 Ti,2.14.0+cu130,0c39bb9363fb,2026-10-01T00:53:09
ETTh2,720,Linear,MSE,15.8489,"Σr² + λ·Σ_h w_hᵀPen w_h (tổng, không phạt bias)",,,0.6930291801367162,0.6675448220868226,0.5646817812113798,0.27306624094013277,0.740647381757078,0.6116085567317094,0,True,0.04936910000105854,closed_form,,,,16,float64,NVIDIA GeForce RTX 5060 Ti,2.14.0+cu130,0c39bb9363fb,2026-10-01T00:53:10
ETTh2,720,Linear,MSE,25.1189,"Σr² + λ·Σ_h w_hᵀPen w_h (tổng, không phạt bias)",,,0.6930447058897883,0.6675374595202193,0.5646772415028514,0.27306337220655386,0.740639872319318,0.6116051246821109,0,True,0.04791500000283122,closed_form,,,,16,float64,NVIDIA GeForce RTX 5060 Ti,2.14.0+cu130,0c39bb9363fb,2026-10-01T00:53:11
ETTh2,720,Linear,MSE,39.8107,"Σr² + λ·Σ_h w_hᵀPen w_h (tổng, không phạt bias)",,,0.6930691702411518,0.6675261251478808,0.5646702486365248,0.2730589520727319,0.7406283153967571,0.6115998605740297,0,True,0.03027930000098422,closed_form,,,,16,float64,NVIDIA GeForce RTX 5060 Ti,2.14.0+cu130,0c39bb9363fb,2026-10-01T00:53:12
ETTh2,720,Linear,MSE,63.0957,"Σr² + λ·Σ_h w_hᵀPen w_h (tổng, không phạt bias)",,,0.6931075954926952,0.6675089675825887,0.5646596491161947,0.273052251665131,0.7406108293544307,0.6115919402733668,0,True,0.03950000001350418,closed_form,,,,16,float64,NVIDIA GeForce RTX 5060 Ti,2.14.0+cu130,0c39bb9363fb,2026-10-01T00:53:13
ETTh2,720,Linear,MSE,100.0,"Σr² + λ·Σ_h w_hᵀPen w_h (tổng, không phạt bias)",,,0.6931676529999077,0.6674836754082158,0.564643970478611,0.27304235194710386,0.7405850723002867,0.6115803770177061,0,True,0.041763600005651824,closed_form,,,,16,float64,NVIDIA GeForce RTX 5060 Ti,2.14.0+cu130,0c39bb9363fb,2026-10-01T00:53:13
ETTh2,720,Linear,MSE,158.489,"Σr² + λ·Σ_h w_hᵀPen w_h (tổng, không phạt bias)",,,0.6932608389052921,0.667447922770079,0.5646216870682872,0.27302830450917337,0.7405487052033356,0.6115643137027647,0,True,0.041905900012352504,closed_form,,,,16,float64,NVIDIA GeForce RTX 5060 Ti,2.14.0+cu130,0c39bb9363fb,2026-10-01T00:53:14
ETTh2,720,Linear,MSE,251.189,"Σr² + λ·Σ_h w_hᵀPen w_h (tổng, không phạt bias)",,,0.6934039254949971,0.6674006596078761,0.5645919415818215,0.2730096111414956,0.7405007200154871,0.6115436772628748,0,True,0.04703970000264235,closed_form,,,,16,float64,NVIDIA GeForce RTX 5060 Ti,2.14.0+cu130,0c39bb9363fb,2026-10-01T00:53:15
ETTh2,720,Linear,MSE,398.107,"Σr² + λ·Σ_h w_hᵀPen w_h (tổng, không phạt bias)",,,0.6936205026330903,0.6673447948590528,0.5645561603979649,0.27298723564872035,0.7404441894442874,0.6115208678842204,0,True,0.038241699992795475,closed_form,,,,16,float64,NVIDIA GeForce RTX 5060 Ti,2.14.0+cu130,0c39bb9363fb,2026-10-01T00:53:16
ETTh2,720,Linear,MSE,630.957,"Σr² + λ·Σ_h w_hᵀPen w_h (tổng, không phạt bias)",,,0.6939423185706467,0.6672914273530909,0.5645205239494514,0.27296521847587535,0.7403906093077688,0.6115029045597394,0,True,0.034478500005207025,closed_form,,,,16,float64,NVIDIA GeForce RTX 5060 Ti,2.14.0+cu130,0c39bb9363fb,2026-10-01T00:53:17
ETTh2,720,Linear,MSE,1000.0,"Σr² + λ·Σ_h w_hᵀPen w_h (tổng, không phạt bias)",,,0.6944100398139742,0.6672646952725234,0.5644985144494705,0.27295255731572793,0.7403650006687478,0.6115043296726494,0,True,0.03730809999979101,closed_form,,,,16,float64,NVIDIA GeForce RTX 5060 Ti,2.14.0+cu130,0c39bb9363fb,2026-10-01T00:53:18
ETTh2,720,Linear,MSE,1584.89,"Σr² + λ·Σ_h w_hᵀPen w_h (tổng, không phạt bias)",,,0.69507331208725,0.6673051997037821,0.5645131892519838,0.27296457115103356,0.7404100686855593,0.6115499755107336,0,True,0.04271220001101028,closed_form,,,,16,float64,NVIDIA GeForce RTX 5060 Ti,2.14.0+cu130,0c39bb9363fb,2026-10-01T00:53:18
ETTh2,720,Linear,MSE,2511.89,"Σr² + λ·Σ_h w_hᵀPen w_h (tổng, không phạt bias)",,,0.6959901523345677,0.6674706337870453,0.5645973206549012,0.27302317945452065,0.7405886517905388,0.6116753814909016,0,True,0.017171600004076026,closed_form,,,,16,float64,NVIDIA GeForce RTX 5060 Ti,2.14.0+cu130,0c39bb9363fb,2026-10-01T00:53:19
ETTh2,720,Linear,MSE,3981.07,"Σr² + λ·Σ_h w_hᵀPen w_h (tổng, không phạt bias)",,,0.6972253215439609,0.6678346452037116,0.5647921759829211,0.2731564645095592,0.7409857521938256,0.6119273607291112,0,True,0.041793099997448735,closed_form,,,,16,float64,NVIDIA GeForce RTX 5060 Ti,2.14.0+cu130,0c39bb9363fb,2026-10-01T00:53:20
ETTh2,720,Linear,MSE,6309.57,"Σr² + λ·Σ_h w_hᵀPen w_h (tổng, không phạt bias)",,,0.698847555231095,0.6684857348728621,0.565145580621465,0.27339828250733184,0.7417112208474437,0.6123673353898312,0,True,0.043381399998907,closed_form,,,,16,float64,NVIDIA GeForce RTX 5060 Ti,2.14.0+cu130,0c39bb9363fb,2026-10-01T00:53:21
ETTh2,720,Linear,MSE,10000.0,"Σr² + λ·Σ_h w_hᵀPen w_h (tổng, không phạt bias)",,,0.7009267511377624,0.669524898080181,0.5657082278527086,0.27378757011741345,0.7429009196729336,0.6130705615538103,0,True,0.034423699995386414,closed_form,,,,16,float64,NVIDIA GeForce RTX 5060 Ti,2.14.0+cu130,0c39bb9363fb,2026-10-01T00:53:22
ETTh2,720,Linear,MSE,15848.9,"Σr² + λ·Σ_h w_hᵀPen w_h (tổng, không phạt bias)",,,0.7035358319937081,0.6710598111972437,0.5665307462045217,0.27436649626768955,0.744714187225243,0.6141226254223333,0,True,0.04088149999734014,closed_form,,,,16,float64,NVIDIA GeForce RTX 5060 Ti,2.14.0+cu130,0c39bb9363fb,2026-10-01T00:53:22
ETTh2,720,Linear,MSE,25118.9,"Σr² + λ·Σ_h w_hᵀPen w_h (tổng, không phạt bias)",,,0.7067619567294978,0.6732023136174057,0.5676637520947068,0.27517999086671663,0.7473338490684719,0.6156260875058,0,True,0.03350540000246838,closed_form,,,,16,float64,NVIDIA GeForce RTX 5060 Ti,2.14.0+cu130,0c39bb9363fb,2026-10-01T00:53:23
ETTh2,720,Linear,MSE,39810.7,"Σr² + λ·Σ_h w_hᵀPen w_h (tổng, không phạt bias)",,,0.7107237720681165,0.6760864894609183,0.5691728947912632,0.27628306356299964,0.7509863738493081,0.6177125952037604,0,True,0.04179409999051131,closed_form,,,,16,float64,NVIDIA GeForce RTX 5060 Ti,2.14.0+cu130,0c39bb9363fb,2026-10-01T00:53:24
ETTh2,720,Linear,MSE,63095.7,"Σr² + λ·Σ_h w_hᵀPen w_h (tổng, không phạt bias)",,,0.7155819185439504,0.6799174155076264,0.5711628883383519,0.27775973110801205,0.7560024064588476,0.6205658387934168,0,True,0.041108000004896894,closed_form,,,,16,float64,NVIDIA GeForce RTX 5060 Ti,2.14.0+cu130,0c39bb9363fb,2026-10-01T00:53:25
ETTh2,720,Linear,MSE,100000.0,"Σr² + λ·Σ_h w_hᵀPen w_h (tổng, không phạt bias)",,,0.7215270361360595,0.6850293070197014,0.5738172756751644,0.2797445636937906,0.7629181803800844,0.6244635328661888,0,True,0.0405285000015283,closed_form,,,,16,float64,NVIDIA GeForce RTX 5060 Ti,2.14.0+cu130,0c39bb9363fb,2026-10-01T00:53:26
ETTh2,720,DLinear,MSE,0.0,"Σr² + λ·Σ_h w_hᵀPen w_h (tổng, không phạt bias)",,25,0.6930024717798945,0.6675578015162847,0.5646897750359542,0.2730712936589629,0.7406606244391931,0.6116146307730229,0,True,0,closed_form,Linear,,,16,float64,NVIDIA GeForce RTX 5060 Ti,2.14.0+cu130,0c39bb9363fb,2026-10-01T00:53:26
ETTh2,720,DLinear,MSE,0.01,"Σr² + λ·Σ_h w_hᵀPen w_h (tổng, không phạt bias)",,25,0.6930024872957328,0.6675577933348453,0.5646897702389901,0.27307129050960666,0.7406606160753418,0.6116146270273981,0,True,0.03662530001020059,closed_form,,,,16,float64,NVIDIA GeForce RTX 5060 Ti,2.14.0+cu130,0c39bb9363fb,2026-10-01T00:53:27
ETTh2,720,DLinear,MSE,0.0158489,"Σr² + λ·Σ_h w_hᵀPen w_h (tổng, không phạt bias)",,25,0.6930024963707586,0.6675577885496897,0.5646897674333635,0.27307128866761193,0.7406606111834988,0.611614624836671,0,True,0.04795089999970514,closed_form,,,,16,float64,NVIDIA GeForce RTX 5060 Ti,2.14.0+cu130,0c39bb9363fb,2026-10-01T00:53:28
ETTh2,720,DLinear,MSE,0.0251189,"Σr² + λ·Σ_h w_hᵀPen w_h (tổng, không phạt bias)",,25,0.6930025107538387,0.6675577809657631,0.5646897629867406,0.27307128574825873,0.7406606034304873,0.6116146213646394,0,True,0.03756989999965299,closed_form,,,,16,float64,NVIDIA GeForce RTX 5060 Ti,2.14.0+cu130,0c39bb9363fb,2026-10-01T00:53:28
ETTh2,720,DLinear,MSE,0.0398107,"Σr² + λ·Σ_h w_hᵀPen w_h (tổng, không phạt bias)",,25,0.6930025335491117,0.6675577689465088,0.5646897559395095,0.2730712811215685,0.7406605911432679,0.6116146158620457,0,True,0.02989510000043083,closed_form,,,,16,float64,NVIDIA GeForce RTX 5060 Ti,2.14.0+cu130,0c39bb9363fb,2026-10-01T00:53:29
ETTh2,720,DLinear,MSE,0.0630957,"Σr² + λ·Σ_h w_hᵀPen w_h (tổng, không phạt bias)",,25,0.6930025696769734,0.6675577498980454,0.5646897447706917,0.2730712737890457,0.7406605716701402,0.6116146071418224,0,True,0.03926970000611618,closed_form,,,,16,float64,NVIDIA GeForce RTX 5060 Ti,2.14.0+cu130,0c39bb9363fb,2026-10-01T00:53:30
ETTh2,720,DLinear,MSE,0.1,"Σr² + λ·Σ_h w_hᵀPen w_h (tổng, không phạt bias)",,25,0.6930026269350831,0.6675577197102867,0.5646897270702308,0.27307126216853395,0.7406605408094171,0.6116145933227721,0,True,0.049965700003667735,closed_form,,,,16,float64,NVIDIA GeForce RTX 5060 Ti,2.14.0+cu130,0c39bb9363fb,2026-10-01T00:53:31
ETTh2,720,DLinear,MSE,0.158489,"Σr² + λ·Σ_h w_hᵀPen w_h (tổng, không phạt bias)",,25,0.6930027176805114,0.6675576718714238,0.5646896990203163,0.2730712437533239,0.7406604919041949,0.6116145714236639,0,True,0.04195410000102129,closed_form,,,,16,float64,NVIDIA GeForce RTX 5060 Ti,2.14.0+cu130,0c39bb9363fb,2026-10-01T00:53:32
ETTh2,720,DLinear,MSE,0.251189,"Σr² + λ·Σ_h w_hᵀPen w_h (tổng, không phạt bias)",,25,0.693002861499183,0.6675575960640395,0.5646896545715926,0.2730712145716886,0.7406604144072534,0.6116145367213155,0,True,0.034381899997242726,closed_form,,,,16,float64,NVIDIA GeForce RTX 5060 Ti,2.14.0+cu130,0c39bb9363fb,2026-10-01T00:53:33
ETTh2,720,DLinear,MSE,0.398107,"Σr² + λ·Σ_h w_hᵀPen w_h (tổng, không phạt bias)",,25,0.693003089421445,0.6675574759515638,0.5646895841445372,0.2730711683346658,0.7406602916183683,0.6116144817374274,0,True,0.028437899993150495,closed_form,,,,16,float64,NVIDIA GeForce RTX 5060 Ti,2.14.0+cu130,0c39bb9363fb,2026-10-01T00:53:33
ETTh2,720,DLinear,MSE,0.630957,"Σr² + λ·Σ_h w_hᵀPen w_h (tổng, không phạt bias)",,25,0.693003450623545,0.6675572856679923,0.5646894725763109,0.27307109508447064,0.7406600970962994,0.6116143946314532,0,True,0.03682900000421796,closed_form,,,,16,float64,NVIDIA GeForce RTX 5060 Ti,2.14.0+cu130,0c39bb9363fb,2026-10-01T00:53:34
ETTh2,720,DLinear,MSE,1.0,"Σr² + λ·Σ_h w_hᵀPen w_h (tổng, không phạt bias)",,25,0.6930040230124943,0.6675569842952288,0.5646892958863584,0.2730709790677442,0.7406597890143346,0.6116142566694868,0,True,0.04878399999870453,closed_form,,,,16,float64,NVIDIA GeForce RTX 5060 Ti,2.14.0+cu130,0c39bb9363fb,2026-10-01T00:53:35
ETTh2,720,DLinear,MSE,1.58489,"Σr² + λ·Σ_h w_hᵀPen w_h (tổng, không phạt bias)",,25,0.6930049299843326,0.6675565071737481,0.5646890161501814,0.273070795388525,0.7406593012805632,0.6116140382462728,0,True,0.04459889999998268,closed_form,,,,16,float64,NVIDIA GeForce RTX 5060 Ti,2.14.0+cu130,0c39bb9363fb,2026-10-01T00:53:36
ETTh2,720,DLinear,MSE,2.51189,"Σr² + λ·Σ_h w_hᵀPen w_h (tổng, không phạt bias)",,25,0.6930063669600182,0.6675557522793114,0.5646885735400661,0.2730705047586923,0.7406585296192137,0.6116136927464364,0,True,0.05291350001061801,closed_form,,,,16,float64,NVIDIA GeForce RTX 5060 Ti,2.14.0+cu130,0c39bb9363fb,2026-10-01T00:53:37
ETTh2,720,DLinear,MSE,3.98107,"Σr² + λ·Σ_h w_hᵀPen w_h (tổng, không phạt bias)",,25,0.6930086431439935,0.6675545591265738,0.5646878738700547,0.27307004536360335,0.7406573100247617,0.6116131468769817,0,True,0.035191199989640154,closed_form,,,,16,float64,NVIDIA GeForce RTX 5060 Ti,2.14.0+cu130,0c39bb9363fb,2026-10-01T00:53:38
ETTh2,720,DLinear,MSE,6.30957,"Σr² + λ·Σ_h w_hᵀPen w_h (tổng, không phạt bias)",,25,0.6930122475453334,0.6675526762594155,0.5646867696003902,0.2730693203141173,0.7406553855792416,0.6116122857456003,0,True,0.03857910000078846,closed_form,,,,16,float64,NVIDIA GeForce RTX 5060 Ti,2.14.0+cu130,0c39bb9363fb,2026-10-01T00:53:38
ETTh2,720,DLinear,MSE,10.0,"Σr² + λ·Σ_h w_hᵀPen w_h (tổng, không phạt bias)",,25,0.6930179523469147,0.6675497124679314,0.5646850307918775,0.2730681787844988,0.7406523567093579,0.6116109312129858,0,True,0.04991759998665657,closed_form,,,,16,float64,NVIDIA GeForce RTX 5060 Ti,2.14.0+cu130,0c39bb9363fb,2026-10-01T00:53:39
ETTh2,720,DLinear,MSE,15.8489,"Σr² + λ·Σ_h w_hᵀPen w_h (tổng, không phạt bias)",,25,0.6930269743238491,0.6675450658084485,0.5646823029948447,0.2730663884838506,0.7406476089357201,0.6116088099596265,0,True,0.0433020999917062,closed_form,,,,16,float64,NVIDIA GeForce RTX 5060 Ti,2.14.0+cu130,0c39bb9363fb,2026-10-01T00:53:40
ETTh2,720,DLinear,MSE,25.1189,"Σr² + λ·Σ_h w_hᵀPen w_h (tổng, không phạt bias)",,25,0.6930412249639681,0.6675378262978812,0.5646780508283078,0.2730635976997291,0.7406402141457972,0.6116055116530408,0,True,0.043662900003255345,closed_form,,,,16,float64,NVIDIA GeForce RTX 5060 Ti,2.14.0+cu130,0c39bb9363fb,2026-10-01T00:53:41
ETTh2,720,DLinear,MSE,39.8107,"Σr² + λ·Σ_h w_hᵀPen w_h (tổng, không phạt bias)",,25,0.6930636907492974,0.6675266586677268,0.5646714873503792,0.27305928897496246,0.7406288124802229,0.6116004386446791,0,True,0.04222839999420103,closed_form,,,,16,float64,NVIDIA GeForce RTX 5060 Ti,2.14.0+cu130,0c39bb9363fb,2026-10-01T00:53:42
ETTh2,720,DLinear,MSE,63.0957,"Σr² + λ·Σ_h w_hᵀPen w_h (tổng, không phạt bias)",,25,0.6930990032897418,0.6675096976661011,0.5646615064273003,0.2730527360511007,0.7406115092095988,0.6115927727597433,0,True,0.04529559999355115,closed_form,,,,16,float64,NVIDIA GeForce RTX 5060 Ti,2.14.0+cu130,0c39bb9363fb,2026-10-01T00:53:43
ETTh2,720,DLinear,MSE,100.0,"Σr² + λ·Σ_h w_hᵀPen w_h (tổng, không phạt bias)",,25,0.693154260304802,0.66748455930862,0.5646466641345208,0.27304300212869925,0.7405858944105685,0.6115815055701206,0,True,0.05050420000043232,closed_form,,,,16,float64,NVIDIA GeForce RTX 5060 Ti,2.14.0+cu130,0c39bb9363fb,2026-10-01T00:53:43
ETTh2,720,DLinear,MSE,158.489,"Σr² + λ·Σ_h w_hᵀPen w_h (tổng, không phạt bias)",,25,0.6932401537113797,0.6674486980728173,0.5646254055406386,0.27302906494694446,0.7405494234960951,0.6115656432763605,0,True,0.038265200011665,closed_form,,,,16,float64,NVIDIA GeForce RTX 5060 Ti,2.14.0+cu130,0c39bb9363fb,2026-10-01T00:53:44
ETTh2,720,DLinear,MSE,251.189,"Σr² + λ·Σ_h w_hᵀPen w_h (tổng, không phạt bias)",,25,0.6933724115595938,0.6674005237548628,0.5645966032173011,0.27301022410257936,0.7405005835933999,0.6115448560549707,0,True,0.04083909999462776,closed_form,,,,16,float64,NVIDIA GeForce RTX 5060 Ti,2.14.0+cu130,0c39bb9363fb,2026-10-01T00:53:45
ETTh2,720,DLinear,MSE,398.107,"Σr² + λ·Σ_h w_hᵀPen w_h (tổng, không phạt bias)",,25,0.6935734429878698,0.6673418059971997,0.5645609816254644,0.27298699274720806,0.7404413841763889,0.6115208533455904,0,True,0.04006100000697188,closed_form,,,,16,float64,NVIDIA GeForce RTX 5060 Ti,2.14.0+cu130,0c39bb9363fb,2026-10-01T00:53:46
ETTh2,720,DLinear,MSE,630.957,"Σr² + λ·Σ_h w_hᵀPen w_h (tổng, không phạt bias)",,25,0.6938740065185817,0.6672815944515128,0.5645232617003385,0.27296257065552104,0.7403814133032349,0.611499340211589,0,True,0.04584080001222901,closed_form,,,,16,float64,NVIDIA GeForce RTX 5060 Ti,2.14.0+cu130,0c39bb9363fb,2026-10-01T00:53:47
ETTh2,720,DLinear,MSE,1000.0,"Σr² + λ·Σ_h w_hᵀPen w_h (tổng, không phạt bias)",,25,0.6943146259858773,0.6672410084493119,0.564494520608183,0.27294467498781594,0.7403428960296652,0.6114930094980864,0,True,0.03892360000463668,closed_form,,,,16,float64,NVIDIA GeForce RTX 5060 Ti,2.14.0+cu130,0c39bb9363fb,2026-10-01T00:53:48
ETTh2,720,DLinear,MSE,1584.89,"Σr² + λ·Σ_h w_hᵀPen w_h (tổng, không phạt bias)",,25,0.6949465779451349,0.6672573446504032,0.5644952942381452,0.27294715624779403,0.7403655311958176,0.6115240966410674,0,True,0.03726240000105463,closed_form,,,,16,float64,NVIDIA GeForce RTX 5060 Ti,2.14.0+cu130,0c39bb9363fb,2026-10-01T00:53:48
ETTh2,720,DLinear,MSE,2511.89,"Σr² + λ·Σ_h w_hᵀPen w_h (tổng, không phạt bias)",,25,0.6958320615055078,0.6673864853750098,0.5645556929106279,0.2729910058699142,0.7405107407641558,0.6116268011720113,0,True,0.03488130000187084,closed_form,,,,16,float64,NVIDIA GeForce RTX 5060 Ti,2.14.0+cu130,0c39bb9363fb,2026-10-01T00:53:49
ETTh2,720,DLinear,MSE,3981.07,"Σr² + λ·Σ_h w_hᵀPen w_h (tổng, không phạt bias)",,25,0.6970423646253914,0.6677041797980554,0.564717246457651,0.2731049696312606,0.74086633656699,0.6118498955404382,0,True,0.050495400006184354,closed_form,,,,16,float64,NVIDIA GeForce RTX 5060 Ti,2.14.0+cu130,0c39bb9363fb,2026-10-01T00:53:50
ETTh2,720,DLinear,MSE,6309.57,"Σr² + λ·Σ_h w_hᵀPen w_h (tổng, không phạt bias)",,25,0.6986530443952755,0.6683063389080485,0.5650323862614692,0.27332584160150025,0.7415510351584542,0.6122612430294484,0,True,0.04449939999904018,closed_form,,,,16,float64,NVIDIA GeForce RTX 5060 Ti,2.14.0+cu130,0c39bb9363fb,2026-10-01T00:53:51
ETTh2,720,DLinear,MSE,10000.0,"Σr² + λ·Σ_h w_hᵀPen w_h (tổng, không phạt bias)",,25,0.7007373017116709,0.6693050208110052,0.5655609476471651,0.27369717927475845,0.7427138278480087,0.6129434725473345,0,True,0.03201170000829734,closed_form,,,,16,float64,NVIDIA GeForce RTX 5060 Ti,2.14.0+cu130,0c39bb9363fb,2026-10-01T00:53:52
ETTh2,720,DLinear,MSE,15848.9,"Σr² + λ·Σ_h w_hᵀPen w_h (tổng, không phạt bias)",,25,0.7033640339465813,0.6708174056676108,0.5663614731995626,0.2742653234618581,0.7445242480322057,0.6139913487126981,0,True,0.03764720000617672,closed_form,,,,16,float64,NVIDIA GeForce RTX 5060 Ti,2.14.0+cu130,0c39bb9363fb,2026-10-01T00:53:53
ETTh2,720,DLinear,MSE,25118.9,"Σr² + λ·Σ_h w_hᵀPen w_h (tổng, không phạt bias)",,25,0.7066082044321998,0.6729566715559031,0.5674884612209422,0.27507603357143545,0.7471625188251179,0.615507339153181,0,True,0.04951409999921452,closed_form,,,,16,float64,NVIDIA GeForce RTX 5060 Ti,2.14.0+cu130,0c39bb9363fb,2026-10-01T00:53:53
ETTh2,720,DLinear,MSE,39810.7,"Σr² + λ·Σ_h w_hᵀPen w_h (tổng, không phạt bias)",,25,0.7105723688063902,0.6758459752277143,0.5689996332664948,0.27617998798855314,0.7508348228708747,0.6176085951484314,0,True,0.0427856000023894,closed_form,,,,16,float64,NVIDIA GeForce RTX 5060 Ti,2.14.0+cu130,0c39bb9363fb,2026-10-01T00:53:54
ETTh2,720,DLinear,MSE,63095.7,"Σr² + λ·Σ_h w_hᵀPen w_h (tổng, không phạt bias)",,25,0.7154057807202676,0.6796696608890606,0.5709879890433872,0.2776526699690586,0.7558411076243968,0.6204579758865038,0,True,0.036863700006506406,closed_form,,,,16,float64,NVIDIA GeForce RTX 5060 Ti,2.14.0+cu130,0c39bb9363fb,2026-10-01T00:53:55
ETTh2,720,DLinear,MSE,100000.0,"Σr² + λ·Σ_h w_hᵀPen w_h (tổng, không phạt bias)",,25,0.7213008956433963,0.6847422591788727,0.5736217046498668,0.27962047179637145,0.7626946630892609,0.6243201696439598,0,True,0.04373009999108035,closed_form,,,,16,float64,NVIDIA GeForce RTX 5060 Ti,2.14.0+cu130,0c39bb9363fb,2026-10-01T00:53:56
ETTh2,720,NLinear,MSE,0.0,"Σr² + λ·Σ_h w_hᵀPen w_h (tổng, không phạt bias)",,,0.7839721999832622,0.6040809736314224,0.5468327730626731,0.2562772183865059,0.39303810517831633,0.43463856500900816,0,True,0.3378956000087783,closed_form,,,,16,float64,NVIDIA GeForce RTX 5060 Ti,2.14.0+cu130,0c39bb9363fb,2026-10-01T00:53:57
ETTh2,720,NLinear,MSE,0.01,"Σr² + λ·Σ_h w_hᵀPen w_h (tổng, không phạt bias)",,,0.7839722137343811,0.6040809639359049,0.5468327675927622,0.2562772148131836,0.3930380949083932,0.43463855658222733,0,True,0.03892669999913778,closed_form,,,,16,float64,NVIDIA GeForce RTX 5060 Ti,2.14.0+cu130,0c39bb9363fb,2026-10-01T00:53:58
ETTh2,720,NLinear,MSE,0.0158489,"Σr² + λ·Σ_h w_hᵀPen w_h (tổng, không phạt bias)",,,0.7839722217772398,0.6040809582651797,0.5468327643935121,0.25627721272321496,0.3930380889017099,0.43463855165355114,0,True,0.057685500010848045,closed_form,,,,16,float64,NVIDIA GeForce RTX 5060 Ti,2.14.0+cu130,0c39bb9363fb,2026-10-01T00:53:59
ETTh2,720,NLinear,MSE,0.0251189,"Σr² + λ·Σ_h w_hᵀPen w_h (tổng, không phạt bias)",,,0.7839722345244243,0.6040809492777054,0.546832759323088,0.2562772094108451,0.3930380793817734,0.43463854384216155,0,True,0.03965089999837801,closed_form,,,,16,float64,NVIDIA GeForce RTX 5060 Ti,2.14.0+cu130,0c39bb9363fb,2026-10-01T00:53:59
ETTh2,720,NLinear,MSE,0.0398107,"Σr² + λ·Σ_h w_hᵀPen w_h (tổng, không phạt bias)",,,0.7839722547270046,0.6040809350340097,0.5468327512872221,0.25627720416127386,0.39303806429419796,0.43463853146226594,0,True,0.03780049999477342,closed_form,,,,16,float64,NVIDIA GeForce RTX 5060 Ti,2.14.0+cu130,0c39bb9363fb,2026-10-01T00:54:00
ETTh2,720,NLinear,MSE,0.0630957,"Σr² + λ·Σ_h w_hᵀPen w_h (tổng, không phạt bias)",,,0.7839722867457111,0.6040809124600541,0.5468327385515549,0.2562771958415521,0.39303804038279594,0.4346385118421111,0,True,0.03751660000125412,closed_form,,,,16,float64,NVIDIA GeForce RTX 5060 Ti,2.14.0+cu130,0c39bb9363fb,2026-10-01T00:54:01
ETTh2,720,NLinear,MSE,0.1,"Σr² + λ·Σ_h w_hᵀPen w_h (tổng, không phạt bias)",,,0.7839723374912325,0.6040808766848078,0.5468327183680776,0.2562771826564426,0.3930380024878774,0.4346384807481659,0,True,0.036271699995268136,closed_form,,,,16,float64,NVIDIA GeForce RTX 5060 Ti,2.14.0+cu130,0c39bb9363fb,2026-10-01T00:54:02
ETTh2,720,NLinear,MSE,0.158489,"Σr² + λ·Σ_h w_hᵀPen w_h (tổng, không phạt bias)",,,0.7839724179149549,0.6040808199905559,0.5468326863820889,0.2562771617615524,0.39303794243429685,0.434638431471751,0,True,0.030435100008617155,closed_form,,,,16,float64,NVIDIA GeForce RTX 5060 Ti,2.14.0+cu130,0c39bb9363fb,2026-10-01T00:54:03
ETTh2,720,NLinear,MSE,0.251189,"Σr² + λ·Σ_h w_hᵀPen w_h (tổng, không phạt bias)",,,0.7839725453745805,0.6040807301484625,0.5468326356931612,0.25627712864989943,0.39303784726821966,0.43463835338272827,0,True,0.0501421999942977,closed_form,,,,16,float64,NVIDIA GeForce RTX 5060 Ti,2.14.0+cu130,0c39bb9363fb,2026-10-01T00:54:04
ETTh2,720,NLinear,MSE,0.398107,"Σr² + λ·Σ_h w_hᵀPen w_h (tổng, không phạt bias)",,,0.783972747369692,0.6040805877935058,0.5468325553711745,0.2562770761844392,0.39303769647606446,0.43463822964678717,0,True,0.03373959999589715,closed_form,,,,16,float64,NVIDIA GeForce RTX 5060 Ti,2.14.0+cu130,0c39bb9363fb,2026-10-01T00:54:04
ETTh2,720,NLinear,MSE,0.630957,"Σr² + λ·Σ_h w_hᵀPen w_h (tổng, không phạt bias)",,,0.7839730674796813,0.604080362259866,0.5468324281221368,0.25627699306319124,0.3930374575719731,0.43463803360416664,0,True,0.04548050000448711,closed_form,,,,16,float64,NVIDIA GeForce RTX 5060 Ti,2.14.0+cu130,0c39bb9363fb,2026-10-01T00:54:05
ETTh2,720,NLinear,MSE,1.0,"Σr² + λ·Σ_h w_hᵀPen w_h (tổng, không phạt bias)",,,0.7839735747413379,0.6040800050244065,0.5468322265833819,0.256276861402837,0.3930370791498672,0.43463772306250315,0,True,0.04467240000667516,closed_form,,,,16,float64,NVIDIA GeForce RTX 5060 Ti,2.14.0+cu130,0c39bb9363fb,2026-10-01T00:54:06
ETTh2,720,NLinear,MSE,1.58489,"Σr² + λ·Σ_h w_hᵀPen w_h (tổng, không phạt bias)",,,0.7839743784925891,0.6040794393796062,0.5468319074679412,0.25627665293271057,0.3930364799370557,0.4346372313185419,0,True,0.03592639999988023,closed_form,,,,16,float64,NVIDIA GeForce RTX 5060 Ti,2.14.0+cu130,0c39bb9363fb,2026-10-01T00:54:07
ETTh2,720,NLinear,MSE,2.51189,"Σr² + λ·Σ_h w_hᵀPen w_h (tổng, không phạt bias)",,,0.783975651868969,0.6040785442147598,0.5468314024635405,0.2562763230174828,0.3930355315957271,0.43463645302612,0,True,0.042709999994258396,closed_form,,,,16,float64,NVIDIA GeForce RTX 5060 Ti,2.14.0+cu130,0c39bb9363fb,2026-10-01T00:54:08
ETTh2,720,NLinear,MSE,3.98107,"Σr² + λ·Σ_h w_hᵀPen w_h (tổng, không phạt bias)",,,0.7839776687593191,0.6040771288294048,0.5468306039409085,0.25627580137503353,0.3930340319970059,0.4346352222792643,0,True,0.04107809999550227,closed_form,,,,16,float64,NVIDIA GeForce RTX 5060 Ti,2.14.0+cu130,0c39bb9363fb,2026-10-01T00:54:08
ETTh2,720,NLinear,MSE,6.30957,"Σr² + λ·Σ_h w_hᵀPen w_h (tổng, không phạt bias)",,,0.7839808621843551,0.6040748939426449,0.5468293432856525,0.25627497770755947,0.39303166380209986,0.43463327832954124,0,True,0.04630049999104813,closed_form,,,,16,float64,NVIDIA GeForce RTX 5060 Ti,2.14.0+cu130,0c39bb9363fb,2026-10-01T00:54:09
ETTh2,720,NLinear,MSE,10.0,"Σr² + λ·Σ_h w_hᵀPen w_h (tổng, không phạt bias)",,,0.7839859155758332,0.6040713727259583,0.546827357688935,0.25627367997239003,0.3930279317064416,0.4346302141299106,0,True,0.045526000001700595,closed_form,,,,16,float64,NVIDIA GeForce RTX 5060 Ti,2.14.0+cu130,0c39bb9363fb,2026-10-01T00:54:10
ETTh2,720,NLinear,MSE,15.8489,"Σr² + λ·Σ_h w_hᵀPen w_h (tổng, không phạt bias)",,,0.7839939050081283,0.6040658438256434,0.5468242406075912,0.2562716423353006,0.3930220695745143,0.434625398367001,0,True,0.042320699998526834,closed_form,,,,16,float64,NVIDIA GeForce RTX 5060 Ti,2.14.0+cu130,0c39bb9363fb,2026-10-01T00:54:11
ETTh2,720,NLinear,MSE,25.1189,"Σr² + λ·Σ_h w_hᵀPen w_h (tổng, không phạt bias)",,,0.7840065188270893,0.604057209024484,0.5468193774009332,0.256268460108584,0.39301290903465436,0.4346178699648298,0,True,0.041888099993229844,closed_form,,,,16,float64,NVIDIA GeForce RTX 5060 Ti,2.14.0+cu130,0c39bb9363fb,2026-10-01T00:54:12
ETTh2,720,NLinear,MSE,39.8107,"Σr² + λ·Σ_h w_hᵀPen w_h (tổng, không phạt bias)",,,0.7840263896855545,0.6040438372890929,0.546811858843059,0.2562635323518678,0.39299870982507745,0.4346061888152788,0,True,0.03934849999495782,closed_form,,,,16,float64,NVIDIA GeForce RTX 5060 Ti,2.14.0+cu130,0c39bb9363fb,2026-10-01T00:54:13
ETTh2,720,NLinear,MSE,63.0957,"Σr² + λ·Σ_h w_hᵀPen w_h (tổng, không phạt bias)",,,0.7840575878094296,0.6040234003234551,0.546800391982818,0.25625600149971395,0.3929769748057185,0.4345882789989269,0,True,0.04564799999934621,closed_form,,,,16,float64,NVIDIA GeForce RTX 5060 Ti,2.14.0+cu130,0c39bb9363fb,2026-10-01T00:54:13
ETTh2,720,NLinear,MSE,100.0,"Σr² + λ·Σ_h w_hᵀPen w_h (tổng, không phạt bias)",,,0.7841063203576956,0.6039927930458721,0.546783277659204,0.2562447247670259,0.39294434018311897,0.4345613012736681,0,True,0.039561700003105216,closed_form,,,,16,float64,NVIDIA GeForce RTX 5060 Ti,2.14.0+cu130,0c39bb9363fb,2026-10-01T00:54:14
ETTh2,720,NLinear,MSE,158.489,"Σr² + λ·Σ_h w_hᵀPen w_h (tổng, không phạt bias)",,,0.7841818672175022,0.6039483529632181,0.5467585861680725,0.25622835717986264,0.39289674965798255,0.43452178272420994,0,True,0.03736580000258982,closed_form,,,,16,float64,NVIDIA GeForce RTX 5060 Ti,2.14.0+cu130,0c39bb9363fb,2026-10-01T00:54:15
ETTh2,720,NLinear,MSE,251.189,"Σr² + λ·Σ_h w_hᵀPen w_h (tổng, không phạt bias)",,,0.7842977216472522,0.6038867645262288,0.5467246802090084,0.2562056911676904,0.39283028739947085,0.43446620449753215,0,True,0.016858499991940334,closed_form,,,,16,float64,NVIDIA GeForce RTX 5060 Ti,2.14.0+cu130,0c39bb9363fb,2026-10-01T00:54:16
ETTh2,720,NLinear,MSE,398.107,"Σr² + λ·Σ_h w_hᵀPen w_h (tổng, không phạt bias)",,,0.7844727763760888,0.6038071218868839,0.5466816143121023,0.25617643336772317,0.39274312083942725,0.43439233516451864,0,True,0.03996819999883883,closed_form,,,,16,float64,NVIDIA GeForce RTX 5060 Ti,2.14.0+cu130,0c39bb9363fb,2026-10-01T00:54:17
ETTh2,720,NLinear,MSE,630.957,"Σr² + λ·Σ_h w_hᵀPen w_h (tổng, không phạt bias)",,,0.7847323216588822,0.6037142523781942,0.5466331425894309,0.2561424666973757,0.3926386271607668,0.4343016649439241,0,True,0.03677189999143593,closed_form,,,,16,float64,NVIDIA GeForce RTX 5060 Ti,2.14.0+cu130,0c39bb9363fb,2026-10-01T00:54:18
ETTh2,720,NLinear,MSE,1000.0,"Σr² + λ·Σ_h w_hᵀPen w_h (tổng, không phạt bias)",,,0.7851085773111839,0.6036224198292366,0.5465892311094422,0.25610928244102116,0.3925288650863237,0.4342018509210681,0,True,0.04669160000048578,closed_form,,,,16,float64,NVIDIA GeForce RTX 5060 Ti,2.14.0+cu130,0c39bb9363fb,2026-10-01T00:54:18
ETTh2,720,NLinear,MSE,1584.89,"Σr² + λ·Σ_h w_hᵀPen w_h (tổng, không phạt bias)",,,0.7856407098298709,0.6035575175379659,0.5465670578714822,0.25608687585237006,0.3924367792913456,0.4341080640652098,0,True,0.039591199994902126,closed_form,,,,16,float64,NVIDIA GeForce RTX 5060 Ti,2.14.0+cu130,0c39bb9363fb,2026-10-01T00:54:19
ETTh2,720,NLinear,MSE,2511.89,"Σr² + λ·Σ_h w_hᵀPen w_h (tổng, không phạt bias)",,,0.7863743282062492,0.6035565235204601,0.5465908230628981,0.25608962023303194,0.3923964597475021,0.43404238255025046,0,True,0.04666350000479724,closed_form,,,,16,float64,NVIDIA GeForce RTX 5060 Ti,2.14.0+cu130,0c39bb9363fb,2026-10-01T00:54:20
ETTh2,720,NLinear,MSE,3981.07,"Σr² + λ·Σ_h w_hᵀPen w_h (tổng, không phạt bias)",,,0.7873599417926584,0.6036651734211748,0.5466900784951809,0.25613547737132214,0.3924527157820593,0.4340336057981132,0,True,0.028306899999734014,closed_form,,,,16,float64,NVIDIA GeForce RTX 5060 Ti,2.14.0+cu130,0c39bb9363fb,2026-10-01T00:54:21
ETTh2,720,NLinear,MSE,6309.57,"Σr² + λ·Σ_h w_hᵀPen w_h (tổng, không phạt bias)",,,0.7886499384309809,0.6039351095331281,0.5468974284461885,0.2562450998478741,0.392660676219457,0.4341169151575183,0,True,0.039829900008044206,closed_form,,,,16,float64,NVIDIA GeForce RTX 5060 Ti,2.14.0+cu130,0c39bb9363fb,2026-10-01T00:54:22
ETTh2,720,NLinear,MSE,10000.0,"Σr² + λ·Σ_h w_hᵀPen w_h (tổng, không phạt bias)",,,0.7902950508143349,0.6044183061708899,0.5472468609819484,0.25644005047037916,0.39308256516999773,0.4343327414084271,0,True,0.03346849999797996,closed_form,,,,16,float64,NVIDIA GeForce RTX 5060 Ti,2.14.0+cu130,0c39bb9363fb,2026-10-01T00:54:23
ETTh2,720,NLinear,MSE,15848.9,"Σr² + λ·Σ_h w_hᵀPen w_h (tổng, không phạt bias)",,,0.7923451498916285,0.6051554676994492,0.5477680453887325,0.2567387911649423,0.3937781711917657,0.43472239633515836,0,True,0.05018139998719562,closed_form,,,,16,float64,NVIDIA GeForce RTX 5060 Ti,2.14.0+cu130,0c39bb9363fb,2026-10-01T00:54:23
ETTh2,720,NLinear,MSE,25118.9,"Σr² + λ·Σ_h w_hᵀPen w_h (tổng, không phạt bias)",,,0.7948596795375176,0.6061645409339905,0.5484816593648857,0.25715262132648126,0.3947933240778344,0.43532125937921445,0,True,0.03051370001048781,closed_form,,,,16,float64,NVIDIA GeForce RTX 5060 Ti,2.14.0+cu130,0c39bb9363fb,2026-10-01T00:54:24
ETTh2,720,NLinear,MSE,39810.7,"Σr² + λ·Σ_h w_hᵀPen w_h (tổng, không phạt bias)",,,0.7979256010015383,0.6074469089125762,0.5494037986251827,0.2576883406552183,0.39616071726451496,0.436160653856308,0,True,0.03461079999397043,closed_form,,,,16,float64,NVIDIA GeForce RTX 5060 Ti,2.14.0+cu130,0c39bb9363fb,2026-10-01T00:54:25
ETTh2,720,NLinear,MSE,63095.7,"Σr² + λ·Σ_h w_hᵀPen w_h (tổng, không phạt bias)",,,0.8016711012767415,0.6090211541207656,0.5505652014526746,0.25836160329390195,0.3979257985979535,0.4372834908459735,0,True,0.04305060001206584,closed_form,,,,16,float64,NVIDIA GeForce RTX 5060 Ti,2.14.0+cu130,0c39bb9363fb,2026-10-01T00:54:26
ETTh2,720,NLinear,MSE,100000.0,"Σr² + λ·Σ_h w_hᵀPen w_h (tổng, không phạt bias)",,,0.8062601257620478,0.610962276950867,0.5520355060908559,0.25921198247237975,0.40018697121559876,0.4387680734207859,0,True,0.04120800000964664,closed_form,,,,16,float64,NVIDIA GeForce RTX 5060 Ti,2.14.0+cu130,0c39bb9363fb,2026-10-01T00:54:27
